-- MySQL dump 10.13  Distrib 8.0.30, for Linux (x86_64)
--
-- Host: localhost    Database: eventusgest
-- ------------------------------------------------------
-- Server version	8.0.30-0ubuntu0.20.04.2

/*!40101 SET @OLD_CHARACTER_SET_CLIENT=@@CHARACTER_SET_CLIENT */;
/*!40101 SET @OLD_CHARACTER_SET_RESULTS=@@CHARACTER_SET_RESULTS */;
/*!40101 SET @OLD_COLLATION_CONNECTION=@@COLLATION_CONNECTION */;
/*!50503 SET NAMES utf8mb4 */;
/*!40103 SET @OLD_TIME_ZONE=@@TIME_ZONE */;
/*!40103 SET TIME_ZONE='+00:00' */;
/*!40014 SET @OLD_UNIQUE_CHECKS=@@UNIQUE_CHECKS, UNIQUE_CHECKS=0 */;
/*!40014 SET @OLD_FOREIGN_KEY_CHECKS=@@FOREIGN_KEY_CHECKS, FOREIGN_KEY_CHECKS=0 */;
/*!40101 SET @OLD_SQL_MODE=@@SQL_MODE, SQL_MODE='NO_AUTO_VALUE_ON_ZERO' */;
/*!40111 SET @OLD_SQL_NOTES=@@SQL_NOTES, SQL_NOTES=0 */;

--
-- Table structure for table `accesspoints`
--

DROP TABLE IF EXISTS `accesspoints`;
/*!40101 SET @saved_cs_client     = @@character_set_client */;
/*!50503 SET character_set_client = utf8mb4 */;
CREATE TABLE `accesspoints` (
  `id` int NOT NULL AUTO_INCREMENT,
  `name` varchar(255) NOT NULL,
  `createdAt` timestamp NOT NULL DEFAULT CURRENT_TIMESTAMP,
  `updatedAt` timestamp NOT NULL DEFAULT CURRENT_TIMESTAMP,
  `deletedAt` timestamp NULL DEFAULT NULL,
  PRIMARY KEY (`id`)
) ENGINE=InnoDB AUTO_INCREMENT=14 DEFAULT CHARSET=latin1;
/*!40101 SET character_set_client = @saved_cs_client */;

--
-- Dumping data for table `accesspoints`
--

LOCK TABLES `accesspoints` WRITE;
/*!40000 ALTER TABLE `accesspoints` DISABLE KEYS */;
INSERT INTO `accesspoints` VALUES (1,'Ponto de Acesso 1','2021-01-11 19:00:47','2021-01-11 19:00:47',NULL),(2,'Ponto de Acesso 1','2021-01-11 19:02:39','2021-01-11 19:02:39',NULL),(3,'Porta Norte','2022-03-08 22:33:26','2022-03-08 22:33:26',NULL),(4,'Entrada Norte','2022-08-01 19:23:53','2022-08-01 19:23:53','2022-08-01 18:25:06'),(5,'Porta Sul','2022-08-01 19:24:08','2022-08-01 19:24:08',NULL),(6,'Portão viaturas','2022-08-01 19:24:59','2022-08-01 19:24:59',NULL),(7,'Entrada backstage','2022-08-01 19:25:46','2022-08-01 19:25:46',NULL),(8,'Passagem backstage','2022-08-01 19:26:30','2022-08-01 19:26:30',NULL),(9,'Porta poente','2022-08-05 03:23:11','2022-08-05 03:23:11',NULL),(10,'Porta nascente','2022-08-12 02:12:04','2022-08-12 02:12:04',NULL),(11,'Portão recinto poente','2022-08-12 02:13:05','2022-08-12 02:13:05',NULL),(12,'Portão backstage','2022-08-12 02:13:22','2022-08-12 02:13:22',NULL),(13,'Porta backstage','2022-08-12 02:13:44','2022-08-12 02:13:44',NULL);
/*!40000 ALTER TABLE `accesspoints` ENABLE KEYS */;
UNLOCK TABLES;

--
-- Table structure for table `areas`
--

DROP TABLE IF EXISTS `areas`;
/*!40101 SET @saved_cs_client     = @@character_set_client */;
/*!50503 SET character_set_client = utf8mb4 */;
CREATE TABLE `areas` (
  `id` int NOT NULL AUTO_INCREMENT,
  `name` varchar(255) NOT NULL,
  `idEvent` int NOT NULL,
  `resetTime` time DEFAULT NULL,
  `createdAt` timestamp NOT NULL DEFAULT CURRENT_TIMESTAMP,
  `updatedAt` timestamp NOT NULL DEFAULT CURRENT_TIMESTAMP,
  `deletedAt` timestamp NULL DEFAULT NULL,
  PRIMARY KEY (`id`),
  KEY `fkIdx_158` (`idEvent`),
  CONSTRAINT `FK_158` FOREIGN KEY (`idEvent`) REFERENCES `events` (`id`)
) ENGINE=InnoDB AUTO_INCREMENT=11 DEFAULT CHARSET=latin1;
/*!40101 SET character_set_client = @saved_cs_client */;

--
-- Dumping data for table `areas`
--

LOCK TABLES `areas` WRITE;
/*!40000 ALTER TABLE `areas` DISABLE KEYS */;
INSERT INTO `areas` VALUES (1,'Rua',1,NULL,'2021-01-11 19:00:47','2021-01-11 19:00:47',NULL),(2,'Recinto',1,NULL,'2021-01-11 19:00:47','2021-01-11 19:00:47',NULL),(3,'Rua',2,NULL,'2021-01-11 19:02:39','2021-01-11 19:02:39',NULL),(4,'Recinto',2,NULL,'2021-01-11 19:02:39','2021-01-11 19:02:39',NULL),(5,'Rua',3,NULL,'2022-03-08 22:33:26','2022-03-08 22:33:26',NULL),(6,'Recinto',3,NULL,'2022-03-08 22:33:26','2022-03-08 22:33:26',NULL),(7,'Backstage',3,NULL,'2022-08-01 19:23:32','2022-08-01 19:23:32',NULL),(8,'Rua',4,NULL,'2022-08-05 03:23:11','2022-08-05 03:23:11',NULL),(9,'Recinto',4,NULL,'2022-08-05 03:23:11','2022-08-05 03:23:11',NULL),(10,'Backstage',4,NULL,'2022-08-05 03:24:15','2022-08-05 03:24:15',NULL);
/*!40000 ALTER TABLE `areas` ENABLE KEYS */;
UNLOCK TABLES;

--
-- Table structure for table `areasaccesspoints`
--

DROP TABLE IF EXISTS `areasaccesspoints`;
/*!40101 SET @saved_cs_client     = @@character_set_client */;
/*!50503 SET character_set_client = utf8mb4 */;
CREATE TABLE `areasaccesspoints` (
  `idArea` int NOT NULL,
  `idAccessPoint` int NOT NULL,
  PRIMARY KEY (`idArea`,`idAccessPoint`),
  KEY `fk_idArea_Area_PontoAcesso` (`idArea`),
  KEY `fk_idPontoAcesso_Area_PontoAcesso` (`idAccessPoint`),
  CONSTRAINT `fk_idArea_Area_PontoAcesso` FOREIGN KEY (`idArea`) REFERENCES `areas` (`id`),
  CONSTRAINT `fk_idPontoAcesso_Area_PontoAcesso` FOREIGN KEY (`idAccessPoint`) REFERENCES `accesspoints` (`id`)
) ENGINE=InnoDB DEFAULT CHARSET=latin1;
/*!40101 SET character_set_client = @saved_cs_client */;

--
-- Dumping data for table `areasaccesspoints`
--

LOCK TABLES `areasaccesspoints` WRITE;
/*!40000 ALTER TABLE `areasaccesspoints` DISABLE KEYS */;
INSERT INTO `areasaccesspoints` VALUES (1,1),(2,1),(3,2),(4,2),(5,3),(5,4),(5,5),(5,6),(5,7),(6,3),(6,4),(6,5),(6,6),(6,8),(7,7),(7,8),(8,9),(8,10),(8,11),(8,12),(9,9),(9,10),(9,11),(9,13),(10,12),(10,13);
/*!40000 ALTER TABLE `areasaccesspoints` ENABLE KEYS */;
UNLOCK TABLES;

--
-- Table structure for table `auth_assignment`
--

DROP TABLE IF EXISTS `auth_assignment`;
/*!40101 SET @saved_cs_client     = @@character_set_client */;
/*!50503 SET character_set_client = utf8mb4 */;
CREATE TABLE `auth_assignment` (
  `item_name` varchar(64) CHARACTER SET utf8mb3 COLLATE utf8mb3_unicode_ci NOT NULL,
  `user_id` varchar(64) CHARACTER SET utf8mb3 COLLATE utf8mb3_unicode_ci NOT NULL,
  `created_at` int DEFAULT NULL,
  PRIMARY KEY (`item_name`,`user_id`),
  KEY `idx-auth_assignment-user_id` (`user_id`),
  CONSTRAINT `auth_assignment_ibfk_1` FOREIGN KEY (`item_name`) REFERENCES `auth_item` (`name`) ON DELETE CASCADE ON UPDATE CASCADE
) ENGINE=InnoDB DEFAULT CHARSET=utf8mb3 COLLATE=utf8mb3_unicode_ci;
/*!40101 SET character_set_client = @saved_cs_client */;

--
-- Dumping data for table `auth_assignment`
--

LOCK TABLES `auth_assignment` WRITE;
/*!40000 ALTER TABLE `auth_assignment` DISABLE KEYS */;
INSERT INTO `auth_assignment` VALUES ('admin','1',1662397741),('admin','10',1660775752),('admin','2',1660268620),('admin','4',1660269966),('admin','6',1660269980),('admin','9',1660271113),('porteiro','11',1660776482),('porteiro','12',1662495132),('porteiro','13',1662639818),('porteiro','14',1662651595),('porteiro','15',1662651627),('porteiro','3',1659481393),('porteiro','5',1660265092),('porteiro','7',1660269531),('porteiro','8',1660269631);
/*!40000 ALTER TABLE `auth_assignment` ENABLE KEYS */;
UNLOCK TABLES;

--
-- Table structure for table `auth_item`
--

DROP TABLE IF EXISTS `auth_item`;
/*!40101 SET @saved_cs_client     = @@character_set_client */;
/*!50503 SET character_set_client = utf8mb4 */;
CREATE TABLE `auth_item` (
  `name` varchar(64) CHARACTER SET utf8mb3 COLLATE utf8mb3_unicode_ci NOT NULL,
  `type` smallint NOT NULL,
  `description` text CHARACTER SET utf8mb3 COLLATE utf8mb3_unicode_ci,
  `rule_name` varchar(64) CHARACTER SET utf8mb3 COLLATE utf8mb3_unicode_ci DEFAULT NULL,
  `data` blob,
  `created_at` int DEFAULT NULL,
  `updated_at` int DEFAULT NULL,
  PRIMARY KEY (`name`),
  KEY `rule_name` (`rule_name`),
  KEY `idx-auth_item-type` (`type`),
  CONSTRAINT `auth_item_ibfk_1` FOREIGN KEY (`rule_name`) REFERENCES `auth_rule` (`name`) ON DELETE SET NULL ON UPDATE CASCADE
) ENGINE=InnoDB DEFAULT CHARSET=utf8mb3 COLLATE=utf8mb3_unicode_ci;
/*!40101 SET character_set_client = @saved_cs_client */;

--
-- Dumping data for table `auth_item`
--

LOCK TABLES `auth_item` WRITE;
/*!40000 ALTER TABLE `auth_item` DISABLE KEYS */;
INSERT INTO `auth_item` VALUES ('admin',1,NULL,NULL,NULL,1610391238,1610391238),('blockCredential',2,'Block or unblock a credential a credential',NULL,NULL,1610391238,1610391238),('createAccessPoint',2,'create a Access Point for a event',NULL,NULL,1610391238,1610391238),('createArea',2,'Create a area for a event',NULL,NULL,1610391238,1610391238),('createCarrier',2,'Create a carrier',NULL,NULL,1610391238,1610391238),('createCarrierType',2,'create a carrier type',NULL,NULL,1610391238,1610391238),('createCredential',2,'create a credential',NULL,NULL,1610391238,1610391238),('createEntity',2,'create a entity',NULL,NULL,1610391238,1610391238),('createEntityType',2,'create a entity type',NULL,NULL,1610391238,1610391238),('createEvent',2,'create a event',NULL,NULL,1610391238,1610391238),('createImpossibleMovement',2,'Create an impossible movement',NULL,NULL,1610391238,1610391238),('createMovement',2,'Create a movement for a credential',NULL,NULL,1610391238,1610391238),('createUsers',2,'create a user',NULL,NULL,1610391238,1610391238),('deleteAccessPoint',2,'delete a Access Point for a event',NULL,NULL,1610391238,1610391238),('deleteArea',2,'delete a area for a event',NULL,NULL,1610391238,1610391238),('deleteCarrier',2,'Delete a carrier',NULL,NULL,1610391238,1610391238),('deleteCarrierType',2,'delete a carrier type',NULL,NULL,1610391238,1610391238),('deleteCredential',2,'delete a credential',NULL,NULL,1610391238,1610391238),('deleteEntity',2,'delete a entity',NULL,NULL,1610391238,1610391238),('deleteEntityType',2,'delete a entity type',NULL,NULL,1610391238,1610391238),('deleteEvent',2,'delete a event',NULL,NULL,1610391238,1610391238),('deleteMovement',2,'delete a movement for a credential',NULL,NULL,1610391238,1610391238),('deleteUsers',2,'delete a user',NULL,NULL,1610391238,1610391238),('flagCredential',2,'Flag a credential',NULL,NULL,1610391238,1610391238),('massMove',2,'Move every credential to default area',NULL,NULL,1659126311,1659126311),('porteiro',1,NULL,NULL,NULL,1610391238,1610391238),('sendEmails',2,'Send emails with credentials to entities',NULL,NULL,1660268757,1660268757),('updateAccessPoint',2,'update a Access Point for a event',NULL,NULL,1610391238,1610391238),('updateArea',2,'update a area for a event',NULL,NULL,1610391238,1610391238),('updateCarrier',2,'update a carrier',NULL,NULL,1610391238,1610391238),('updateCarrierType',2,'update a carrier type',NULL,NULL,1610391238,1610391238),('updateCredential',2,'update a credential',NULL,NULL,1610391238,1610391238),('updateEntity',2,'update a entity',NULL,NULL,1610391238,1610391238),('updateEntityType',2,'update a entity type',NULL,NULL,1610391238,1610391238),('updateEvent',2,'update a event',NULL,NULL,1610391238,1610391238),('updateMovement',2,'update a movement for a credential',NULL,NULL,1610391238,1610391238),('updateUsers',2,'update a user',NULL,NULL,1610391238,1610391238),('viewAccessPoint',2,'view a Access Point for a event',NULL,NULL,1610391238,1610391238),('viewArea',2,'view a area for a event',NULL,NULL,1610391238,1610391238),('viewCarrier',2,'view a carrier',NULL,NULL,1610391238,1610391238),('viewCarrierType',2,'view a carrier type',NULL,NULL,1610391238,1610391238),('viewCredential',2,'view a credential',NULL,NULL,1610391238,1610391238),('viewEntity',2,'view a entity',NULL,NULL,1610391238,1610391238),('viewEntityType',2,'view a entity type',NULL,NULL,1610391238,1610391238),('viewEvent',2,'view a event',NULL,NULL,1610391238,1610391238),('viewMovement',2,'view a movement for a credential',NULL,NULL,1610391238,1610391238),('viewUsers',2,'view a user',NULL,NULL,1610391238,1610391238);
/*!40000 ALTER TABLE `auth_item` ENABLE KEYS */;
UNLOCK TABLES;

--
-- Table structure for table `auth_item_child`
--

DROP TABLE IF EXISTS `auth_item_child`;
/*!40101 SET @saved_cs_client     = @@character_set_client */;
/*!50503 SET character_set_client = utf8mb4 */;
CREATE TABLE `auth_item_child` (
  `parent` varchar(64) CHARACTER SET utf8mb3 COLLATE utf8mb3_unicode_ci NOT NULL,
  `child` varchar(64) CHARACTER SET utf8mb3 COLLATE utf8mb3_unicode_ci NOT NULL,
  PRIMARY KEY (`parent`,`child`),
  KEY `child` (`child`),
  CONSTRAINT `auth_item_child_ibfk_1` FOREIGN KEY (`parent`) REFERENCES `auth_item` (`name`) ON DELETE CASCADE ON UPDATE CASCADE,
  CONSTRAINT `auth_item_child_ibfk_2` FOREIGN KEY (`child`) REFERENCES `auth_item` (`name`) ON DELETE CASCADE ON UPDATE CASCADE
) ENGINE=InnoDB DEFAULT CHARSET=utf8mb3 COLLATE=utf8mb3_unicode_ci;
/*!40101 SET character_set_client = @saved_cs_client */;

--
-- Dumping data for table `auth_item_child`
--

LOCK TABLES `auth_item_child` WRITE;
/*!40000 ALTER TABLE `auth_item_child` DISABLE KEYS */;
INSERT INTO `auth_item_child` VALUES ('admin','blockCredential'),('admin','createAccessPoint'),('admin','createArea'),('admin','createCarrier'),('admin','createCarrierType'),('admin','createCredential'),('admin','createEntity'),('admin','createEntityType'),('admin','createEvent'),('admin','createImpossibleMovement'),('porteiro','createMovement'),('admin','createUsers'),('admin','deleteAccessPoint'),('admin','deleteArea'),('admin','deleteCarrier'),('admin','deleteCarrierType'),('admin','deleteCredential'),('admin','deleteEntity'),('admin','deleteEntityType'),('admin','deleteEvent'),('porteiro','deleteMovement'),('admin','deleteUsers'),('porteiro','flagCredential'),('admin','massMove'),('admin','porteiro'),('admin','sendEmails'),('admin','updateAccessPoint'),('admin','updateArea'),('admin','updateCarrier'),('admin','updateCarrierType'),('admin','updateCredential'),('admin','updateEntity'),('admin','updateEntityType'),('admin','updateEvent'),('porteiro','updateMovement'),('admin','updateUsers'),('admin','viewAccessPoint'),('admin','viewArea'),('porteiro','viewCarrier'),('admin','viewCarrierType'),('porteiro','viewCredential'),('admin','viewEntity'),('admin','viewEntityType'),('admin','viewEvent'),('porteiro','viewMovement'),('admin','viewUsers');
/*!40000 ALTER TABLE `auth_item_child` ENABLE KEYS */;
UNLOCK TABLES;

--
-- Table structure for table `auth_rule`
--

DROP TABLE IF EXISTS `auth_rule`;
/*!40101 SET @saved_cs_client     = @@character_set_client */;
/*!50503 SET character_set_client = utf8mb4 */;
CREATE TABLE `auth_rule` (
  `name` varchar(64) CHARACTER SET utf8mb3 COLLATE utf8mb3_unicode_ci NOT NULL,
  `data` blob,
  `created_at` int DEFAULT NULL,
  `updated_at` int DEFAULT NULL,
  PRIMARY KEY (`name`)
) ENGINE=InnoDB DEFAULT CHARSET=utf8mb3 COLLATE=utf8mb3_unicode_ci;
/*!40101 SET character_set_client = @saved_cs_client */;

--
-- Dumping data for table `auth_rule`
--

LOCK TABLES `auth_rule` WRITE;
/*!40000 ALTER TABLE `auth_rule` DISABLE KEYS */;
/*!40000 ALTER TABLE `auth_rule` ENABLE KEYS */;
UNLOCK TABLES;

--
-- Table structure for table `carriers`
--

DROP TABLE IF EXISTS `carriers`;
/*!40101 SET @saved_cs_client     = @@character_set_client */;
/*!50503 SET character_set_client = utf8mb4 */;
CREATE TABLE `carriers` (
  `id` int NOT NULL AUTO_INCREMENT,
  `name` varchar(255) NOT NULL,
  `info` varchar(255) DEFAULT NULL,
  `photo` varchar(255) DEFAULT NULL,
  `idCredential` int NOT NULL,
  `idCarrierType` int NOT NULL,
  `createdAt` timestamp NOT NULL DEFAULT CURRENT_TIMESTAMP,
  `updatedAt` timestamp NOT NULL DEFAULT CURRENT_TIMESTAMP,
  `deletedAt` timestamp NULL DEFAULT NULL,
  PRIMARY KEY (`id`),
  KEY `fk_idCredencial_Carregador` (`idCredential`),
  KEY `fk_idTipoCarregador_Carregador` (`idCarrierType`),
  CONSTRAINT `fk_idCredencial_Carregador` FOREIGN KEY (`idCredential`) REFERENCES `credentials` (`id`),
  CONSTRAINT `fk_idTipoCarregador_Carregador` FOREIGN KEY (`idCarrierType`) REFERENCES `carrierstypes` (`id`)
) ENGINE=InnoDB AUTO_INCREMENT=54 DEFAULT CHARSET=latin1;
/*!40101 SET character_set_client = @saved_cs_client */;

--
-- Dumping data for table `carriers`
--

LOCK TABLES `carriers` WRITE;
/*!40000 ALTER TABLE `carriers` DISABLE KEYS */;
INSERT INTO `carriers` VALUES (1,'Teste','Gamer','TMjsn_Vk.png',1,1,'2022-03-19 23:13:50','2022-03-19 23:13:50',NULL),(2,'Yaou','','sRrDDo6V.png',3,1,'2022-03-19 23:14:32','2022-03-19 23:14:32',NULL),(3,'Renault Clio','',NULL,5,2,'2022-08-03 23:32:44','2022-08-03 23:32:44',NULL),(4,'Diogo Piçarra','','AC6_fps4.png',8,1,'2022-08-03 23:52:16','2022-08-03 23:52:16',NULL),(5,'Gonçalo Gaspar','O primo do Mário Rui','z8nTd2Ur.jpg',61,1,'2022-08-04 22:39:59','2022-08-04 22:39:59',NULL),(6,'Gonçalo Gaspar','','xZf-Qfy2.jpg',62,3,'2022-08-12 03:35:25','2022-08-12 03:35:25',NULL),(7,'Paulo Maçãs','','UvvdcUdB.jpg',63,3,'2022-08-12 03:37:12','2022-08-12 03:37:12',NULL),(8,'Carlota','',NULL,64,4,'2022-08-12 03:39:13','2022-09-05 13:19:52',NULL),(9,'kmmij','',NULL,60,2,'2022-08-19 11:31:13','2022-08-19 11:31:13',NULL),(10,'carro','',NULL,65,4,'2022-08-19 11:46:56','2022-08-19 11:46:56','2022-08-19 12:31:24'),(11,'Carro 5','',NULL,184,4,'2022-08-30 13:09:23','2022-08-30 13:09:23',NULL),(12,'Carro 4','',NULL,183,4,'2022-08-30 13:09:34','2022-08-30 13:09:34',NULL),(13,'Carro 3','',NULL,182,4,'2022-08-30 13:09:47','2022-08-30 13:09:47',NULL),(14,'Carro 2','',NULL,181,4,'2022-08-30 13:09:59','2022-08-30 13:09:59',NULL),(15,'Carro 1','',NULL,180,4,'2022-08-30 13:10:10','2022-08-30 13:10:10',NULL),(16,'Carro Tremoceira','',NULL,275,4,'2022-08-30 21:31:34','2022-08-30 21:31:34',NULL),(17,'Viatura Museu','',NULL,546,4,'2022-08-30 21:17:02','2022-08-30 21:17:02',NULL),(18,'Viatura Defensores','',NULL,571,4,'2022-08-30 21:17:27','2022-08-30 21:17:27',NULL),(19,'Viatura TB','',NULL,596,4,'2022-08-30 21:17:42','2022-08-30 21:17:42',NULL),(20,'Viatura Motor Clube','',NULL,626,4,'2022-08-30 21:17:53','2022-08-30 21:17:53',NULL),(21,'Viatura CCP','',NULL,660,4,'2022-08-30 21:18:07','2022-08-30 21:18:07',NULL),(22,'Viatura Magníficos','',NULL,691,4,'2022-08-30 21:18:24','2022-08-30 21:18:24',NULL),(23,'Viatura Filarmónica','',NULL,722,4,'2022-08-30 21:18:44','2022-08-30 21:18:44',NULL),(24,'Viatura Asso. Sismaria','',NULL,753,4,'2022-08-30 21:19:04','2022-08-30 21:19:04',NULL),(25,'Viatura Ritus do Pão','',NULL,877,4,'2022-09-02 17:41:51','2022-09-02 17:41:51',NULL),(26,'Viatura Bel','',NULL,886,4,'2022-09-02 17:01:03','2022-09-02 17:01:03',NULL),(27,'José Morim','',NULL,1024,3,'2022-09-05 12:14:56','2022-09-05 12:14:56',NULL),(28,'Viatura lusiaves','',NULL,1336,4,'2022-09-08 10:30:21','2022-09-08 10:30:21',NULL),(29,'Viatura porco no espeto','',NULL,1340,4,'2022-09-08 11:17:38','2022-09-08 11:17:38',NULL),(30,'Carro prod 1','',NULL,1449,4,'2022-09-08 13:08:20','2022-09-08 13:08:20',NULL),(31,'Carro prod 2','',NULL,1448,4,'2022-09-08 13:08:32','2022-09-08 13:08:32',NULL),(32,'Carro prod 4','',NULL,1447,4,'2022-09-08 13:08:47','2022-09-08 13:08:47',NULL),(33,'Carro prod 3','',NULL,1446,4,'2022-09-08 13:09:25','2022-09-08 13:09:25',NULL),(34,'Viatura Andreia','',NULL,1450,4,'2022-09-08 14:13:40','2022-09-08 14:13:40',NULL),(35,'Carro porco 2','',NULL,1453,4,'2022-09-08 16:23:23','2022-09-08 16:23:23',NULL),(36,'Carro canalizador','',NULL,1466,4,'2022-09-08 17:22:57','2022-09-08 17:22:57',NULL),(37,'Carro junta','',NULL,1473,4,'2022-09-09 13:15:23','2022-09-09 13:15:23',NULL),(38,'Carro junta 2','',NULL,1472,4,'2022-09-09 13:15:35','2022-09-09 13:15:35',NULL),(39,'Carro junta 3','',NULL,1471,4,'2022-09-09 13:15:49','2022-09-09 13:15:49',NULL),(40,'Carro junta 4','',NULL,1470,4,'2022-09-09 13:16:22','2022-09-09 13:16:22',NULL),(41,'Nelson Pedrosa','',NULL,1469,4,'2022-09-09 13:21:29','2022-09-09 13:21:29',NULL),(42,'Carro prod 5','',NULL,1475,4,'2022-09-09 13:25:45','2022-09-09 13:25:45',NULL),(43,'Viatura Alcotester','',NULL,1479,4,'2022-09-09 17:00:37','2022-09-09 17:00:37',NULL),(44,'Carro junta 5','',NULL,1483,4,'2022-09-10 13:19:06','2022-09-10 13:19:06',NULL),(45,'Carro junta 6','',NULL,1484,4,'2022-09-10 13:19:28','2022-09-10 13:19:28',NULL),(46,'Carro junta 7','',NULL,1485,4,'2022-09-10 13:20:09','2022-09-10 13:20:09',NULL),(47,'Carro junta 8','',NULL,1486,4,'2022-09-10 13:20:30','2022-09-10 13:20:30',NULL),(48,'Natalia','',NULL,170,3,'2022-09-10 23:30:48','2022-09-10 23:30:48',NULL),(49,'Céline M. Gaspar','',NULL,1487,3,'2022-09-11 16:25:09','2022-09-11 16:25:09',NULL),(50,'Lesya','',NULL,171,3,'2022-09-11 16:26:45','2022-09-11 16:26:45',NULL),(51,'Rosalina','',NULL,175,3,'2022-09-11 16:29:03','2022-09-11 16:29:03',NULL),(52,'Elizabete','',NULL,172,3,'2022-09-11 17:23:13','2022-09-11 17:23:13',NULL),(53,'Beto','',NULL,176,3,'2022-09-11 18:49:31','2022-09-11 18:49:31',NULL);
/*!40000 ALTER TABLE `carriers` ENABLE KEYS */;
UNLOCK TABLES;

--
-- Table structure for table `carrierstypes`
--

DROP TABLE IF EXISTS `carrierstypes`;
/*!40101 SET @saved_cs_client     = @@character_set_client */;
/*!50503 SET character_set_client = utf8mb4 */;
CREATE TABLE `carrierstypes` (
  `id` int NOT NULL AUTO_INCREMENT,
  `name` varchar(255) NOT NULL,
  `idEvent` int NOT NULL,
  `createdAt` timestamp NOT NULL DEFAULT CURRENT_TIMESTAMP,
  `updatedAt` timestamp NOT NULL DEFAULT CURRENT_TIMESTAMP,
  `deletedAt` timestamp NULL DEFAULT NULL,
  `isCar` tinyint(1) DEFAULT '0',
  PRIMARY KEY (`id`),
  KEY `fkIdx_155` (`idEvent`),
  CONSTRAINT `FK_155` FOREIGN KEY (`idEvent`) REFERENCES `events` (`id`)
) ENGINE=InnoDB AUTO_INCREMENT=5 DEFAULT CHARSET=latin1;
/*!40101 SET character_set_client = @saved_cs_client */;

--
-- Dumping data for table `carrierstypes`
--

LOCK TABLES `carrierstypes` WRITE;
/*!40000 ALTER TABLE `carrierstypes` DISABLE KEYS */;
INSERT INTO `carrierstypes` VALUES (1,'ya',3,'2022-03-08 22:34:17','2022-03-08 22:34:17',NULL,0),(2,'Viatura',3,'2022-08-04 00:32:20','2022-08-04 00:32:20',NULL,1),(3,'Pessoa',4,'2022-08-12 02:34:43','2022-08-12 02:34:43',NULL,0),(4,'Viatura',4,'2022-08-12 02:34:55','2022-08-12 02:34:55',NULL,1);
/*!40000 ALTER TABLE `carrierstypes` ENABLE KEYS */;
UNLOCK TABLES;

--
-- Table structure for table `credentials`
--

DROP TABLE IF EXISTS `credentials`;
/*!40101 SET @saved_cs_client     = @@character_set_client */;
/*!50503 SET character_set_client = utf8mb4 */;
CREATE TABLE `credentials` (
  `id` int NOT NULL AUTO_INCREMENT,
  `ucid` varchar(8) NOT NULL,
  `idEntity` int NOT NULL,
  `idCurrentArea` int DEFAULT NULL,
  `idEvent` int NOT NULL,
  `flagged` int NOT NULL DEFAULT '0',
  `blocked` tinyint(1) NOT NULL DEFAULT '0',
  `createdAt` timestamp NOT NULL DEFAULT CURRENT_TIMESTAMP ON UPDATE CURRENT_TIMESTAMP,
  `updatedAt` timestamp NOT NULL DEFAULT CURRENT_TIMESTAMP,
  `deletedAt` timestamp NULL DEFAULT NULL,
  `allowedStart` datetime DEFAULT NULL,
  `allowedEnd` datetime DEFAULT NULL,
  `printed` tinyint DEFAULT '0',
  PRIMARY KEY (`id`),
  UNIQUE KEY `ucid` (`ucid`),
  KEY `fk_idArea_Credencial` (`idCurrentArea`),
  KEY `fk_idEntidade_Credencial` (`idEntity`),
  KEY `fkIdx_149` (`idEvent`),
  CONSTRAINT `FK_149` FOREIGN KEY (`idEvent`) REFERENCES `events` (`id`),
  CONSTRAINT `fk_idArea_Credencial` FOREIGN KEY (`idCurrentArea`) REFERENCES `areas` (`id`),
  CONSTRAINT `fk_idEntidade_Credencial` FOREIGN KEY (`idEntity`) REFERENCES `entities` (`id`)
) ENGINE=InnoDB AUTO_INCREMENT=1504 DEFAULT CHARSET=latin1;
/*!40101 SET character_set_client = @saved_cs_client */;

--
-- Dumping data for table `credentials`
--

LOCK TABLES `credentials` WRITE;
/*!40000 ALTER TABLE `credentials` DISABLE KEYS */;
INSERT INTO `credentials` VALUES (1,'w-utgbmX',1,6,3,15,1,'2022-09-02 14:47:41','2022-08-19 11:22:46',NULL,NULL,NULL,1),(2,'sQnmlMZs',1,5,3,1,1,'2022-09-02 14:47:42','2022-03-26 15:07:46',NULL,NULL,NULL,1),(3,'o76k6YRS',1,5,3,1,1,'2022-09-02 14:47:42','2022-08-17 22:42:59',NULL,NULL,NULL,1),(4,'6QrWyTn9',1,5,3,0,0,'2022-03-26 16:14:48','2022-03-26 16:06:23','2022-03-26 16:14:48',NULL,NULL,0),(5,'oJ9D49C3',1,6,3,4,0,'2022-09-02 14:47:42','2022-08-17 20:40:10',NULL,NULL,NULL,1),(6,'NemwI_OI',1,6,3,1,1,'2022-09-02 14:47:42','2022-08-17 22:28:33',NULL,NULL,NULL,1),(7,'s7U2P_bO',1,5,3,2,0,'2022-09-02 14:47:42','2022-08-03 23:20:20',NULL,'2022-08-02 22:32:44','2022-08-05 22:32:44',1),(8,'0dnt_ITu',2,5,3,1,0,'2022-09-02 14:47:42','2022-08-19 11:26:48',NULL,NULL,NULL,1),(9,'nMvGuP5v',2,6,3,1,1,'2022-09-02 14:47:42','2022-08-17 20:53:13',NULL,NULL,NULL,1),(10,'3I0Grawr',2,5,3,0,0,'2022-09-02 14:47:42','2022-08-03 23:50:57',NULL,NULL,NULL,1),(11,'8R_w7BUs',2,6,3,0,0,'2022-09-02 14:47:42','2022-08-17 22:38:55',NULL,NULL,NULL,1),(12,'c-Ohl1Dd',2,5,3,0,0,'2022-09-02 14:47:42','2022-08-03 23:50:57',NULL,NULL,NULL,1),(13,'F6KopRmX',1,5,3,0,0,'2022-08-04 02:09:55','2022-08-04 01:06:01','2022-08-04 01:09:55',NULL,NULL,0),(14,'jpHGwejM',1,5,3,0,0,'2022-08-04 02:12:41','2022-08-04 01:10:08','2022-08-04 01:12:41',NULL,NULL,0),(15,'seHL1WjY',1,5,3,0,0,'2022-08-04 02:13:11','2022-08-04 01:12:46','2022-08-04 01:13:11','2022-03-08 22:32:44','2022-09-30 22:32:44',0),(16,'EqwqiIXh',1,5,3,0,0,'2022-08-04 02:14:59','2022-08-04 01:13:16','2022-08-04 01:14:59','2022-03-08 22:32:44','2022-09-30 22:32:44',0),(17,'18mHgLbg',1,5,3,0,0,'2022-09-02 14:47:42','2022-08-04 01:15:08',NULL,'2022-03-08 22:32:44','2022-09-30 22:32:44',1),(18,'CGXUTzA9',1,5,3,0,0,'2022-08-04 02:53:08','2022-08-04 01:19:00','2022-08-04 01:53:08','2022-03-08 22:32:44','2022-09-30 22:32:44',0),(19,'eK2v96Mh',1,5,3,0,0,'2022-08-04 02:53:49','2022-08-04 01:53:23','2022-08-04 01:53:49','2022-03-08 22:32:44','2022-09-30 22:32:44',0),(20,'87Z-exdz',1,5,3,0,0,'2022-08-04 02:54:33','2022-08-04 01:53:56','2022-08-04 01:54:33','2022-03-08 22:32:44','2022-09-30 22:32:44',0),(21,'Wdt5BhFv',1,5,3,0,0,'2022-09-02 14:47:42','2022-08-04 01:54:39',NULL,'2022-03-08 22:32:44','2022-09-30 22:32:44',1),(22,'KLvpjT-W',1,5,3,0,0,'2022-09-02 14:47:42','2022-08-04 01:57:07',NULL,'2022-03-08 22:32:44','2022-09-30 22:32:44',1),(23,'qf7QnM-O',1,5,3,0,0,'2022-09-02 14:47:42','2022-08-04 01:59:22',NULL,'2022-03-08 22:32:44','2022-09-30 22:32:44',1),(24,'gh7VWpVu',1,5,3,0,0,'2022-09-02 14:47:42','2022-08-04 01:59:57',NULL,'2022-03-08 22:32:44','2022-09-30 22:32:44',1),(25,'UXDXRUq8',1,5,3,0,0,'2022-09-02 14:47:42','2022-08-04 02:00:34',NULL,'2022-03-08 22:32:44','2022-09-30 22:32:44',1),(26,'8b1wOlHE',1,5,3,0,0,'2022-09-02 14:47:42','2022-08-04 02:55:58',NULL,'2022-03-08 22:32:44','2022-09-30 22:32:44',1),(27,'dfs0taZ7',1,5,3,0,0,'2022-09-02 14:47:42','2022-08-04 17:54:43',NULL,'2022-03-08 22:32:44','2022-09-30 22:32:44',1),(28,'o4neXtNt',4,5,3,0,0,'2022-09-02 14:47:42','2022-08-04 17:58:44',NULL,'2022-03-08 22:32:44','2022-09-30 22:32:44',1),(29,'Scou5C97',4,5,3,0,0,'2022-09-02 14:47:42','2022-08-04 20:44:40',NULL,'2022-03-08 22:32:44','2022-09-30 22:32:44',1),(30,'WevdkZI8',4,5,3,0,0,'2022-09-02 14:47:42','2022-08-04 20:46:19',NULL,'2022-03-08 22:32:44','2022-09-30 22:32:44',1),(31,'kdN7J0FG',5,5,3,0,0,'2022-09-02 14:47:43','2022-08-04 20:51:16',NULL,'2022-03-08 22:32:44','2022-09-30 22:32:44',1),(32,'_yrGUGZp',2,5,3,0,0,'2022-09-02 14:47:42','2022-08-04 20:52:22',NULL,'2022-03-08 22:32:44','2022-09-30 22:32:44',1),(33,'J9tysvAo',4,5,3,0,0,'2022-09-02 14:47:42','2022-08-04 20:54:56',NULL,'2022-03-08 22:32:44','2022-09-30 22:32:44',1),(34,'I-xNBpLt',1,5,3,0,0,'2022-09-02 14:47:42','2022-08-04 21:02:10',NULL,'2022-03-08 22:32:44','2022-09-30 22:32:44',1),(35,'b6fwMziI',2,5,3,0,0,'2022-09-02 14:47:42','2022-08-04 21:02:39',NULL,'2022-03-08 22:32:44','2022-09-30 22:32:44',1),(36,'q3sGJyKb',1,5,3,0,0,'2022-09-02 14:47:42','2022-08-04 21:04:28',NULL,'2022-03-08 22:32:44','2022-09-30 22:32:44',1),(37,'G3LBKxuC',1,5,3,0,0,'2022-09-02 14:47:42','2022-08-04 21:08:09',NULL,'2022-03-08 22:32:44','2022-09-30 22:32:44',1),(38,'MO9Uxxov',1,5,3,0,0,'2022-09-02 14:47:42','2022-08-04 21:08:40',NULL,'2022-03-08 22:32:44','2022-09-30 22:32:44',1),(39,'EfkOB4cI',2,5,3,0,0,'2022-09-02 14:47:42','2022-08-04 21:10:51',NULL,'2022-03-08 22:32:44','2022-09-30 22:32:44',1),(40,'9MpqwI2t',1,5,3,0,0,'2022-09-02 14:47:42','2022-08-04 21:14:30',NULL,'2022-03-08 22:32:44','2022-09-30 22:32:44',1),(41,'ay2B7hTu',1,5,3,0,0,'2022-09-02 14:47:42','2022-08-04 21:18:42',NULL,'2022-03-08 22:32:44','2022-09-30 22:32:44',1),(42,'gUZLJShD',1,5,3,0,0,'2022-09-02 14:47:42','2022-08-04 21:21:04',NULL,'2022-03-08 22:32:44','2022-09-30 22:32:44',1),(43,'80SGA9i1',1,5,3,0,0,'2022-09-02 14:47:42','2022-08-04 21:26:07',NULL,'2022-03-08 22:32:44','2022-09-30 22:32:44',1),(44,'v4uuYizI',1,5,3,0,0,'2022-09-02 14:47:42','2022-08-04 21:26:35',NULL,'2022-03-08 22:32:44','2022-09-30 22:32:44',1),(45,'bepRDsrm',1,5,3,0,0,'2022-09-02 14:47:42','2022-08-04 21:29:31',NULL,'2022-03-08 22:32:44','2022-09-30 22:32:44',1),(46,'lScoX-uB',2,5,3,0,0,'2022-09-02 14:47:42','2022-08-04 21:42:59',NULL,'2022-03-08 22:32:44','2022-09-30 22:32:44',1),(47,'dk8KdcfF',1,5,3,0,0,'2022-09-02 14:47:42','2022-08-04 21:43:41',NULL,'2022-03-08 22:32:44','2022-09-30 22:32:44',1),(48,'Y2GAFX_y',2,5,3,0,0,'2022-09-02 14:47:42','2022-08-04 21:43:59',NULL,'2022-03-08 22:32:44','2022-09-30 22:32:44',1),(49,'T2zf4JrU',4,5,3,0,0,'2022-09-02 14:47:43','2022-08-04 21:44:09',NULL,'2022-03-08 22:32:44','2022-09-30 22:32:44',1),(50,'JUxnzTiY',4,5,3,0,0,'2022-09-02 14:47:43','2022-08-04 21:46:20',NULL,'2022-03-08 22:32:44','2022-09-30 22:32:44',1),(51,'I0jUigo4',6,5,3,0,0,'2022-09-02 14:47:42','2022-08-04 21:48:14',NULL,'2022-03-08 22:32:44','2022-09-30 22:32:44',1),(52,'pfrk1pOj',6,5,3,0,0,'2022-09-02 14:47:42','2022-08-04 21:53:55',NULL,'2022-03-08 22:32:44','2022-09-30 22:32:44',1),(53,'1Xfhlsor',6,5,3,0,0,'2022-09-02 14:47:42','2022-08-04 21:56:01',NULL,'2022-03-08 22:32:44','2022-09-30 22:32:44',1),(54,'8ejw9XeN',7,5,3,0,0,'2022-09-02 14:47:43','2022-08-04 21:59:55',NULL,'2022-03-08 22:32:44','2022-09-30 22:32:44',1),(55,'iCu-aPEE',7,5,3,0,0,'2022-09-02 14:47:43','2022-08-04 22:05:33',NULL,'2022-03-08 22:32:44','2022-09-30 22:32:44',1),(56,'2fvsyNH5',7,5,3,0,0,'2022-09-02 14:47:43','2022-08-04 22:08:01',NULL,'2022-03-08 22:32:44','2022-09-30 22:32:44',1),(57,'AlgTFoOC',7,5,3,0,0,'2022-09-02 14:47:43','2022-08-04 22:09:47',NULL,'2022-03-08 22:32:44','2022-09-30 22:32:44',1),(58,'smsYYU6s',7,5,3,0,0,'2022-09-02 14:47:43','2022-08-04 22:10:05',NULL,'2022-03-08 22:32:44','2022-09-30 22:32:44',1),(59,'bbW62EmJ',7,5,3,0,0,'2022-09-02 14:47:43','2022-08-04 22:10:57',NULL,'2022-03-08 22:32:44','2022-09-30 22:32:44',1),(60,'WhbCgo0b',7,5,3,0,0,'2022-09-02 14:47:43','2022-08-19 11:31:44',NULL,'2022-03-08 22:32:44','2022-09-30 22:32:44',1),(61,'bhz4U_sA',8,5,3,0,0,'2022-09-02 14:47:43','2022-08-19 14:16:45',NULL,'2022-03-08 22:32:44','2022-09-30 22:32:44',1),(62,'J4Hnj4ZQ',9,9,4,0,0,'2022-09-11 12:26:55','2022-09-02 19:45:14',NULL,'2022-09-08 00:00:00','2022-09-13 08:00:00',1),(63,'RrNRJNbW',9,8,4,0,0,'2022-09-10 03:53:43','2022-09-02 19:45:14',NULL,'2022-09-08 00:00:00','2022-09-13 08:00:00',1),(64,'t4f_mVqU',9,9,4,0,0,'2022-09-11 12:27:04','2022-09-02 19:45:14',NULL,'2022-09-08 00:00:00','2022-09-13 08:00:00',1),(65,'CjxBs76E',9,8,4,0,0,'2022-09-02 18:45:15','2022-09-02 19:45:15','2022-08-19 12:31:24','2022-09-08 00:00:00','2022-09-13 08:00:00',1),(66,'Hm8hjs2d',10,8,4,0,0,'2022-09-09 13:23:40','2022-09-09 14:23:40','2022-08-30 13:53:53',NULL,NULL,1),(67,'xFzmfMp1',8,5,3,0,0,'2022-09-02 14:47:43','2022-08-19 12:05:05',NULL,NULL,NULL,1),(68,'sKJYryWQ',8,5,3,0,0,'2022-09-02 14:47:43','2022-08-19 12:05:06',NULL,NULL,NULL,1),(69,'wU39oJFa',2,5,3,0,0,'2022-09-02 14:47:42','2022-08-30 13:55:24',NULL,'2022-03-08 22:32:44','2022-09-30 22:32:44',1),(70,'qxsYDIOf',11,9,4,0,0,'2022-09-12 21:19:00','2022-08-30 13:03:56',NULL,NULL,NULL,1),(71,'Xnqn_B0W',11,8,4,0,0,'2022-09-12 22:22:12','2022-08-30 13:03:56',NULL,NULL,NULL,1),(72,'1qijfsG8',11,9,4,0,0,'2022-09-12 16:46:06','2022-08-30 13:03:56',NULL,NULL,NULL,1),(73,'HBcB2uF9',11,8,4,0,0,'2022-09-11 22:15:06','2022-08-30 13:03:57',NULL,NULL,NULL,1),(74,'-nUGA1Qa',11,8,4,0,0,'2022-09-11 21:49:39','2022-08-30 13:03:57',NULL,NULL,NULL,1),(75,'UnE9l0xi',11,9,4,0,0,'2022-09-12 16:45:57','2022-08-30 13:03:58',NULL,NULL,NULL,1),(76,'P1KtkCqx',11,9,4,0,0,'2022-09-12 17:17:42','2022-08-30 13:03:58',NULL,NULL,NULL,1),(77,'ITRm0R9R',11,9,4,0,0,'2022-09-12 18:54:33','2022-08-30 13:03:58',NULL,NULL,NULL,1),(78,'74coxmNW',11,8,4,0,0,'2022-09-12 00:27:49','2022-08-30 13:03:58',NULL,NULL,NULL,1),(79,'LM9uNHci',11,9,4,0,0,'2022-09-12 22:21:34','2022-08-30 13:03:59',NULL,NULL,NULL,1),(80,'MOudUbbr',11,9,4,0,0,'2022-09-12 18:09:54','2022-08-30 13:03:59',NULL,NULL,NULL,1),(81,'CIwIleWF',11,9,4,0,0,'2022-09-12 21:21:05','2022-08-30 13:03:59',NULL,NULL,NULL,1),(82,'-NrkVp-d',11,9,4,0,0,'2022-09-11 01:05:57','2022-08-30 13:04:00',NULL,NULL,NULL,1),(83,'eQflqKjI',11,9,4,0,0,'2022-09-10 11:16:34','2022-08-30 13:04:00',NULL,NULL,NULL,1),(84,'a7TxhGk5',11,9,4,0,0,'2022-09-11 21:10:25','2022-08-30 13:04:00',NULL,NULL,NULL,1),(85,'DaxvyzbW',11,8,4,0,0,'2022-09-11 00:39:56','2022-08-30 13:04:01',NULL,NULL,NULL,1),(86,'LLdn1Wt7',11,8,4,0,0,'2022-09-12 20:46:43','2022-08-30 13:04:01',NULL,NULL,NULL,1),(87,'Mybn-qc-',11,9,4,0,0,'2022-09-12 22:19:11','2022-08-30 13:04:02',NULL,NULL,NULL,1),(88,'rZF4zSvZ',11,9,4,0,0,'2022-09-12 17:12:14','2022-08-30 13:04:02',NULL,NULL,NULL,1),(89,'N6kb_d50',11,8,4,0,0,'2022-09-12 00:24:17','2022-08-30 13:04:02',NULL,NULL,NULL,1),(90,'Gw3KF1hj',11,9,4,0,0,'2022-09-12 22:00:58','2022-08-30 13:04:03',NULL,NULL,NULL,1),(91,'-IRNS2nW',11,9,4,0,0,'2022-09-12 20:31:11','2022-08-30 13:04:03',NULL,NULL,NULL,1),(92,'3woF8Qtx',11,9,4,0,0,'2022-09-12 19:44:32','2022-08-30 13:04:03',NULL,NULL,NULL,1),(93,'BDVlQsct',11,8,4,0,0,'2022-09-11 00:30:25','2022-08-30 13:04:04',NULL,NULL,NULL,1),(94,'3r6ikN2m',11,9,4,0,0,'2022-09-12 17:48:22','2022-08-30 13:04:04',NULL,NULL,NULL,1),(95,'4ZI03Qdf',11,9,4,0,1,'2022-09-11 15:42:42','2022-09-11 16:42:42',NULL,NULL,NULL,1),(96,'dk-6QZ1B',11,9,4,0,0,'2022-09-12 17:06:06','2022-08-30 13:04:05',NULL,NULL,NULL,1),(97,'ueG0USSa',11,9,4,0,0,'2022-09-12 16:04:50','2022-08-30 13:04:05',NULL,NULL,NULL,1),(98,'Ujfdrf_w',11,8,4,0,0,'2022-09-11 03:14:53','2022-08-30 13:04:06',NULL,NULL,NULL,1),(99,'fme1_FJQ',11,9,4,0,0,'2022-09-12 17:57:07','2022-08-30 13:04:06',NULL,NULL,NULL,1),(100,'7Thii0lw',11,8,4,0,0,'2022-09-11 02:24:20','2022-08-30 13:04:06',NULL,NULL,NULL,1),(101,'-d91uWfa',11,9,4,0,0,'2022-09-12 16:45:17','2022-08-30 13:04:07',NULL,NULL,NULL,1),(102,'TMCFXk7M',11,9,4,0,0,'2022-09-12 21:34:48','2022-08-30 13:04:07',NULL,NULL,NULL,1),(103,'SjXnRzVY',11,9,4,0,0,'2022-09-11 10:51:08','2022-08-30 13:04:07',NULL,NULL,NULL,1),(104,'AF3HKPlq',11,8,4,0,0,'2022-09-11 22:16:09','2022-08-30 13:04:08',NULL,NULL,NULL,1),(105,'DAs22QoM',11,8,4,0,0,'2022-09-11 23:20:28','2022-08-30 13:04:08',NULL,NULL,NULL,1),(106,'1H1AlP8F',11,9,4,0,0,'2022-09-11 23:21:31','2022-08-30 13:04:08',NULL,NULL,NULL,1),(107,'CpPzMxu1',11,9,4,0,0,'2022-09-12 18:38:27','2022-08-30 13:04:09',NULL,NULL,NULL,1),(108,'HvzQ3qz4',11,9,4,0,0,'2022-09-12 18:21:38','2022-08-30 13:04:09',NULL,NULL,NULL,1),(109,'vw51-E9K',11,8,4,0,0,'2022-09-11 23:22:51','2022-08-30 13:04:09',NULL,NULL,NULL,1),(110,'OlJVeWoR',11,9,4,0,0,'2022-09-12 16:55:06','2022-08-30 13:04:10',NULL,NULL,NULL,1),(111,'YVh7C4UK',11,9,4,0,0,'2022-09-12 18:13:05','2022-08-30 13:04:10',NULL,NULL,NULL,1),(112,'-NhvSYg6',11,9,4,0,0,'2022-09-12 22:15:33','2022-08-30 13:04:10',NULL,NULL,NULL,1),(113,'KbURumJr',11,8,4,0,0,'2022-09-10 23:40:40','2022-08-30 13:04:10',NULL,NULL,NULL,1),(114,'Up57Wkzd',11,9,4,0,0,'2022-09-12 18:50:20','2022-08-30 13:04:11',NULL,NULL,NULL,1),(115,'N21MKLjG',11,8,4,0,0,'2022-09-12 21:37:34','2022-08-30 13:04:11',NULL,NULL,NULL,1),(116,'PNFOF3XO',11,9,4,0,0,'2022-09-12 16:54:48','2022-08-30 13:04:11',NULL,NULL,NULL,1),(117,'HIleOxc1',11,8,4,0,0,'2022-09-12 22:11:40','2022-08-30 13:04:12',NULL,NULL,NULL,1),(118,'9Nmd7csy',11,9,4,0,0,'2022-09-12 22:58:20','2022-08-30 13:04:12',NULL,NULL,NULL,1),(119,'zkmWtXo2',11,9,4,0,0,'2022-09-10 21:29:23','2022-08-30 13:04:12',NULL,NULL,NULL,1),(120,'ELLMMWbU',11,9,4,0,0,'2022-09-12 21:34:55','2022-08-30 13:04:13',NULL,NULL,NULL,1),(121,'Eb_gnQ0Y',11,9,4,0,0,'2022-09-12 19:28:23','2022-08-30 13:04:13',NULL,NULL,NULL,1),(122,'8fpaaFA6',11,8,4,0,0,'2022-09-10 14:23:09','2022-08-30 13:04:13',NULL,NULL,NULL,1),(123,'SagBFHuK',11,9,4,0,0,'2022-09-12 22:17:13','2022-08-30 13:04:14',NULL,NULL,NULL,1),(124,'PHaS_t7K',11,8,4,0,0,'2022-09-10 00:06:37','2022-08-30 13:04:14',NULL,NULL,NULL,1),(125,'LcxFa31C',11,9,4,0,0,'2022-09-12 19:17:29','2022-08-30 13:04:14',NULL,NULL,NULL,1),(126,'dO1fgOGX',11,9,4,0,0,'2022-09-12 19:55:08','2022-08-30 13:04:15',NULL,NULL,NULL,1),(127,'gNuoGcLs',11,9,4,0,0,'2022-09-12 17:47:19','2022-08-30 13:04:15',NULL,NULL,NULL,1),(128,'O2RV7Wk_',11,9,4,0,0,'2022-09-12 17:03:28','2022-08-30 13:04:15',NULL,NULL,NULL,1),(129,'cGBP-lXw',11,8,4,0,0,'2022-09-12 18:33:18','2022-08-30 13:04:15',NULL,NULL,NULL,1),(130,'5AmlquzU',11,9,4,0,0,'2022-09-12 18:00:02','2022-08-30 13:04:16',NULL,NULL,NULL,1),(131,'uDByZovu',11,9,4,0,0,'2022-09-09 00:35:25','2022-08-30 13:04:16',NULL,NULL,NULL,1),(132,'DkHAkHym',11,9,4,0,0,'2022-09-12 18:00:19','2022-08-30 13:04:16',NULL,NULL,NULL,1),(133,'qE45jdAr',11,9,4,0,0,'2022-09-12 22:06:06','2022-08-30 13:04:17',NULL,NULL,NULL,1),(134,'eLWo7kgd',11,8,4,0,0,'2022-09-09 00:03:02','2022-08-30 13:04:17',NULL,NULL,NULL,1),(135,'CTtyWTd5',11,9,4,0,0,'2022-09-12 19:24:32','2022-08-30 13:04:18',NULL,NULL,NULL,1),(136,'B8iOjbfb',11,9,4,0,0,'2022-09-12 19:48:46','2022-08-30 13:04:18',NULL,NULL,NULL,1),(137,'NYmfM3y8',11,9,4,0,0,'2022-09-12 16:54:53','2022-08-30 13:04:18',NULL,NULL,NULL,1),(138,'E4563bXn',11,8,4,0,0,'2022-09-11 23:47:13','2022-08-30 13:04:19',NULL,NULL,NULL,1),(139,'sFX8mWCS',11,9,4,0,0,'2022-09-12 19:02:02','2022-08-30 13:04:19',NULL,NULL,NULL,1),(140,'hs60lpFD',11,8,4,0,0,'2022-09-12 00:12:02','2022-08-30 13:04:19',NULL,NULL,NULL,1),(141,'Z322TKCY',11,9,4,0,1,'2022-09-11 15:24:32','2022-09-11 16:24:32',NULL,NULL,NULL,1),(142,'BYaS6vMb',11,8,4,0,0,'2022-09-12 21:50:08','2022-08-30 13:04:20',NULL,NULL,NULL,1),(143,'NWw9npHd',11,8,4,0,0,'2022-09-02 14:45:16','2022-08-30 13:04:20',NULL,NULL,NULL,1),(144,'YFqnjT2Q',11,8,4,0,0,'2022-09-11 14:35:35','2022-08-30 13:04:20',NULL,NULL,NULL,1),(145,'0qw-w7QJ',11,8,4,0,0,'2022-09-11 22:36:23','2022-08-30 13:04:21',NULL,NULL,NULL,1),(146,'FDd49f5H',11,9,4,0,0,'2022-09-12 16:25:42','2022-08-30 13:04:21',NULL,NULL,NULL,1),(147,'tqE0X7ts',11,9,4,0,0,'2022-09-12 17:47:03','2022-08-30 13:04:21',NULL,NULL,NULL,1),(148,'928oGG44',11,9,4,0,0,'2022-09-09 09:43:17','2022-08-30 13:04:22',NULL,NULL,NULL,1),(149,'ctW2zcpO',11,9,4,0,0,'2022-09-12 15:57:54','2022-08-30 13:04:22',NULL,NULL,NULL,1),(150,'esJ8jlrR',11,9,4,0,0,'2022-09-12 18:21:33','2022-08-30 13:04:22',NULL,NULL,NULL,1),(151,'7CyD6amx',11,9,4,0,0,'2022-09-12 22:19:20','2022-08-30 13:04:22',NULL,NULL,NULL,1),(152,'vyXvsZy9',11,8,4,0,0,'2022-09-10 21:44:20','2022-08-30 13:04:23',NULL,NULL,NULL,1),(153,'-YGjcl6o',11,8,4,0,0,'2022-09-11 21:29:48','2022-08-30 13:04:23',NULL,NULL,NULL,1),(154,'xuFYrbJw',11,9,4,0,0,'2022-09-12 22:04:05','2022-08-30 13:04:23',NULL,NULL,NULL,1),(155,'ImazDQzs',11,9,4,0,0,'2022-09-12 19:02:08','2022-08-30 13:04:24',NULL,NULL,NULL,1),(156,'f0S8px4q',11,8,4,0,0,'2022-09-11 18:04:20','2022-08-30 13:04:24',NULL,NULL,NULL,1),(157,'HEk13zZj',11,8,4,0,0,'2022-09-12 18:34:26','2022-08-30 13:04:24',NULL,NULL,NULL,1),(158,'Fm0b_vYT',11,9,4,0,0,'2022-09-11 13:43:52','2022-08-30 13:04:24',NULL,NULL,NULL,1),(159,'1OeaPizk',11,9,4,2,0,'2022-09-12 22:26:23','2022-09-09 17:22:59',NULL,NULL,NULL,1),(160,'yKxzE1fO',11,8,4,0,0,'2022-09-11 00:19:27','2022-08-30 13:04:25',NULL,NULL,NULL,1),(161,'VpHPnmpK',11,9,4,0,0,'2022-09-11 21:16:31','2022-08-30 13:04:25',NULL,NULL,NULL,1),(162,'yHfhr0pC',11,9,4,0,0,'2022-09-12 17:46:57','2022-08-30 13:04:26',NULL,NULL,NULL,1),(163,'iqUJ5jzC',11,8,4,0,0,'2022-09-12 02:01:55','2022-08-30 13:04:26',NULL,NULL,NULL,1),(164,'KtKNxS-1',11,8,4,0,0,'2022-09-11 16:14:02','2022-08-30 13:04:26',NULL,NULL,NULL,1),(165,'1BlBbCsF',11,8,4,0,0,'2022-09-12 19:27:44','2022-08-30 13:04:27',NULL,NULL,NULL,1),(166,'JWy-gSgq',11,8,4,0,0,'2022-09-08 23:53:44','2022-08-30 13:04:27',NULL,NULL,NULL,1),(167,'1NQ4qLdM',11,9,4,0,0,'2022-09-12 16:49:35','2022-08-30 13:04:27',NULL,NULL,NULL,1),(168,'SSBxhjdZ',11,8,4,0,0,'2022-09-11 23:43:22','2022-08-30 13:07:35',NULL,NULL,NULL,1),(169,'4aay0VTL',11,9,4,0,0,'2022-09-11 19:00:59','2022-08-30 13:07:35',NULL,NULL,NULL,1),(170,'40UcpXHZ',10,9,4,0,0,'2022-09-12 14:11:16','2022-09-09 14:23:41',NULL,NULL,NULL,1),(171,'bGAqFKum',10,9,4,0,0,'2022-09-12 16:56:21','2022-09-09 14:23:41',NULL,NULL,NULL,1),(172,'Wb7WpKbk',10,9,4,0,0,'2022-09-12 14:04:27','2022-09-09 14:23:41',NULL,NULL,NULL,1),(173,'2x3WLtnN',10,9,4,0,0,'2022-09-09 15:15:12','2022-09-09 14:23:42',NULL,NULL,NULL,1),(174,'8XFBm_ov',10,8,4,0,0,'2022-09-09 13:23:42','2022-09-09 14:23:42',NULL,NULL,NULL,1),(175,'39F4NF29',10,9,4,0,0,'2022-09-12 16:08:28','2022-09-09 14:23:43',NULL,NULL,NULL,1),(176,'C0VIVkdJ',10,8,4,0,0,'2022-09-12 04:14:37','2022-09-09 14:23:43',NULL,NULL,NULL,1),(177,'72i2pSl_',10,9,4,0,0,'2022-09-12 18:25:31','2022-09-09 14:23:44',NULL,NULL,NULL,1),(178,'wTT5M3J6',10,9,4,0,0,'2022-09-12 16:08:40','2022-09-09 14:23:44',NULL,NULL,NULL,1),(179,'Yot5ITGe',10,9,4,0,0,'2022-09-12 17:16:06','2022-09-09 14:23:44',NULL,NULL,NULL,1),(180,'WjzO4d-5',10,9,4,0,0,'2022-09-12 18:25:26','2022-09-09 14:23:45',NULL,NULL,NULL,1),(181,'vkE8vMyf',10,9,4,0,0,'2022-09-12 14:11:21','2022-09-09 14:23:45',NULL,NULL,NULL,1),(182,'DR4MqeFe',10,9,4,0,0,'2022-09-11 21:26:19','2022-09-09 14:23:46',NULL,NULL,NULL,1),(183,'84ilnqim',10,9,4,0,0,'2022-09-11 01:43:23','2022-09-09 14:23:46',NULL,NULL,NULL,1),(184,'1Vl0rjPH',10,9,4,0,0,'2022-09-12 16:08:15','2022-09-09 14:23:47',NULL,NULL,NULL,1),(185,'3t70AgLD',13,5,3,0,0,'2022-09-02 14:47:42','2022-08-30 14:35:57',NULL,NULL,NULL,1),(186,'mDWpy2vY',13,5,3,0,0,'2022-09-02 14:47:42','2022-08-30 14:35:58',NULL,NULL,NULL,1),(187,'j04QIRbM',13,5,3,0,0,'2022-09-02 14:47:42','2022-08-30 14:35:58',NULL,NULL,NULL,1),(188,'iRuVlLD2',13,5,3,0,0,'2022-09-02 14:47:42','2022-08-30 14:35:58',NULL,NULL,NULL,1),(189,'NpxZuYta',13,5,3,0,0,'2022-09-02 14:47:42','2022-08-30 14:35:59',NULL,NULL,NULL,1),(190,'4dsktv21',13,5,3,0,0,'2022-09-02 14:47:42','2022-08-30 14:35:59',NULL,NULL,NULL,1),(191,'siIMBiqX',13,5,3,0,0,'2022-09-02 14:47:42','2022-08-30 14:35:59',NULL,NULL,NULL,1),(192,'8eOvFKol',13,5,3,0,0,'2022-09-02 14:47:42','2022-08-30 14:35:59',NULL,NULL,NULL,1),(193,'N9PEl-a0',13,5,3,0,0,'2022-09-02 14:47:42','2022-08-30 14:36:00',NULL,NULL,NULL,1),(194,'sW0oLANr',13,5,3,0,0,'2022-09-02 14:47:42','2022-08-30 14:36:00',NULL,NULL,NULL,1),(195,'m7Yp3Aus',13,5,3,0,0,'2022-09-02 14:47:42','2022-08-30 14:36:00',NULL,NULL,NULL,1),(196,'82i41HCx',13,5,3,0,0,'2022-09-02 14:47:42','2022-08-30 14:36:01',NULL,NULL,NULL,1),(197,'YeX0g41t',13,5,3,0,0,'2022-09-02 14:47:42','2022-08-30 14:36:01',NULL,NULL,NULL,1),(198,'Pji9LCLT',13,5,3,0,0,'2022-09-02 14:47:42','2022-08-30 14:36:02',NULL,NULL,NULL,1),(199,'0TtULgNz',13,5,3,0,0,'2022-09-02 14:47:42','2022-08-30 14:36:02',NULL,NULL,NULL,1),(200,'PP6ORagX',13,5,3,0,0,'2022-09-02 14:47:42','2022-08-30 14:36:02',NULL,NULL,NULL,1),(201,'ZqqFi7Km',13,5,3,0,0,'2022-09-02 14:47:42','2022-08-30 14:36:02',NULL,NULL,NULL,1),(202,'AQFk0d0j',13,5,3,0,0,'2022-09-02 14:47:42','2022-08-30 14:36:03',NULL,NULL,NULL,1),(203,'R3On9bMB',13,5,3,0,0,'2022-09-02 14:47:42','2022-08-30 14:36:03',NULL,NULL,NULL,1),(204,'dExXfQKH',13,5,3,0,0,'2022-09-02 14:47:42','2022-08-30 14:36:04',NULL,NULL,NULL,1),(205,'NOMTPW4U',13,5,3,0,0,'2022-09-02 14:47:42','2022-08-30 14:36:04',NULL,NULL,NULL,1),(206,'wKdnfMsS',13,5,3,0,0,'2022-09-02 14:47:42','2022-08-30 14:36:04',NULL,NULL,NULL,1),(207,'4_NY0xtj',13,5,3,0,0,'2022-09-02 14:47:42','2022-08-30 14:36:05',NULL,NULL,NULL,1),(208,'DVO7FQ2-',13,5,3,0,0,'2022-09-02 14:47:42','2022-08-30 14:36:05',NULL,NULL,NULL,1),(209,'xCNXmC11',13,5,3,0,0,'2022-09-02 14:47:42','2022-08-30 14:36:05',NULL,NULL,NULL,1),(210,'jLeu3aHR',13,5,3,0,0,'2022-09-02 14:47:42','2022-08-30 14:36:06',NULL,NULL,NULL,1),(211,'bnqUYLHG',13,5,3,0,0,'2022-09-02 14:47:42','2022-08-30 14:36:06',NULL,NULL,NULL,1),(212,'AdyIGUWs',13,5,3,0,0,'2022-09-02 14:47:42','2022-08-30 14:36:06',NULL,NULL,NULL,1),(213,'q-eBCwFz',13,5,3,0,0,'2022-09-02 14:47:42','2022-08-30 14:36:06',NULL,NULL,NULL,1),(214,'-AkyGts8',13,5,3,0,0,'2022-09-02 14:47:42','2022-08-30 14:36:07',NULL,NULL,NULL,1),(215,'i01qTHKZ',13,5,3,0,0,'2022-09-02 14:47:42','2022-08-30 14:36:07',NULL,NULL,NULL,1),(216,'fsvUDL_U',13,5,3,0,0,'2022-09-02 14:47:42','2022-08-30 14:36:07',NULL,NULL,NULL,1),(217,'wr1VN3Gi',14,9,4,0,0,'2022-09-09 20:38:24','2022-08-30 13:58:34',NULL,NULL,NULL,1),(218,'sK3iNPid',14,8,4,0,0,'2022-09-10 16:39:51','2022-08-30 13:58:34',NULL,NULL,NULL,1),(219,'Zdz5qMxL',14,9,4,0,0,'2022-09-11 10:10:01','2022-08-30 13:58:34',NULL,NULL,NULL,1),(220,'2UslalKI',14,8,4,0,0,'2022-09-02 14:45:16','2022-08-30 13:58:35',NULL,NULL,NULL,1),(221,'6B4lAA4N',14,8,4,0,0,'2022-09-02 14:45:16','2022-08-30 13:58:35',NULL,NULL,NULL,1),(222,'ykrgKPCf',14,8,4,0,0,'2022-09-12 12:56:00','2022-08-30 13:58:35',NULL,NULL,NULL,1),(223,'GouAdZy_',14,8,4,0,0,'2022-09-02 14:45:16','2022-08-30 13:58:36',NULL,NULL,NULL,1),(224,'gKLGzu6u',14,8,4,0,0,'2022-09-11 10:01:24','2022-08-30 13:58:36',NULL,NULL,NULL,1),(225,'gla6Xzf-',14,8,4,0,0,'2022-09-12 00:28:53','2022-08-30 13:58:36',NULL,NULL,NULL,1),(226,'ODjAbmcB',14,8,4,0,0,'2022-09-02 14:45:16','2022-08-30 13:58:37',NULL,NULL,NULL,1),(227,'JgsUZk_K',14,8,4,0,0,'2022-09-02 14:45:16','2022-08-30 13:58:37',NULL,NULL,NULL,1),(228,'yeTl6ox0',14,9,4,0,0,'2022-09-11 22:12:39','2022-08-30 13:58:37',NULL,NULL,NULL,1),(229,'gBCESEhh',14,8,4,0,0,'2022-09-11 22:04:14','2022-08-30 13:58:38',NULL,NULL,NULL,1),(230,'9y7jJMhf',14,8,4,0,0,'2022-09-02 14:45:16','2022-08-30 13:58:38',NULL,NULL,NULL,1),(231,'q9_pTNZA',14,8,4,0,0,'2022-09-12 00:30:10','2022-08-30 13:58:38',NULL,NULL,NULL,1),(232,'Dwn1zZQ5',14,9,4,0,0,'2022-09-11 12:06:37','2022-08-30 13:58:39',NULL,NULL,NULL,1),(233,'leBiFULe',14,8,4,0,0,'2022-09-12 12:56:11','2022-08-30 13:58:39',NULL,NULL,NULL,1),(234,'ruMT3rOu',14,9,4,0,0,'2022-09-12 20:46:55','2022-08-30 13:58:39',NULL,NULL,NULL,1),(235,'i9zzwGaa',14,9,4,0,0,'2022-09-12 21:28:08','2022-08-30 13:58:40',NULL,NULL,NULL,1),(236,'tDlfuRim',14,8,4,0,0,'2022-09-02 14:45:16','2022-08-30 13:58:40',NULL,NULL,NULL,1),(237,'CCmt-025',14,8,4,0,0,'2022-09-02 14:45:16','2022-08-30 13:58:40',NULL,NULL,NULL,1),(238,'AW60Vd8w',14,9,4,0,0,'2022-09-11 06:23:42','2022-08-30 13:58:40',NULL,NULL,NULL,1),(239,'I7yrzxry',14,8,4,0,0,'2022-09-12 00:29:49','2022-08-30 13:58:41',NULL,NULL,NULL,1),(240,'An6uFZXy',14,8,4,0,0,'2022-09-02 14:45:16','2022-08-30 13:58:41',NULL,NULL,NULL,1),(241,'VuN4K8ij',14,8,4,0,0,'2022-09-02 14:45:16','2022-08-30 13:58:41',NULL,NULL,NULL,1),(242,'-Td2Q8YB',14,9,4,0,0,'2022-09-11 11:34:16','2022-08-30 13:58:42',NULL,NULL,NULL,1),(243,'0FW4Rxsw',14,8,4,0,0,'2022-09-11 15:17:49','2022-08-30 13:58:42',NULL,NULL,NULL,1),(244,'tutocnyW',14,9,4,0,0,'2022-09-12 20:55:32','2022-08-30 13:58:43',NULL,NULL,NULL,1),(245,'8FAQ0nhG',14,8,4,0,0,'2022-09-02 14:45:16','2022-08-30 13:58:43',NULL,NULL,NULL,1),(246,'oKVy51n9',14,8,4,0,0,'2022-09-11 23:25:34','2022-08-30 13:58:43',NULL,NULL,NULL,1),(247,'MzqBoDmM',15,8,4,0,0,'2022-09-12 01:06:45','2022-08-30 15:42:13',NULL,NULL,NULL,1),(248,'zVvZ1Ocd',15,8,4,0,0,'2022-09-12 01:06:28','2022-08-30 15:42:14',NULL,NULL,NULL,1),(249,'q7FWYDb-',15,8,4,0,0,'2022-09-11 19:33:37','2022-08-30 15:42:14',NULL,NULL,NULL,1),(250,'pJ-xgBH_',15,8,4,0,0,'2022-09-12 01:07:32','2022-08-30 15:42:14',NULL,NULL,NULL,1),(251,'0RG4OP03',15,8,4,0,0,'2022-09-11 19:32:58','2022-08-30 15:42:15',NULL,NULL,NULL,1),(252,'_pZ4azue',15,8,4,0,0,'2022-09-11 18:11:12','2022-08-30 15:42:15',NULL,NULL,NULL,1),(253,'SZDWiA6O',15,8,4,0,0,'2022-09-12 01:12:13','2022-08-30 15:42:15',NULL,NULL,NULL,1),(254,'Xs1z2L5Q',15,9,4,1,0,'2022-09-11 19:38:31','2022-09-11 18:49:26',NULL,NULL,NULL,1),(255,'ffpq7_hk',15,8,4,0,0,'2022-09-11 00:45:08','2022-08-30 15:42:16',NULL,NULL,NULL,1),(256,'YbUfyrK8',15,8,4,0,0,'2022-09-12 01:07:18','2022-08-30 15:42:16',NULL,NULL,NULL,1),(257,'s1lqg-nu',16,8,4,0,0,'2022-09-02 14:45:16','2022-08-30 16:09:12',NULL,NULL,NULL,1),(258,'QhfvTjtm',16,8,4,0,0,'2022-09-02 14:45:16','2022-08-30 16:09:13',NULL,NULL,NULL,1),(259,'Y7ghGEYi',16,8,4,0,0,'2022-09-02 14:45:16','2022-08-30 16:09:13',NULL,NULL,NULL,1),(260,'Wj-lCp9X',16,8,4,0,0,'2022-09-02 14:45:16','2022-08-30 16:09:13',NULL,NULL,NULL,1),(261,'xzwUhPO0',16,8,4,0,0,'2022-09-02 14:45:16','2022-08-30 16:09:14',NULL,NULL,NULL,1),(262,'Xb8OXcfJ',16,8,4,0,0,'2022-09-02 14:45:16','2022-08-30 16:09:14',NULL,NULL,NULL,1),(263,'SFtMF7JG',16,8,4,0,0,'2022-09-02 14:45:16','2022-08-30 16:09:14',NULL,NULL,NULL,1),(264,'-FBLx3uc',16,8,4,0,0,'2022-09-02 14:45:16','2022-08-30 16:09:15',NULL,NULL,NULL,1),(265,'G8uOzkan',16,8,4,0,0,'2022-09-02 14:45:16','2022-08-30 16:09:15',NULL,NULL,NULL,1),(266,'_i8t2JDS',16,8,4,0,0,'2022-09-02 14:45:16','2022-08-30 16:09:15',NULL,NULL,NULL,1),(267,'l3FnBvGT',17,8,4,0,0,'2022-09-02 14:45:16','2022-08-30 21:29:22',NULL,NULL,NULL,1),(268,'1KXt6_Ev',17,8,4,0,0,'2022-09-02 14:45:16','2022-08-30 21:29:23',NULL,NULL,NULL,1),(269,'wVnaqeod',17,9,4,0,0,'2022-09-12 16:27:16','2022-08-30 21:29:23',NULL,NULL,NULL,1),(270,'JiHSaoSF',17,9,4,0,0,'2022-09-12 16:27:08','2022-08-30 21:29:23',NULL,NULL,NULL,1),(271,'0mmugzq9',18,9,4,0,0,'2022-09-12 20:18:30','2022-08-30 21:30:41',NULL,NULL,NULL,1),(272,'6A06VIZ4',18,9,4,0,0,'2022-09-11 13:24:40','2022-08-30 21:30:41',NULL,NULL,NULL,1),(273,'VK_cV_k4',18,9,4,0,0,'2022-09-12 20:18:16','2022-08-30 21:30:41',NULL,NULL,NULL,1),(274,'NS4EFSdA',18,9,4,0,0,'2022-09-12 01:03:33','2022-08-30 21:30:42',NULL,NULL,NULL,1),(275,'JWp8oc9x',18,9,4,0,0,'2022-09-12 20:18:11','2022-08-30 21:32:08',NULL,NULL,NULL,1),(276,'3ORtiaqa',19,9,4,0,0,'2022-09-12 12:53:09','2022-08-30 21:33:08',NULL,NULL,NULL,1),(277,'BiltbgRE',19,9,4,0,0,'2022-09-12 12:52:56','2022-08-30 21:33:08',NULL,NULL,NULL,1),(278,'wDZ3sTy6',19,9,4,0,0,'2022-09-12 15:10:26','2022-08-30 21:33:08',NULL,NULL,NULL,1),(279,'vpR7_kx_',19,9,4,0,0,'2022-09-12 12:53:35','2022-08-30 21:33:09',NULL,NULL,NULL,1),(280,'F3IrZofW',20,9,4,0,0,'2022-09-08 16:42:49','2022-08-30 21:34:33',NULL,NULL,NULL,1),(281,'mSsDplx2',20,8,4,0,0,'2022-09-12 01:21:53','2022-08-30 21:34:33',NULL,NULL,NULL,1),(282,'FT5UhrTW',20,8,4,0,0,'2022-09-12 02:45:49','2022-08-30 21:34:33',NULL,NULL,NULL,1),(283,'Ah-PDaAX',20,9,4,0,0,'2022-09-12 12:53:18','2022-08-30 21:34:34',NULL,NULL,NULL,1),(284,'l3hmp3px',21,9,4,0,0,'2022-09-12 15:08:45','2022-08-30 21:36:04',NULL,NULL,NULL,1),(285,'gxsJprHP',21,8,4,0,0,'2022-09-02 14:45:16','2022-08-30 21:36:04',NULL,NULL,NULL,1),(286,'xQ7xmtz0',21,8,4,0,0,'2022-09-02 14:45:16','2022-08-30 21:36:04',NULL,NULL,NULL,1),(287,'Qte9PXhg',21,8,4,0,0,'2022-09-02 14:45:16','2022-08-30 21:36:05',NULL,NULL,NULL,1),(288,'At6ZkPoR',22,8,4,0,0,'2022-09-02 14:45:16','2022-08-30 21:39:44',NULL,NULL,NULL,1),(289,'nDOhFXi0',22,8,4,0,0,'2022-09-02 14:45:16','2022-08-30 21:39:44',NULL,NULL,NULL,1),(290,'iXo2c_EA',22,8,4,0,0,'2022-09-02 14:45:16','2022-08-30 21:39:45',NULL,NULL,NULL,1),(291,'2K_Q6TJN',22,8,4,0,0,'2022-09-02 14:45:16','2022-08-30 21:39:45',NULL,NULL,NULL,1),(292,'Iz0DbEIi',23,8,4,0,0,'2022-09-02 14:45:16','2022-08-30 21:40:00',NULL,NULL,NULL,1),(293,'I8UgFNep',23,8,4,0,0,'2022-09-02 14:45:16','2022-08-30 21:40:00',NULL,NULL,NULL,1),(294,'799wmbXz',23,8,4,0,0,'2022-09-02 14:45:16','2022-08-30 21:40:01',NULL,NULL,NULL,1),(295,'udVGp7-C',23,8,4,0,0,'2022-09-02 14:45:16','2022-08-30 21:40:01',NULL,NULL,NULL,1),(296,'pLLWH_5E',24,9,4,0,0,'2022-09-12 19:07:39','2022-08-30 21:40:15',NULL,NULL,NULL,1),(297,'inKhlxHX',24,8,4,0,0,'2022-09-11 22:53:20','2022-08-30 21:40:16',NULL,NULL,NULL,1),(298,'mOXzVRGE',24,8,4,0,0,'2022-09-12 21:29:40','2022-08-30 21:40:16',NULL,NULL,NULL,1),(299,'59D4Rkhy',24,9,4,0,0,'2022-09-12 19:07:48','2022-08-30 21:40:16',NULL,NULL,NULL,1),(300,'tpJnMfK2',25,8,4,0,0,'2022-09-11 23:53:26','2022-08-30 21:40:41',NULL,NULL,NULL,1),(301,'uMP9ABhW',25,8,4,0,0,'2022-09-10 00:00:44','2022-08-30 21:40:41',NULL,NULL,NULL,1),(302,'H2BTN4qu',25,8,4,0,0,'2022-09-11 23:43:33','2022-08-30 21:40:41',NULL,NULL,NULL,1),(303,'q3Qoil6p',25,8,4,0,0,'2022-09-11 23:47:17','2022-08-30 21:40:42',NULL,NULL,NULL,1),(304,'bnYy7R7P',26,8,4,0,0,'2022-09-02 14:45:16','2022-08-30 21:40:51',NULL,NULL,NULL,1),(305,'10kI6eAZ',26,8,4,0,0,'2022-09-02 14:45:16','2022-08-30 21:40:52',NULL,NULL,NULL,1),(306,'5t_e1oY5',26,8,4,0,0,'2022-09-02 14:45:16','2022-08-30 21:40:52',NULL,NULL,NULL,1),(307,'zM4VKGWI',26,8,4,0,0,'2022-09-02 14:45:16','2022-08-30 21:40:52',NULL,NULL,NULL,1),(308,'LWhGgWEv',28,9,4,0,0,'2022-09-12 17:12:20','2022-08-30 21:41:33',NULL,NULL,NULL,1),(309,'uhJm7xh5',28,8,4,0,0,'2022-09-11 19:23:45','2022-08-30 21:41:33',NULL,NULL,NULL,1),(310,'qa8XnYnX',28,8,4,0,0,'2022-09-11 19:23:28','2022-08-30 21:41:33',NULL,NULL,NULL,1),(311,'mMAQ7IsB',28,9,4,0,0,'2022-09-12 17:12:15','2022-08-30 21:41:34',NULL,NULL,NULL,1),(312,'zYoi5TDW',29,8,4,0,0,'2022-09-11 00:33:17','2022-08-30 21:41:45',NULL,NULL,NULL,1),(313,'E0IX8Ny7',29,9,4,0,0,'2022-09-12 18:57:54','2022-08-30 21:41:45',NULL,NULL,NULL,1),(314,'ohC2Tjgo',29,8,4,0,0,'2022-09-11 18:11:08','2022-08-30 21:41:45',NULL,NULL,NULL,1),(315,'FjNjKiOh',29,8,4,0,0,'2022-09-12 00:31:21','2022-08-30 21:41:46',NULL,NULL,NULL,1),(316,'2upMxSug',30,8,4,0,0,'2022-09-10 00:13:23','2022-08-30 21:41:57',NULL,NULL,NULL,1),(317,'whgULOIX',30,8,4,0,0,'2022-09-12 20:51:02','2022-08-30 21:41:57',NULL,NULL,NULL,1),(318,'kHUX053h',30,8,4,0,0,'2022-09-02 14:45:16','2022-08-30 21:41:57',NULL,NULL,NULL,1),(319,'p8pMr18s',30,8,4,0,0,'2022-09-12 20:51:11','2022-08-30 21:41:58',NULL,NULL,NULL,1),(320,'Zvm_itfb',31,9,4,0,0,'2022-09-12 19:48:16','2022-08-30 21:42:23',NULL,NULL,NULL,1),(321,'GyfZgfD_',31,9,4,0,0,'2022-09-12 20:01:25','2022-08-30 21:42:23',NULL,NULL,NULL,1),(322,'f1m4fz-n',31,9,4,0,0,'2022-09-12 19:12:21','2022-08-30 21:42:23',NULL,NULL,NULL,1),(323,'WlikdbHz',31,8,4,0,0,'2022-09-11 18:22:14','2022-08-30 21:42:24',NULL,NULL,NULL,1),(324,'2SaGA9W4',32,9,4,0,0,'2022-09-12 17:07:08','2022-08-30 21:43:09',NULL,NULL,NULL,1),(325,'ytJGD2Rh',32,9,4,0,0,'2022-09-12 22:31:43','2022-08-30 21:43:10',NULL,NULL,NULL,1),(326,'Dbg6EQqy',32,9,4,0,0,'2022-09-12 19:47:37','2022-08-30 21:43:10',NULL,NULL,NULL,1),(327,'ksBO_6gR',32,9,4,1,0,'2022-09-12 19:08:57','2022-09-11 17:41:38',NULL,NULL,NULL,1),(328,'KmnkY-pn',33,9,4,0,0,'2022-09-12 17:59:31','2022-08-30 21:43:23',NULL,NULL,NULL,1),(329,'uJ1CR7nh',33,9,4,0,0,'2022-09-12 19:18:30','2022-08-30 21:43:24',NULL,NULL,NULL,1),(330,'wAV9Up6T',33,8,4,0,0,'2022-09-12 21:23:46','2022-08-30 21:43:24',NULL,NULL,NULL,1),(331,'WQFIajWD',33,9,4,0,0,'2022-09-12 18:31:22','2022-08-30 21:43:24',NULL,NULL,NULL,1),(332,'Hr5vtgxu',34,8,4,0,0,'2022-09-12 20:14:20','2022-08-30 21:43:48',NULL,NULL,NULL,1),(333,'m2vSc77c',34,8,4,0,0,'2022-09-12 00:30:50','2022-08-30 21:43:49',NULL,NULL,NULL,1),(334,'Edh9Yucz',34,8,4,0,0,'2022-09-12 20:14:07','2022-08-30 21:43:50',NULL,NULL,NULL,1),(335,'77YLWUfD',34,8,4,0,0,'2022-09-12 20:14:14','2022-08-30 21:43:51',NULL,NULL,NULL,1),(336,'iF-eZ7ei',35,9,4,0,0,'2022-09-12 19:31:06','2022-08-30 21:44:04',NULL,NULL,NULL,1),(337,'SPbOSLM4',35,9,4,0,0,'2022-09-12 18:37:12','2022-08-30 21:44:05',NULL,NULL,NULL,1),(338,'JM9zDMeb',35,9,4,0,0,'2022-09-12 21:51:02','2022-08-30 21:44:05',NULL,NULL,NULL,1),(339,'cTIRgWAk',35,8,4,0,0,'2022-09-11 00:06:26','2022-08-30 21:44:05',NULL,NULL,NULL,1),(340,'XX8UILYE',36,9,4,0,0,'2022-09-12 22:13:58','2022-08-30 21:44:34',NULL,NULL,NULL,1),(341,'VU6F8rVU',36,9,4,1,0,'2022-09-12 17:11:15','2022-09-10 18:35:46',NULL,NULL,NULL,1),(342,'7FJKgflz',36,9,4,0,0,'2022-09-12 17:11:19','2022-08-30 21:44:35',NULL,NULL,NULL,1),(343,'BUaQTfdz',36,9,4,0,0,'2022-09-12 19:38:02','2022-08-30 21:44:35',NULL,NULL,NULL,1),(344,'96zZuM6p',37,8,4,0,0,'2022-09-02 14:45:16','2022-08-30 21:44:46',NULL,NULL,NULL,1),(345,'aNIZuumz',37,8,4,0,0,'2022-09-11 22:59:28','2022-08-30 21:44:46',NULL,NULL,NULL,1),(346,'wmqBfkI1',37,8,4,0,0,'2022-09-11 23:31:00','2022-08-30 21:44:46',NULL,NULL,NULL,1),(347,'5NraRGMl',37,8,4,0,0,'2022-09-11 22:59:40','2022-08-30 21:44:47',NULL,NULL,NULL,1),(348,'HPe3AmWP',38,8,4,0,0,'2022-09-02 14:45:16','2022-08-30 21:45:19',NULL,NULL,NULL,1),(349,'iu8kqOT3',38,8,4,0,0,'2022-09-02 14:45:16','2022-08-30 21:45:19',NULL,NULL,NULL,1),(350,'47hF4ruG',38,8,4,0,0,'2022-09-02 14:45:16','2022-08-30 21:45:19',NULL,NULL,NULL,1),(351,'Oy-Fx2Yc',38,8,4,0,0,'2022-09-02 14:45:16','2022-08-30 21:45:19',NULL,NULL,NULL,1),(352,'tRcsPGhW',39,9,4,0,0,'2022-09-12 17:17:03','2022-08-30 21:45:59',NULL,NULL,NULL,1),(353,'VAcpPCM8',39,9,4,0,0,'2022-09-12 16:28:37','2022-08-30 21:45:59',NULL,NULL,NULL,1),(354,'8ZdKAtkG',39,9,4,0,0,'2022-09-12 20:47:29','2022-08-30 21:46:00',NULL,NULL,NULL,1),(355,'Q5YXvUky',39,9,4,0,0,'2022-09-11 00:42:28','2022-08-30 21:46:00',NULL,NULL,NULL,1),(356,'jv5-8nUA',40,9,4,0,0,'2022-09-12 20:35:02','2022-08-30 21:46:23',NULL,NULL,NULL,1),(357,'ogm9YmMD',40,8,4,0,0,'2022-09-12 17:28:01','2022-08-30 21:46:23',NULL,NULL,NULL,1),(358,'l7kCUZRp',40,9,4,0,0,'2022-09-12 20:35:07','2022-08-30 21:46:23',NULL,NULL,NULL,1),(359,'qGwffakF',40,9,4,0,0,'2022-09-12 20:35:11','2022-08-30 21:46:24',NULL,NULL,NULL,1),(360,'7acMEvuU',41,8,4,0,0,'2022-09-11 23:25:43','2022-08-30 21:46:35',NULL,NULL,NULL,1),(361,'wAnSOS9W',41,8,4,0,0,'2022-09-12 22:13:41','2022-08-30 21:46:35',NULL,NULL,NULL,1),(362,'y9gnEqyw',41,8,4,0,0,'2022-09-11 23:28:29','2022-08-30 21:46:35',NULL,NULL,NULL,1),(363,'UsgI1eQk',41,8,4,0,0,'2022-09-12 22:13:22','2022-08-30 21:46:36',NULL,NULL,NULL,1),(364,'WZNrr7jl',42,8,4,0,0,'2022-09-12 20:21:35','2022-08-30 21:46:49',NULL,NULL,NULL,1),(365,'k1TrHSi3',42,8,4,0,0,'2022-09-12 20:21:29','2022-08-30 21:46:49',NULL,NULL,NULL,1),(366,'m2gz0Kpe',42,8,4,0,0,'2022-09-12 20:21:42','2022-08-30 21:46:49',NULL,NULL,NULL,1),(367,'XMjqgWY9',42,8,4,0,0,'2022-09-12 20:21:23','2022-08-30 21:46:50',NULL,NULL,NULL,1),(368,'L2QpmXen',43,9,4,0,0,'2022-09-12 19:31:19','2022-08-30 21:46:58',NULL,NULL,NULL,1),(369,'IYiNjKgr',43,9,4,0,0,'2022-09-12 18:09:38','2022-08-30 21:46:58',NULL,NULL,NULL,1),(370,'HmTcnl-i',43,9,4,0,0,'2022-09-11 13:59:49','2022-08-30 21:46:59',NULL,NULL,NULL,1),(371,'3Dft5DOR',43,9,4,0,0,'2022-09-11 14:47:27','2022-08-30 21:46:59',NULL,NULL,NULL,1),(372,'D-7fj9Z1',44,8,4,0,0,'2022-09-02 14:45:16','2022-08-30 21:47:11',NULL,NULL,NULL,1),(373,'3jiAZGJy',44,8,4,0,0,'2022-09-02 14:45:16','2022-08-30 21:47:11',NULL,NULL,NULL,1),(374,'5LobmwuR',44,9,4,0,0,'2022-09-12 17:02:26','2022-08-30 21:47:12',NULL,NULL,NULL,1),(375,'ELVaYam2',44,8,4,0,0,'2022-09-08 17:48:49','2022-08-30 21:47:12',NULL,NULL,NULL,1),(376,'-t-haQd0',45,8,4,0,0,'2022-09-02 14:45:16','2022-08-30 21:47:23',NULL,NULL,NULL,1),(377,'-vdcKnAr',45,8,4,0,0,'2022-09-08 22:31:37','2022-08-30 21:47:23',NULL,NULL,NULL,1),(378,'FmAZxDNj',45,8,4,0,0,'2022-09-02 14:45:16','2022-08-30 21:47:23',NULL,NULL,NULL,1),(379,'K8ZgfYTX',45,8,4,0,0,'2022-09-02 14:45:16','2022-08-30 21:47:24',NULL,NULL,NULL,1),(380,'rsUBjYAC',46,9,4,0,0,'2022-09-12 19:16:11','2022-08-30 21:47:35',NULL,NULL,NULL,1),(381,'xtvtWSD4',46,8,4,0,0,'2022-09-11 01:20:08','2022-08-30 21:47:36',NULL,NULL,NULL,1),(382,'30G72yi5',46,8,4,0,0,'2022-09-12 00:41:26','2022-08-30 21:47:36',NULL,NULL,NULL,1),(383,'I4voNUdD',46,8,4,0,0,'2022-09-12 00:04:40','2022-08-30 21:47:36',NULL,NULL,NULL,1),(384,'XWSfzhHB',47,9,4,0,0,'2022-09-12 19:56:00','2022-08-30 21:47:43',NULL,NULL,NULL,1),(385,'LQDapsLr',47,9,4,0,0,'2022-09-12 17:00:48','2022-08-30 21:47:43',NULL,NULL,NULL,1),(386,'IhgRA0Dg',47,8,4,0,0,'2022-09-11 22:58:27','2022-08-30 21:47:44',NULL,NULL,NULL,1),(387,'WQjDkfjM',47,8,4,0,0,'2022-09-11 17:20:28','2022-08-30 21:47:44',NULL,NULL,NULL,1),(388,'YkSMgA2N',48,9,4,0,0,'2022-09-12 17:18:00','2022-08-30 21:47:50',NULL,NULL,NULL,1),(389,'WtZe9UE0',48,9,4,0,0,'2022-09-12 17:17:52','2022-08-30 21:47:51',NULL,NULL,NULL,1),(390,'vyd1k19e',48,8,4,0,0,'2022-09-09 23:53:06','2022-08-30 21:47:51',NULL,NULL,NULL,1),(391,'MOwQAe1o',48,9,4,0,0,'2022-09-12 17:18:04','2022-08-30 21:47:52',NULL,NULL,NULL,1),(392,'gfvTalV6',49,8,4,0,0,'2022-09-11 15:35:34','2022-08-30 21:48:04',NULL,NULL,NULL,1),(393,'6PMf3xWb',49,8,4,0,0,'2022-09-11 15:35:51','2022-08-30 21:48:05',NULL,NULL,NULL,1),(394,'EVNjPpiK',49,8,4,0,0,'2022-09-11 15:35:41','2022-08-30 21:48:05',NULL,NULL,NULL,1),(395,'Epl7jyb8',49,8,4,0,0,'2022-09-12 21:57:53','2022-08-30 21:48:06',NULL,NULL,NULL,1),(396,'Qk4plpUZ',50,9,4,0,0,'2022-09-12 19:33:34','2022-08-30 21:48:24',NULL,NULL,NULL,1),(397,'pK8sbdBK',50,8,4,0,0,'2022-09-10 00:26:46','2022-08-30 21:48:25',NULL,NULL,NULL,1),(398,'fugrgzre',50,9,4,0,0,'2022-09-12 20:17:17','2022-08-30 21:48:25',NULL,NULL,NULL,1),(399,'szIcIW_m',50,9,4,0,0,'2022-09-12 20:17:11','2022-08-30 21:48:25',NULL,NULL,NULL,1),(400,'w66FuF00',51,9,4,0,0,'2022-09-12 17:10:58','2022-08-30 21:48:35',NULL,NULL,NULL,1),(401,'rR7ZR9vA',51,8,4,0,0,'2022-09-11 22:51:13','2022-08-30 21:48:35',NULL,NULL,NULL,1),(402,'aMCmO-CZ',51,9,4,0,0,'2022-09-12 17:10:53','2022-08-30 21:48:35',NULL,NULL,NULL,1),(403,'4LoqHqy7',51,9,4,0,0,'2022-09-10 14:07:16','2022-08-30 21:48:36',NULL,NULL,NULL,1),(404,'grbwhK7j',52,9,4,0,0,'2022-09-12 17:07:53','2022-08-30 21:48:43',NULL,NULL,NULL,1),(405,'9qC3IYHh',52,8,4,0,0,'2022-09-11 22:23:23','2022-08-30 21:48:43',NULL,NULL,NULL,1),(406,'3ulmmnqQ',52,9,4,0,0,'2022-09-12 17:07:58','2022-08-30 21:48:43',NULL,NULL,NULL,1),(407,'h3cDETwW',52,8,4,0,0,'2022-09-11 22:23:17','2022-08-30 21:48:44',NULL,NULL,NULL,1),(408,'Q4nPx968',53,8,4,0,0,'2022-09-09 19:40:33','2022-08-30 21:50:06',NULL,NULL,NULL,1),(409,'_0CWsAyH',53,8,4,0,0,'2022-09-09 16:52:55','2022-08-30 21:50:06',NULL,NULL,NULL,1),(410,'fimZhIBT',53,8,4,0,0,'2022-09-02 14:45:16','2022-08-30 21:50:07',NULL,NULL,NULL,1),(411,'ob0t94d-',53,9,4,0,0,'2022-09-12 16:52:05','2022-08-30 21:50:07',NULL,NULL,NULL,1),(412,'4Wd_5vN7',53,8,4,0,0,'2022-09-08 21:33:02','2022-08-30 21:50:07',NULL,NULL,NULL,1),(413,'NkR1XSCs',53,8,4,0,0,'2022-09-11 19:12:23','2022-08-30 21:50:08',NULL,NULL,NULL,1),(414,'Q2tmrtAQ',54,9,4,0,0,'2022-09-12 20:59:05','2022-08-30 21:50:21',NULL,NULL,NULL,1),(415,'6n8T5cJH',54,9,4,0,0,'2022-09-12 20:59:15','2022-08-30 21:50:22',NULL,NULL,NULL,1),(416,'kGN_hvEX',54,9,4,0,0,'2022-09-12 21:20:55','2022-08-30 21:50:22',NULL,NULL,NULL,1),(417,'k0CnzIlA',54,9,4,0,0,'2022-09-12 20:59:10','2022-08-30 21:50:22',NULL,NULL,NULL,1),(418,'3VFtkyD3',54,9,4,0,0,'2022-09-12 20:59:14','2022-08-30 21:50:23',NULL,NULL,NULL,1),(419,'FxswrG5i',54,8,4,0,0,'2022-09-09 23:52:35','2022-08-30 21:50:23',NULL,NULL,NULL,1),(420,'3CkXdd9h',54,8,4,0,0,'2022-09-12 00:59:36','2022-08-30 21:50:23',NULL,NULL,NULL,1),(421,'W3jay3sg',54,9,4,0,0,'2022-09-12 20:59:23','2022-08-30 21:50:24',NULL,NULL,NULL,1),(422,'S-VAKgjL',55,9,4,0,0,'2022-09-11 18:14:39','2022-08-30 21:50:41',NULL,NULL,NULL,1),(423,'raNpOba7',55,8,4,0,0,'2022-09-11 18:15:44','2022-08-30 21:50:41',NULL,NULL,NULL,1),(424,'O1qRCnOP',55,9,4,1,0,'2022-09-12 19:39:56','2022-09-11 19:28:02',NULL,NULL,NULL,1),(425,'v7OJyC04',55,8,4,0,0,'2022-09-11 23:19:35','2022-08-30 21:50:42',NULL,NULL,NULL,1),(426,'zpLmcqfP',55,9,4,0,0,'2022-09-12 17:09:32','2022-08-30 21:50:42',NULL,NULL,NULL,1),(427,'ek202xLN',55,9,4,0,0,'2022-09-12 18:23:46','2022-08-30 21:50:43',NULL,NULL,NULL,1),(428,'kiw8Bddm',55,9,4,0,0,'2022-09-12 18:00:53','2022-08-30 21:50:43',NULL,NULL,NULL,1),(429,'HXzn7kdP',55,8,4,0,0,'2022-09-11 19:42:16','2022-08-30 21:50:43',NULL,NULL,NULL,1),(430,'7njv3aFw',56,9,4,0,0,'2022-09-12 19:24:58','2022-08-30 21:50:56',NULL,NULL,NULL,1),(431,'BowCtcHa',56,8,4,0,0,'2022-09-12 01:15:38','2022-08-30 21:50:57',NULL,NULL,NULL,1),(432,'Shl52oZI',56,8,4,0,0,'2022-09-12 00:06:34','2022-08-30 21:50:57',NULL,NULL,NULL,1),(433,'1cLmRyAT',56,8,4,0,0,'2022-09-09 23:26:38','2022-08-30 21:50:58',NULL,NULL,NULL,1),(434,'GNctP4A6',56,9,4,0,0,'2022-09-12 19:25:12','2022-08-30 21:50:58',NULL,NULL,NULL,1),(435,'UjsQel-K',56,9,4,0,0,'2022-09-12 19:24:54','2022-08-30 21:50:58',NULL,NULL,NULL,1),(436,'PrjU7lgd',57,8,4,0,0,'2022-09-08 21:55:38','2022-08-30 21:51:10',NULL,NULL,NULL,1),(437,'fnDpEbTE',57,9,4,0,0,'2022-09-12 18:56:10','2022-08-30 21:51:10',NULL,NULL,NULL,1),(438,'UQENjr5C',57,9,4,0,0,'2022-09-12 21:51:14','2022-08-30 21:51:11',NULL,NULL,NULL,1),(439,'lVXv9fBW',57,9,4,0,0,'2022-09-12 21:13:22','2022-08-30 21:51:11',NULL,NULL,NULL,1),(440,'_Ak0onkX',57,8,4,0,0,'2022-09-10 00:48:42','2022-08-30 21:51:11',NULL,NULL,NULL,1),(441,'RsR7QgER',57,8,4,0,0,'2022-09-12 17:46:21','2022-08-30 21:51:12',NULL,NULL,NULL,1),(442,'dConMoBx',58,9,4,0,0,'2022-09-12 20:28:19','2022-08-30 21:51:30',NULL,NULL,NULL,1),(443,'d_0YuQd-',58,9,4,0,0,'2022-09-12 19:30:06','2022-08-30 21:51:31',NULL,NULL,NULL,1),(444,'fVvRFVZC',58,8,4,0,0,'2022-09-12 22:35:00','2022-08-30 21:51:31',NULL,NULL,NULL,1),(445,'kAwAaPxg',58,8,4,0,0,'2022-09-12 20:44:26','2022-08-30 21:51:31',NULL,NULL,NULL,1),(446,'6nLfjAN8',58,8,4,0,0,'2022-09-12 20:30:39','2022-08-30 21:51:32',NULL,NULL,NULL,1),(447,'iljcOAiT',58,8,4,0,0,'2022-09-12 22:35:05','2022-08-30 21:51:32',NULL,NULL,NULL,1),(448,'Jo-wSOTp',59,9,4,0,0,'2022-09-12 18:25:05','2022-08-30 21:51:40',NULL,NULL,NULL,1),(449,'zMqZewr9',59,9,4,0,0,'2022-09-10 00:11:18','2022-08-30 21:51:40',NULL,NULL,NULL,1),(450,'jakZHYKZ',59,8,4,0,0,'2022-09-11 22:04:09','2022-08-30 21:51:41',NULL,NULL,NULL,1),(451,'PDOf8sbl',59,9,4,0,0,'2022-09-12 17:27:33','2022-08-30 21:51:41',NULL,NULL,NULL,1),(452,'veEKakHs',59,9,4,0,0,'2022-09-12 18:25:09','2022-08-30 21:51:41',NULL,NULL,NULL,1),(453,'mfdGaORi',59,9,4,0,0,'2022-09-12 18:03:15','2022-08-30 21:51:42',NULL,NULL,NULL,1),(454,'mHa8nc28',60,8,4,0,0,'2022-09-12 00:38:29','2022-08-30 21:52:32',NULL,NULL,NULL,1),(455,'6rp_eGcy',60,8,4,0,0,'2022-09-11 22:55:08','2022-08-30 21:52:32',NULL,NULL,NULL,1),(456,'YRB8Npae',60,8,4,0,0,'2022-09-11 01:11:29','2022-08-30 21:52:33',NULL,NULL,NULL,1),(457,'2IoyOSqs',60,9,4,0,0,'2022-09-12 18:52:50','2022-08-30 21:52:33',NULL,NULL,NULL,1),(458,'ACqKZy8z',60,8,4,0,0,'2022-09-10 20:30:59','2022-08-30 21:52:33',NULL,NULL,NULL,1),(459,'9RDOvkEo',60,9,4,0,0,'2022-09-12 21:31:50','2022-08-30 21:52:34',NULL,NULL,NULL,1),(460,'NcU5JJv6',60,9,4,0,0,'2022-09-12 18:52:40','2022-08-30 21:52:34',NULL,NULL,NULL,1),(461,'074Nk3Su',60,9,4,0,0,'2022-09-12 19:15:49','2022-08-30 21:52:35',NULL,NULL,NULL,1),(462,'TggyzxnE',60,8,4,0,0,'2022-09-10 00:12:43','2022-08-30 21:52:35',NULL,NULL,NULL,1),(463,'LpsK-iHF',60,9,4,0,0,'2022-09-11 21:57:04','2022-08-30 21:52:35',NULL,NULL,NULL,1),(464,'27LF7UTt',60,9,4,0,0,'2022-09-12 18:10:11','2022-08-30 21:52:35',NULL,NULL,NULL,1),(465,'9s4OBrJw',60,9,4,0,0,'2022-09-12 19:22:06','2022-08-30 21:52:36',NULL,NULL,NULL,1),(466,'yUJwhL6-',60,9,4,0,0,'2022-09-12 20:23:41','2022-08-30 21:52:36',NULL,NULL,NULL,1),(467,'ozT03Aua',60,8,4,0,0,'2022-09-12 21:06:38','2022-08-30 21:52:37',NULL,NULL,NULL,1),(468,'lv1zwQwQ',60,8,4,0,0,'2022-09-12 00:04:49','2022-08-30 21:52:37',NULL,NULL,NULL,1),(469,'ExyCKuW_',60,9,4,0,0,'2022-09-12 20:05:04','2022-08-30 21:52:37',NULL,NULL,NULL,1),(470,'pxpVBZGT',60,8,4,0,0,'2022-09-12 21:06:48','2022-08-30 21:52:38',NULL,NULL,NULL,1),(471,'6bdcjv_r',60,8,4,0,0,'2022-09-12 00:30:33','2022-08-30 21:52:38',NULL,NULL,NULL,1),(472,'GPAUrKo-',60,9,4,0,0,'2022-09-12 20:23:37','2022-08-30 21:52:38',NULL,NULL,NULL,1),(473,'jfSTnJ_h',60,8,4,1,0,'2022-09-12 00:05:08','2022-09-10 13:20:21',NULL,NULL,NULL,1),(474,'N6TlxJUZ',61,8,4,0,0,'2022-09-11 15:49:58','2022-08-30 21:53:06',NULL,NULL,NULL,1),(475,'uyrzCsE0',61,8,4,0,0,'2022-09-11 15:50:05','2022-08-30 21:53:07',NULL,NULL,NULL,1),(476,'EM-8aCxU',61,8,4,0,0,'2022-09-08 22:04:02','2022-08-30 21:53:07',NULL,NULL,NULL,1),(477,'H5ZVbBy8',61,9,4,0,0,'2022-09-12 17:57:38','2022-08-30 21:53:07',NULL,NULL,NULL,1),(478,'SEYxVE1r',61,8,4,0,0,'2022-09-08 22:04:07','2022-08-30 21:53:08',NULL,NULL,NULL,1),(479,'z1jPtJkw',61,9,4,0,0,'2022-09-12 17:57:30','2022-08-30 21:53:08',NULL,NULL,NULL,1),(480,'SwYx6AkH',62,8,4,0,0,'2022-09-12 00:03:23','2022-08-30 21:53:20',NULL,NULL,NULL,1),(481,'LgF5wD2g',62,8,4,0,0,'2022-09-11 23:44:25','2022-08-30 21:53:21',NULL,NULL,NULL,1),(482,'lRZc8ZoG',62,9,4,0,0,'2022-09-12 16:47:53','2022-08-30 21:53:21',NULL,NULL,NULL,1),(483,'E-0CHRb7',62,8,4,0,0,'2022-09-11 00:59:57','2022-08-30 21:53:21',NULL,NULL,NULL,1),(484,'ADne748G',62,8,4,0,0,'2022-09-10 21:39:09','2022-08-30 21:53:22',NULL,NULL,NULL,1),(485,'RLOjaRN-',62,8,4,0,0,'2022-09-10 01:48:32','2022-08-30 21:53:22',NULL,NULL,NULL,1),(486,'UQi5Mdhw',62,9,4,0,0,'2022-09-12 17:35:18','2022-08-30 21:53:22',NULL,NULL,NULL,1),(487,'Ze6aTRWS',62,9,4,0,0,'2022-09-12 19:26:55','2022-08-30 21:53:23',NULL,NULL,NULL,1),(488,'m-KiAEHJ',62,8,4,0,0,'2022-09-11 18:27:21','2022-08-30 21:53:23',NULL,NULL,NULL,1),(489,'dL7CLufd',62,8,4,0,0,'2022-09-10 01:49:50','2022-08-30 21:53:23',NULL,NULL,NULL,1),(490,'E-0GnpL_',63,8,4,0,0,'2022-09-12 00:47:24','2022-08-30 21:53:42',NULL,NULL,NULL,1),(491,'-IS_Kj9O',63,8,4,0,0,'2022-09-12 00:47:05','2022-08-30 21:53:42',NULL,NULL,NULL,1),(492,'N4akiiQa',63,9,4,0,0,'2022-09-12 18:41:53','2022-08-30 21:53:43',NULL,NULL,NULL,1),(493,'Bv046Yb5',63,8,4,0,0,'2022-09-02 14:45:16','2022-08-30 21:53:43',NULL,NULL,NULL,1),(494,'IRdSnlwZ',63,8,4,0,0,'2022-09-08 20:36:32','2022-08-30 21:53:43',NULL,NULL,NULL,1),(495,'Pz1jp2cB',63,9,4,0,0,'2022-09-12 18:41:49','2022-08-30 21:53:44',NULL,NULL,NULL,1),(496,'DzkfGdFt',64,9,4,0,0,'2022-09-12 17:34:34','2022-08-30 21:53:58',NULL,NULL,NULL,1),(497,'JDPyCLfG',64,8,4,0,0,'2022-09-12 00:27:14','2022-08-30 21:53:58',NULL,NULL,NULL,1),(498,'vIc-8DnH',64,8,4,0,0,'2022-09-11 02:06:28','2022-08-30 21:53:59',NULL,NULL,NULL,1),(499,'i1WSB-N2',64,8,4,0,0,'2022-09-11 02:07:19','2022-08-30 21:53:59',NULL,NULL,NULL,1),(500,'-IjQXlz_',64,8,4,0,0,'2022-09-12 00:35:32','2022-08-30 21:53:59',NULL,NULL,NULL,1),(501,'6tU_dtg2',64,8,4,0,0,'2022-09-11 02:06:13','2022-08-30 21:54:00',NULL,NULL,NULL,1),(502,'F_y_bxjd',65,8,4,0,0,'2022-09-10 01:37:02','2022-09-09 23:13:55',NULL,NULL,NULL,1),(503,'CCFA1E5S',65,9,4,0,0,'2022-09-12 18:40:06','2022-08-30 21:54:12',NULL,NULL,NULL,1),(504,'--T7hZhz',65,9,4,0,0,'2022-09-12 17:11:59','2022-08-30 21:54:12',NULL,NULL,NULL,1),(505,'sKBJjTVA',65,8,4,0,0,'2022-09-10 01:36:48','2022-08-30 21:54:13',NULL,NULL,NULL,1),(506,'exwEfRR3',65,9,4,0,0,'2022-09-12 17:21:26','2022-08-30 21:54:13',NULL,NULL,NULL,1),(507,'QU1g33z6',65,8,4,0,0,'2022-09-11 20:52:32','2022-08-30 21:54:13',NULL,NULL,NULL,1),(508,'_e5NS4kC',66,9,4,0,0,'2022-09-08 16:29:56','2022-08-30 21:54:22',NULL,NULL,NULL,1),(509,'iJ_sWUy-',66,9,4,0,0,'2022-09-11 18:32:51','2022-08-30 21:54:22',NULL,NULL,NULL,1),(510,'uUMJNrBP',66,8,4,0,0,'2022-09-10 00:41:38','2022-08-30 21:54:23',NULL,NULL,NULL,1),(511,'VhEZjSpu',66,8,4,0,0,'2022-09-10 23:45:44','2022-08-30 21:54:23',NULL,NULL,NULL,1),(512,'4URYj5zT',66,9,4,0,0,'2022-09-12 19:55:35','2022-08-30 21:54:23',NULL,NULL,NULL,1),(513,'ZGnMDB6h',66,8,4,0,0,'2022-09-10 18:26:17','2022-08-30 21:54:24',NULL,NULL,NULL,1),(514,'suZLcsJJ',67,9,4,0,0,'2022-09-12 16:40:08','2022-08-30 21:54:59',NULL,NULL,NULL,1),(515,'8wlceV8O',67,9,4,0,0,'2022-09-12 16:39:55','2022-08-30 21:55:00',NULL,NULL,NULL,1),(516,'YdxTaDOL',68,9,4,0,0,'2022-09-12 22:55:46','2022-08-30 21:55:12',NULL,NULL,NULL,1),(517,'LjoGx1B4',68,8,4,0,0,'2022-09-11 21:08:11','2022-08-30 21:55:12',NULL,NULL,NULL,1),(518,'l_04jVXb',69,9,4,0,0,'2022-09-12 17:21:57','2022-08-30 21:55:28',NULL,NULL,NULL,1),(519,'RZninDRq',69,9,4,0,0,'2022-09-10 23:46:25','2022-08-30 21:55:28',NULL,NULL,NULL,1),(520,'hoAtf77b',70,9,4,0,0,'2022-09-09 14:02:59','2022-08-30 21:55:45',NULL,NULL,NULL,1),(521,'dVejwpkk',70,8,4,0,0,'2022-09-02 14:45:16','2022-08-30 21:55:45',NULL,NULL,NULL,1),(522,'u7-qEkxS',71,9,4,0,0,'2022-09-12 18:07:52','2022-08-30 21:56:08',NULL,NULL,NULL,1),(523,'GsSMoDzv',71,8,4,0,0,'2022-09-11 01:06:21','2022-08-30 21:56:09',NULL,NULL,NULL,1),(524,'8ZepNLHg',72,9,4,0,0,'2022-09-12 17:30:04','2022-08-30 21:56:22',NULL,NULL,NULL,1),(525,'tPKc8myw',72,8,4,0,0,'2022-09-09 16:19:53','2022-08-30 21:56:22',NULL,NULL,NULL,1),(526,'il-sthPu',73,9,4,0,0,'2022-09-12 21:43:43','2022-08-30 21:56:27',NULL,NULL,NULL,1),(527,'2adul3TZ',73,9,4,0,0,'2022-09-12 19:12:54','2022-08-30 21:56:27',NULL,NULL,NULL,1),(528,'42XGq2aa',74,9,4,0,0,'2022-09-12 17:27:46','2022-08-30 21:56:36',NULL,NULL,NULL,1),(529,'OLqO3TTB',74,9,4,0,0,'2022-09-12 17:27:41','2022-08-30 21:56:36',NULL,NULL,NULL,1),(530,'UhbCW_xc',75,8,4,0,0,'2022-09-08 19:59:19','2022-08-30 21:59:47',NULL,NULL,NULL,1),(531,'I15bnSFf',75,9,4,0,0,'2022-09-12 19:00:26','2022-08-30 21:59:47',NULL,NULL,NULL,1),(532,'3a4exwW4',75,9,4,0,0,'2022-09-12 19:51:08','2022-08-30 21:59:48',NULL,NULL,NULL,1),(533,'Y9w6zHp_',75,9,4,0,0,'2022-09-12 21:22:43','2022-08-30 21:59:48',NULL,NULL,NULL,1),(534,'DjYP96qI',76,8,4,0,0,'2022-09-02 14:45:16','2022-08-30 22:03:09',NULL,NULL,NULL,1),(535,'6RVB1uHf',76,8,4,0,0,'2022-09-11 20:49:20','2022-08-30 22:03:09',NULL,NULL,NULL,1),(536,'wSFLit5_',76,8,4,0,0,'2022-09-02 14:45:16','2022-08-30 22:03:09',NULL,NULL,NULL,1),(537,'6pZjntM8',76,8,4,0,0,'2022-09-09 23:46:05','2022-08-30 22:03:10',NULL,NULL,NULL,1),(538,'Dt26Amqh',77,8,4,0,0,'2022-09-02 14:45:16','2022-08-30 22:03:20',NULL,NULL,NULL,1),(539,'7Mx8mLdo',77,8,4,0,0,'2022-09-11 01:37:38','2022-08-30 22:03:20',NULL,NULL,NULL,1),(540,'3m7iISk5',77,9,4,0,0,'2022-09-12 18:43:37','2022-08-30 22:03:21',NULL,NULL,NULL,1),(541,'8AhjibIw',77,9,4,0,0,'2022-09-12 17:29:15','2022-08-30 22:03:21',NULL,NULL,NULL,1),(542,'NLwovnSY',78,9,4,0,0,'2022-09-12 18:29:26','2022-08-30 22:03:57',NULL,NULL,NULL,1),(543,'x-THJdgr',78,8,4,0,0,'2022-09-11 21:32:04','2022-08-30 22:03:57',NULL,NULL,NULL,1),(544,'Cxhj_wKH',78,8,4,0,0,'2022-09-11 21:32:21','2022-08-30 22:03:58',NULL,NULL,NULL,1),(545,'xmKn3oQS',78,9,4,0,0,'2022-09-12 18:29:31','2022-08-30 22:03:58',NULL,NULL,NULL,1),(546,'dQxpIIjv',79,9,4,0,0,'2022-09-12 20:21:22','2022-08-30 22:19:54',NULL,NULL,NULL,1),(547,'1PlXes6c',79,8,4,0,0,'2022-09-11 14:00:51','2022-09-09 23:14:14',NULL,NULL,NULL,1),(548,'J1qR_Jt4',79,8,4,0,0,'2022-09-12 20:19:38','2022-08-30 22:08:21',NULL,NULL,NULL,1),(549,'54TKeDoU',79,9,4,0,0,'2022-09-12 17:17:33','2022-08-30 22:08:22',NULL,NULL,NULL,1),(550,'3wbOx7MG',79,9,4,0,0,'2022-09-12 20:21:32','2022-08-30 22:08:22',NULL,NULL,NULL,1),(551,'qMPELinL',79,8,4,0,0,'2022-09-02 14:45:16','2022-08-30 22:08:22',NULL,NULL,NULL,1),(552,'gXrL0t6t',79,9,4,0,0,'2022-09-12 19:54:47','2022-08-30 22:08:23',NULL,NULL,NULL,1),(553,'lCCXg0RJ',79,9,4,0,0,'2022-09-12 16:52:48','2022-08-30 22:08:23',NULL,NULL,NULL,1),(554,'UbVKT2Xg',79,9,4,0,0,'2022-09-12 18:03:02','2022-08-30 22:08:23',NULL,NULL,NULL,1),(555,'nDB5-nIx',79,9,4,0,0,'2022-09-12 18:05:12','2022-08-30 22:08:24',NULL,NULL,NULL,1),(556,'MerLXTzy',79,9,4,0,0,'2022-09-11 11:33:28','2022-08-30 22:08:24',NULL,NULL,NULL,1),(557,'RMvie1TT',79,8,4,0,0,'2022-09-02 14:45:16','2022-08-30 22:08:24',NULL,NULL,NULL,1),(558,'DcrmnYNL',79,8,4,0,0,'2022-09-11 20:57:51','2022-08-30 22:08:25',NULL,NULL,NULL,1),(559,'AApzMeyQ',79,9,4,0,0,'2022-09-12 19:39:49','2022-08-30 22:08:25',NULL,NULL,NULL,1),(560,'zoa-zCk7',79,8,4,0,0,'2022-09-02 14:45:16','2022-08-30 22:08:25',NULL,NULL,NULL,1),(561,'1FlUYh2e',79,9,4,0,0,'2022-09-12 16:37:52','2022-08-30 22:08:26',NULL,NULL,NULL,1),(562,'OLMxUo9U',79,9,4,0,0,'2022-09-12 17:17:41','2022-08-30 22:08:26',NULL,NULL,NULL,1),(563,'Twc5TAjI',79,8,4,0,0,'2022-09-02 14:45:16','2022-08-30 22:08:26',NULL,NULL,NULL,1),(564,'ddEsm6XC',79,8,4,0,0,'2022-09-11 18:42:44','2022-08-30 22:08:26',NULL,NULL,NULL,1),(565,'lxlta_SW',79,8,4,0,0,'2022-09-11 16:52:55','2022-08-30 22:08:27',NULL,NULL,NULL,1),(566,'NaeEex4i',79,9,4,0,0,'2022-09-12 16:09:32','2022-08-30 22:08:27',NULL,NULL,NULL,1),(567,'yLudYXY1',79,8,4,0,0,'2022-09-02 14:45:16','2022-08-30 22:08:27',NULL,NULL,NULL,1),(568,'rKrC8zNO',79,9,4,0,0,'2022-09-12 17:17:36','2022-08-30 22:08:28',NULL,NULL,NULL,1),(569,'uPiN8psc',79,9,4,0,0,'2022-09-12 20:08:20','2022-08-30 22:08:28',NULL,NULL,NULL,1),(570,'x9qzlM6h',79,8,4,0,0,'2022-09-02 14:45:16','2022-08-30 22:08:28',NULL,NULL,NULL,1),(571,'aFYSZTFy',80,8,4,0,0,'2022-09-12 02:12:40','2022-08-30 22:19:56',NULL,NULL,NULL,1),(572,'emWcl7f6',80,8,4,0,0,'2022-09-02 14:45:16','2022-08-30 22:08:44',NULL,NULL,NULL,1),(573,'hsIUnmYj',80,9,4,0,0,'2022-09-11 11:56:23','2022-08-30 22:08:44',NULL,NULL,NULL,1),(574,'qwaKnR0J',80,9,4,0,0,'2022-09-12 18:42:00','2022-08-30 22:08:45',NULL,NULL,NULL,1),(575,'b_guckdS',80,8,4,0,0,'2022-09-02 14:45:16','2022-08-30 22:08:45',NULL,NULL,NULL,1),(576,'JB-mo9nm',80,8,4,0,0,'2022-09-02 14:45:16','2022-08-30 22:08:45',NULL,NULL,NULL,1),(577,'gNr-Rtmy',80,8,4,0,0,'2022-09-12 01:08:57','2022-08-30 22:08:46',NULL,NULL,NULL,1),(578,'4yxkU8Jh',80,8,4,0,0,'2022-09-02 14:45:16','2022-08-30 22:08:46',NULL,NULL,NULL,1),(579,'y2CdJByO',80,9,4,0,0,'2022-09-12 22:12:42','2022-08-30 22:08:46',NULL,NULL,NULL,1),(580,'ppCHaG15',80,9,4,0,0,'2022-09-12 18:48:49','2022-08-30 22:08:47',NULL,NULL,NULL,1),(581,'WbVj3t8w',80,8,4,0,0,'2022-09-02 14:45:16','2022-08-30 22:08:47',NULL,NULL,NULL,1),(582,'OfMrHFFt',80,8,4,0,0,'2022-09-12 02:12:23','2022-08-30 22:08:47',NULL,NULL,NULL,1),(583,'muMDEzjB',80,8,4,0,0,'2022-09-02 14:45:16','2022-08-30 22:08:48',NULL,NULL,NULL,1),(584,'y1FpPgrM',80,9,4,0,0,'2022-09-11 00:25:01','2022-08-30 22:08:48',NULL,NULL,NULL,1),(585,'oxYnIvqy',80,9,4,0,0,'2022-09-11 21:52:08','2022-08-30 22:08:48',NULL,NULL,NULL,1),(586,'TEFLCBRl',80,9,4,0,0,'2022-09-12 18:48:45','2022-08-30 22:08:49',NULL,NULL,NULL,1),(587,'xV63eeyA',80,8,4,0,0,'2022-09-12 19:21:04','2022-08-30 22:08:49',NULL,NULL,NULL,1),(588,'MG_DKI9K',80,9,4,0,0,'2022-09-11 00:24:35','2022-08-30 22:08:49',NULL,NULL,NULL,1),(589,'CFEIX9wO',80,9,4,0,0,'2022-09-12 19:39:35','2022-08-30 22:08:50',NULL,NULL,NULL,1),(590,'LMmG2672',80,9,4,0,0,'2022-09-12 22:07:05','2022-08-30 22:08:50',NULL,NULL,NULL,1),(591,'xqnEwuxf',80,9,4,0,0,'2022-09-12 20:06:29','2022-08-30 22:08:50',NULL,NULL,NULL,1),(592,'NKyf-DAZ',80,8,4,0,0,'2022-09-02 14:45:16','2022-08-30 22:08:51',NULL,NULL,NULL,1),(593,'58R3jPN5',80,8,4,0,0,'2022-09-12 22:31:12','2022-08-30 22:08:51',NULL,NULL,NULL,1),(594,'Ng_r2-Gg',80,9,4,0,0,'2022-09-12 18:51:31','2022-09-05 16:45:25',NULL,NULL,NULL,1),(595,'fL2qscry',80,8,4,0,0,'2022-09-12 02:12:29','2022-08-30 22:08:52',NULL,NULL,NULL,1),(596,'fufcfnVo',81,9,4,0,0,'2022-09-12 19:01:44','2022-08-30 22:19:58',NULL,NULL,NULL,1),(597,'iE7keuzx',81,9,4,0,0,'2022-09-11 14:02:22','2022-08-30 22:09:00',NULL,NULL,NULL,1),(598,'rlIr1ZNK',81,8,4,0,0,'2022-09-11 00:55:13','2022-08-30 22:09:01',NULL,NULL,NULL,1),(599,'gIpiH7FJ',81,9,4,0,0,'2022-09-11 15:19:33','2022-08-30 22:09:01',NULL,NULL,NULL,1),(600,'-nEcOPm7',81,8,4,0,0,'2022-09-11 02:01:29','2022-08-30 22:09:02',NULL,NULL,NULL,1),(601,'i1I1NcTM',81,9,4,0,0,'2022-09-12 22:14:41','2022-08-30 22:09:02',NULL,NULL,NULL,1),(602,'yTlXY7YU',81,9,4,0,0,'2022-09-12 19:01:55','2022-08-30 22:09:03',NULL,NULL,NULL,1),(603,'swQDHHZS',81,9,4,0,0,'2022-09-12 16:52:38','2022-08-30 22:09:03',NULL,NULL,NULL,1),(604,'hsAro0GS',81,8,4,0,0,'2022-09-11 22:38:57','2022-08-30 22:09:03',NULL,NULL,NULL,1),(605,'aCpzrksq',81,8,4,0,0,'2022-09-02 14:45:16','2022-08-30 22:09:04',NULL,NULL,NULL,1),(606,'K2rTf-VB',81,9,4,0,0,'2022-09-12 18:14:58','2022-08-30 22:09:04',NULL,NULL,NULL,1),(607,'n34yzQ1p',81,9,4,0,0,'2022-09-11 18:50:49','2022-08-30 22:09:04',NULL,NULL,NULL,1),(608,'J77QxnSf',81,8,4,0,0,'2022-09-11 22:39:04','2022-08-30 22:09:05',NULL,NULL,NULL,1),(609,'GuajbfgI',81,8,4,0,0,'2022-09-11 05:17:17','2022-08-30 22:09:05',NULL,NULL,NULL,1),(610,'HW4ogz2i',81,8,4,0,0,'2022-09-11 00:55:21','2022-08-30 22:09:05',NULL,NULL,NULL,1),(611,'vHzi9asW',81,8,4,0,0,'2022-09-12 21:19:41','2022-08-30 22:09:06',NULL,NULL,NULL,1),(612,'fMRgJDnO',81,8,4,0,0,'2022-09-08 21:47:01','2022-08-30 22:09:06',NULL,NULL,NULL,1),(613,'GBES19Ty',81,9,4,1,0,'2022-09-12 20:04:50','2022-09-08 19:00:13',NULL,NULL,NULL,1),(614,'0Z28zwn8',81,9,4,0,0,'2022-09-12 19:01:49','2022-08-30 22:09:07',NULL,NULL,NULL,1),(615,'ssl7pNA8',81,8,4,0,0,'2022-09-11 17:11:33','2022-08-30 22:09:07',NULL,NULL,NULL,1),(616,'IRy0bJBj',81,8,4,0,0,'2022-09-11 17:15:06','2022-08-30 22:09:07',NULL,NULL,NULL,1),(617,'i7ZdZT4t',81,9,4,0,0,'2022-09-12 16:17:26','2022-08-30 22:09:08',NULL,NULL,NULL,1),(618,'j54_0FJf',81,9,4,0,0,'2022-09-12 20:20:07','2022-08-30 22:09:08',NULL,NULL,NULL,1),(619,'XJpqfbiy',81,8,4,0,0,'2022-09-11 17:14:57','2022-08-30 22:09:08',NULL,NULL,NULL,1),(620,'EA406DGh',81,8,4,0,0,'2022-09-11 18:04:45','2022-08-30 22:09:09',NULL,NULL,NULL,1),(621,'hT4r98tg',81,9,4,0,0,'2022-09-12 18:26:33','2022-08-30 22:09:09',NULL,NULL,NULL,1),(622,'bHXv8Z4z',81,8,4,0,0,'2022-09-11 17:11:29','2022-08-30 22:09:09',NULL,NULL,NULL,1),(623,'WvdBW_5p',81,9,4,0,0,'2022-09-12 18:08:22','2022-08-30 22:09:10',NULL,NULL,NULL,1),(624,'-NsW6Cnv',81,8,4,0,0,'2022-09-11 17:11:36','2022-08-30 22:09:10',NULL,NULL,NULL,1),(625,'ZrbRS2xp',81,9,4,0,0,'2022-09-12 20:49:25','2022-08-30 22:09:10',NULL,NULL,NULL,1),(626,'LPa_C9d6',82,9,4,0,0,'2022-09-12 17:14:07','2022-08-30 22:20:00',NULL,NULL,NULL,1),(627,'ZFFeg67D',82,9,4,0,0,'2022-09-12 20:48:24','2022-08-30 22:09:41',NULL,NULL,NULL,1),(628,'i0cJN14Q',82,9,4,0,0,'2022-09-11 23:32:30','2022-08-30 22:09:42',NULL,NULL,NULL,1),(629,'Y7U-CwRO',82,9,4,0,0,'2022-09-12 16:39:36','2022-08-30 22:09:42',NULL,NULL,NULL,1),(630,'uwCBLFNz',82,9,4,0,0,'2022-09-12 19:07:13','2022-08-30 22:09:43',NULL,NULL,NULL,1),(631,'dMit9pj5',82,8,4,0,0,'2022-09-11 10:01:39','2022-08-30 22:09:43',NULL,NULL,NULL,1),(632,'c2wOFFEO',82,9,4,0,0,'2022-09-12 16:13:02','2022-08-30 22:09:43',NULL,NULL,NULL,1),(633,'SUDlEs01',82,8,4,0,0,'2022-09-11 22:34:34','2022-08-30 22:09:44',NULL,NULL,NULL,1),(634,'8RilKgpS',82,9,4,0,0,'2022-09-12 17:31:19','2022-08-30 22:09:44',NULL,NULL,NULL,1),(635,'w_DwF3vB',82,8,4,0,0,'2022-09-11 18:41:26','2022-08-30 22:09:45',NULL,NULL,NULL,1),(636,'NRGdFF6F',82,9,4,0,0,'2022-09-12 20:14:47','2022-08-30 22:09:45',NULL,NULL,NULL,1),(637,'0FZZulNe',82,9,4,0,0,'2022-09-12 16:33:40','2022-08-30 22:09:45',NULL,NULL,NULL,1),(638,'F1dG1NsY',82,9,4,0,0,'2022-09-12 02:03:40','2022-08-30 22:09:46',NULL,NULL,NULL,1),(639,'VlrWVqES',82,8,4,0,0,'2022-09-02 14:45:16','2022-08-30 22:09:46',NULL,NULL,NULL,1),(640,'VJ3TzM53',82,9,4,0,0,'2022-09-12 17:12:58','2022-08-30 22:09:46',NULL,NULL,NULL,1),(641,'i7Nry37S',82,9,4,0,0,'2022-09-12 17:00:27','2022-08-30 22:09:47',NULL,NULL,NULL,1),(642,'DBNrR-fZ',82,9,4,0,0,'2022-09-12 15:17:25','2022-08-30 22:09:47',NULL,NULL,NULL,1),(643,'F2IbyPBW',82,9,4,0,0,'2022-09-12 17:37:14','2022-08-30 22:09:47',NULL,NULL,NULL,1),(644,'ZNNFbTIk',82,9,4,0,0,'2022-09-12 17:14:13','2022-08-30 22:09:48',NULL,NULL,NULL,1),(645,'SeL6wfIB',82,8,4,0,0,'2022-09-08 19:07:47','2022-08-30 22:09:48',NULL,NULL,NULL,1),(646,'hD0eN6rf',82,9,4,0,0,'2022-09-12 17:00:43','2022-08-30 22:09:48',NULL,NULL,NULL,1),(647,'9Gbs-0I5',82,8,4,0,0,'2022-09-12 18:27:32','2022-08-30 22:09:48',NULL,NULL,NULL,1),(648,'-FlM9aLe',82,9,4,0,0,'2022-09-12 18:09:06','2022-08-30 22:09:49',NULL,NULL,NULL,1),(649,'azSA0LkS',82,9,4,0,0,'2022-09-11 22:19:24','2022-08-30 22:09:49',NULL,NULL,NULL,1),(650,'q9gB9htz',82,9,4,0,0,'2022-09-12 18:51:37','2022-08-30 22:09:49',NULL,NULL,NULL,1),(651,'gpVSSiMa',82,8,4,0,0,'2022-09-12 01:38:00','2022-08-30 22:09:50',NULL,NULL,NULL,1),(652,'Tb5GznYU',82,9,4,0,0,'2022-09-12 20:54:29','2022-08-30 22:09:50',NULL,NULL,NULL,1),(653,'7bq9miEh',82,9,4,0,0,'2022-09-12 20:29:11','2022-08-30 22:09:51',NULL,NULL,NULL,1),(654,'VtPvG7g9',82,8,4,0,0,'2022-09-11 18:16:14','2022-08-30 22:09:51',NULL,NULL,NULL,1),(655,'HHVY4Hbg',82,8,4,0,0,'2022-09-12 02:19:41','2022-08-30 22:09:51',NULL,NULL,NULL,1),(656,'8h5zWGrB',82,9,4,0,0,'2022-09-12 18:25:17','2022-08-30 22:09:52',NULL,NULL,NULL,1),(657,'FDgiU0xs',80,8,4,0,0,'2022-09-02 14:45:16','2022-08-30 22:11:04',NULL,'2022-09-08 00:00:00','2022-09-13 08:00:00',1),(658,'e8uG7Nhy',79,8,4,0,0,'2022-09-11 17:06:55','2022-08-30 22:11:20',NULL,'2022-09-08 00:00:00','2022-09-13 08:00:00',1),(659,'9PZNpCVA',81,8,4,0,0,'2022-09-08 21:46:39','2022-08-30 22:11:32',NULL,'2022-09-08 00:00:00','2022-09-13 08:00:00',1),(660,'rAfXPo-e',83,9,4,0,0,'2022-09-12 17:23:13','2022-08-30 22:20:02',NULL,NULL,NULL,1),(661,'cJn6vrlS',83,9,4,0,0,'2022-09-10 16:14:10','2022-08-30 22:12:12',NULL,NULL,NULL,1),(662,'VEyIH5w6',83,9,4,0,0,'2022-09-12 00:11:51','2022-08-30 22:12:12',NULL,NULL,NULL,1),(663,'UH20ivtK',83,9,4,0,0,'2022-09-12 17:23:23','2022-08-30 22:12:13',NULL,NULL,NULL,1),(664,'2Li6O3Dr',83,9,4,0,0,'2022-09-12 20:52:35','2022-08-30 22:12:13',NULL,NULL,NULL,1),(665,'5G75aPTF',83,9,4,0,0,'2022-09-12 16:00:14','2022-08-30 22:12:13',NULL,NULL,NULL,1),(666,'jRmf-F5X',83,8,4,0,0,'2022-09-12 02:05:02','2022-09-09 23:10:29',NULL,NULL,NULL,1),(667,'_mJaq7uy',83,8,4,0,0,'2022-09-12 02:03:56','2022-08-30 22:12:14',NULL,NULL,NULL,1),(668,'FLCDzl_r',83,9,4,0,0,'2022-09-11 14:12:52','2022-08-30 22:12:14',NULL,NULL,NULL,1),(669,'wwc8skOo',83,9,4,0,0,'2022-09-12 17:23:28','2022-08-30 22:12:15',NULL,NULL,NULL,1),(670,'67Cczd69',83,9,4,0,0,'2022-09-12 15:20:55','2022-08-30 22:12:15',NULL,NULL,NULL,1),(671,'mFK0tbG_',83,8,4,0,0,'2022-09-12 00:34:57','2022-08-30 22:12:15',NULL,NULL,NULL,1),(672,'9wnK73iA',83,9,4,0,0,'2022-09-12 18:29:50','2022-08-30 22:12:16',NULL,NULL,NULL,1),(673,'qFFrPDNW',83,9,4,0,0,'2022-09-12 18:37:20','2022-08-30 22:12:16',NULL,NULL,NULL,1),(674,'5M1av4L9',83,9,4,0,0,'2022-09-12 15:21:00','2022-08-30 22:12:16',NULL,NULL,NULL,1),(675,'MfVI6jQY',83,9,4,0,0,'2022-09-12 15:34:46','2022-08-30 22:12:17',NULL,NULL,NULL,1),(676,'WC9otbEK',83,9,4,0,0,'2022-09-12 16:00:08','2022-08-30 22:12:17',NULL,NULL,NULL,1),(677,'lCi6CF3n',83,9,4,0,0,'2022-09-12 18:33:08','2022-08-30 22:12:17',NULL,NULL,NULL,1),(678,'Tz9cK-Ld',83,9,4,0,0,'2022-09-12 15:34:40','2022-08-30 22:12:18',NULL,NULL,NULL,1),(679,'9nynSLES',83,9,4,0,0,'2022-09-12 21:11:18','2022-08-30 22:12:18',NULL,NULL,NULL,1),(680,'i7UGbiUu',83,8,4,0,0,'2022-09-12 18:21:23','2022-08-30 22:12:18',NULL,NULL,NULL,1),(681,'mOzqKTYn',83,9,4,0,0,'2022-09-12 18:49:48','2022-08-30 22:12:19',NULL,NULL,NULL,1),(682,'WkMj3Kmt',83,9,4,0,0,'2022-09-12 01:28:19','2022-09-09 23:10:54',NULL,NULL,NULL,1),(683,'-gQ_4ngm',83,9,4,0,0,'2022-09-11 15:27:51','2022-08-30 22:12:19',NULL,NULL,NULL,1),(684,'sGR6uijf',83,9,4,0,0,'2022-09-12 19:04:35','2022-08-30 22:12:20',NULL,NULL,NULL,1),(685,'8yHPYMK7',83,8,4,0,0,'2022-09-02 14:45:16','2022-08-30 22:12:20',NULL,NULL,NULL,1),(686,'0YtZYRSB',83,8,4,0,0,'2022-09-11 00:06:34','2022-08-30 22:12:20',NULL,NULL,NULL,1),(687,'oiHuE5Uo',83,9,4,0,0,'2022-09-12 21:11:28','2022-08-30 22:12:21',NULL,NULL,NULL,1),(688,'gsetqyjs',83,8,4,0,0,'2022-09-12 02:05:18','2022-08-30 22:12:21',NULL,NULL,NULL,1),(689,'M-CCoE47',83,9,4,0,0,'2022-09-12 17:48:35','2022-08-30 22:12:21',NULL,NULL,NULL,1),(690,'g9i5a9gJ',83,8,4,0,0,'2022-09-12 00:35:26','2022-08-30 22:12:22',NULL,NULL,NULL,1),(691,'fq6nEacd',84,9,4,0,0,'2022-09-12 19:05:37','2022-08-30 22:20:05',NULL,NULL,NULL,1),(692,'xKdTyV6r',84,8,4,0,0,'2022-09-11 21:43:32','2022-08-30 22:12:47',NULL,NULL,NULL,1),(693,'5SJbuS_-',84,9,4,0,0,'2022-09-12 19:05:32','2022-08-30 22:12:47',NULL,NULL,NULL,1),(694,'ssZqqVjR',84,8,4,0,0,'2022-09-12 23:22:33','2022-08-30 22:12:48',NULL,NULL,NULL,1),(695,'LxpOSNl2',84,9,4,0,0,'2022-09-12 19:57:21','2022-08-30 22:12:52',NULL,NULL,NULL,1),(696,'3X3LVybP',84,8,4,0,0,'2022-09-11 22:25:36','2022-08-30 22:12:53',NULL,NULL,NULL,1),(697,'hTTCZE18',84,8,4,0,0,'2022-09-11 23:21:59','2022-08-30 22:12:54',NULL,NULL,NULL,1),(698,'GUbASBSc',84,9,4,0,0,'2022-09-12 21:14:41','2022-08-30 22:12:55',NULL,NULL,NULL,1),(699,'RknWjpEX',84,8,4,0,0,'2022-09-02 14:45:16','2022-08-30 22:12:55',NULL,NULL,NULL,1),(700,'25eQ-DSB',84,8,4,0,0,'2022-09-11 01:46:47','2022-08-30 22:12:56',NULL,NULL,NULL,1),(701,'yD80FrvZ',84,8,4,0,0,'2022-09-12 00:19:23','2022-09-09 23:14:38',NULL,NULL,NULL,1),(702,'gDDHo0hf',84,9,4,0,0,'2022-09-12 19:57:36','2022-08-30 22:12:56',NULL,NULL,NULL,1),(703,'UYkr1Q6U',84,9,4,0,0,'2022-09-10 20:35:38','2022-08-30 22:12:57',NULL,NULL,NULL,1),(704,'iYq5zwgl',84,9,4,0,0,'2022-09-12 17:14:26','2022-08-30 22:12:57',NULL,NULL,NULL,1),(705,'qVqXyPh3',84,8,4,1,0,'2022-09-12 01:31:32','2022-09-10 17:27:54',NULL,NULL,NULL,1),(706,'IzeF6Cvb',84,9,4,0,0,'2022-09-12 19:31:04','2022-08-30 22:12:58',NULL,NULL,NULL,1),(707,'9YE9Kea8',84,9,4,0,0,'2022-09-12 18:45:07','2022-08-30 22:12:58',NULL,NULL,NULL,1),(708,'ZktEegrV',84,9,4,0,0,'2022-09-12 00:22:11','2022-08-30 22:12:58',NULL,NULL,NULL,1),(709,'yQ6g26uB',84,8,4,0,0,'2022-09-11 01:38:15','2022-08-30 22:12:59',NULL,NULL,NULL,1),(710,'VrWrgjAo',84,9,4,0,0,'2022-09-12 20:48:08','2022-08-30 22:12:59',NULL,NULL,NULL,1),(711,'EXpANc56',84,9,4,0,0,'2022-09-12 18:30:47','2022-08-30 22:12:59',NULL,NULL,NULL,1),(712,'aFj6DCMJ',84,9,4,0,0,'2022-09-10 21:32:42','2022-08-30 22:13:00',NULL,NULL,NULL,1),(713,'ioM2zf46',84,9,4,0,0,'2022-09-12 21:22:28','2022-08-30 22:13:00',NULL,NULL,NULL,1),(714,'3juXQlnY',84,8,4,0,0,'2022-09-11 17:27:15','2022-08-30 22:13:00',NULL,NULL,NULL,1),(715,'mFrj574Z',84,9,4,0,0,'2022-09-12 18:33:42','2022-08-30 22:13:01',NULL,NULL,NULL,1),(716,'SiZF1srF',84,9,4,0,0,'2022-09-12 17:15:06','2022-08-30 22:13:01',NULL,NULL,NULL,1),(717,'-RBRLdpb',84,9,4,0,0,'2022-09-12 20:38:30','2022-08-30 22:13:01',NULL,NULL,NULL,1),(718,'EerYQWmn',84,9,4,0,0,'2022-09-12 18:02:26','2022-08-30 22:13:02',NULL,NULL,NULL,1),(719,'hJLsrQNL',84,9,4,0,0,'2022-09-12 18:33:54','2022-08-30 22:13:02',NULL,NULL,NULL,1),(720,'xo1g2iZ6',84,8,4,0,0,'2022-09-02 14:45:16','2022-08-30 22:13:02',NULL,NULL,NULL,1),(721,'9fxXwx_r',84,8,4,0,0,'2022-09-11 22:10:20','2022-08-30 22:13:03',NULL,NULL,NULL,1),(722,'v26vUIHB',85,9,4,1,0,'2022-09-12 19:02:48','2022-09-08 18:51:59',NULL,NULL,NULL,1),(723,'9_cNpplL',85,9,4,0,0,'2022-09-12 19:44:51','2022-08-30 22:13:28',NULL,NULL,NULL,1),(724,'0S6WgUlC',85,8,4,0,0,'2022-09-12 02:06:30','2022-08-30 22:13:29',NULL,NULL,NULL,1),(725,'xYu1maTO',85,8,4,1,0,'2022-09-12 00:13:07','2022-09-08 18:36:51',NULL,NULL,NULL,1),(726,'fPvZf3-z',85,9,4,1,0,'2022-09-12 19:00:18','2022-09-11 18:51:59',NULL,NULL,NULL,1),(727,'gZwmDgof',85,9,4,0,0,'2022-09-12 16:48:14','2022-08-30 22:13:30',NULL,NULL,NULL,1),(728,'7dRyPiuu',85,9,4,0,0,'2022-09-12 22:22:48','2022-08-30 22:13:30',NULL,NULL,NULL,1),(729,'mYSSiC4j',85,9,4,0,0,'2022-09-12 19:19:02','2022-08-30 22:13:30',NULL,NULL,NULL,1),(730,'UbR73UFx',85,8,4,0,0,'2022-09-11 23:06:02','2022-08-30 22:13:31',NULL,NULL,NULL,1),(731,'u-s3wVby',85,9,4,0,0,'2022-09-12 17:14:33','2022-08-30 22:13:31',NULL,NULL,NULL,1),(732,'q57ndZ7F',85,9,4,0,0,'2022-09-11 00:51:02','2022-08-30 22:13:31',NULL,NULL,NULL,1),(733,'G4ytiblb',85,8,4,0,0,'2022-09-12 19:59:06','2022-08-30 22:13:32',NULL,NULL,NULL,1),(734,'tgr2JSsC',85,8,4,0,0,'2022-09-12 21:01:53','2022-08-30 22:13:32',NULL,NULL,NULL,1),(735,'e3TuwiDR',85,9,4,0,0,'2022-09-12 15:50:03','2022-08-30 22:13:32',NULL,NULL,NULL,1),(736,'VtfTgMm1',85,8,4,0,0,'2022-09-11 21:44:18','2022-08-30 22:13:33',NULL,NULL,NULL,1),(737,'o_CMDFxb',85,9,4,0,0,'2022-09-11 15:20:55','2022-08-30 22:13:33',NULL,NULL,NULL,1),(738,'9LvMwsb7',85,8,4,0,0,'2022-09-12 22:29:50','2022-08-30 22:13:33',NULL,NULL,NULL,1),(739,'CaTlvzpe',85,9,4,0,0,'2022-09-12 18:16:14','2022-08-30 22:13:34',NULL,NULL,NULL,1),(740,'o8WfZpLU',85,9,4,0,0,'2022-09-12 21:11:46','2022-08-30 22:13:34',NULL,NULL,NULL,1),(741,'j2PopkXg',85,9,4,0,0,'2022-09-12 21:31:01','2022-08-30 22:13:34',NULL,NULL,NULL,1),(742,'v-bbF1Zc',85,8,4,0,0,'2022-09-11 15:25:57','2022-08-30 22:13:35',NULL,NULL,NULL,1),(743,'U6Ngpw5L',85,8,4,0,0,'2022-09-08 23:30:42','2022-08-30 22:13:35',NULL,NULL,NULL,1),(744,'X6kbHu4L',85,9,4,0,0,'2022-09-12 14:02:14','2022-08-30 22:13:35',NULL,NULL,NULL,1),(745,'LLT5D6Tz',85,9,4,0,0,'2022-09-12 22:15:06','2022-08-30 22:13:36',NULL,NULL,NULL,1),(746,'tx0Xzl3j',85,8,4,0,0,'2022-09-11 15:15:02','2022-08-30 22:13:36',NULL,NULL,NULL,1),(747,'F65wlT4O',85,9,4,0,0,'2022-09-12 21:45:36','2022-08-30 22:13:36',NULL,NULL,NULL,1),(748,'wj78WmVU',85,9,4,0,0,'2022-09-12 17:02:41','2022-08-30 22:13:37',NULL,NULL,NULL,1),(749,'W_Iv3oFP',85,9,4,0,0,'2022-09-12 19:32:01','2022-08-30 22:13:37',NULL,NULL,NULL,1),(750,'VLUpjEVj',85,9,4,0,0,'2022-09-12 16:31:36','2022-08-30 22:13:37',NULL,NULL,NULL,1),(751,'ZBwEGHfT',85,8,4,0,0,'2022-09-12 00:12:58','2022-08-30 22:13:38',NULL,NULL,NULL,1),(752,'gbgZ4ZuD',85,9,4,0,0,'2022-09-12 20:12:18','2022-08-30 22:13:38',NULL,NULL,NULL,1),(753,'gEeX5Ywj',86,9,4,0,0,'2022-09-12 18:45:11','2022-08-30 22:19:19',NULL,NULL,NULL,1),(754,'08hNYhEE',86,9,4,0,0,'2022-09-12 20:26:47','2022-08-30 22:19:20',NULL,NULL,NULL,1),(755,'XzS1aq6n',86,8,4,0,0,'2022-09-12 19:14:41','2022-08-30 22:19:20',NULL,NULL,NULL,1),(756,'cW4Xhl5Q',86,8,4,0,0,'2022-09-02 14:45:16','2022-08-30 22:19:21',NULL,NULL,NULL,1),(757,'H8xMT1X8',86,8,4,0,0,'2022-09-09 23:31:26','2022-08-30 22:19:21',NULL,NULL,NULL,1),(758,'6q09owva',86,8,4,0,0,'2022-09-10 02:11:32','2022-08-30 22:19:21',NULL,NULL,NULL,1),(759,'ZdUDVu-7',86,8,4,0,0,'2022-09-12 00:10:11','2022-08-30 22:19:22',NULL,NULL,NULL,1),(760,'BFN2TIm6',86,8,4,0,0,'2022-09-11 19:53:28','2022-08-30 22:19:22',NULL,NULL,NULL,1),(761,'uUn-98hx',86,9,4,0,0,'2022-09-12 18:12:48','2022-08-30 22:19:22',NULL,NULL,NULL,1),(762,'PGBuercw',86,9,4,0,0,'2022-09-11 00:30:06','2022-08-30 22:19:23',NULL,NULL,NULL,1),(763,'NIwKQAEy',86,9,4,0,0,'2022-09-12 19:03:15','2022-08-30 22:19:23',NULL,NULL,NULL,1),(764,'Rphm60i3',86,8,4,0,0,'2022-09-12 19:14:16','2022-08-30 22:19:23',NULL,NULL,NULL,1),(765,'EdMRzg77',86,9,4,0,0,'2022-09-09 23:36:35','2022-08-30 22:19:24',NULL,NULL,NULL,1),(766,'xyELzBY2',86,9,4,0,0,'2022-09-12 21:13:35','2022-08-30 22:19:24',NULL,NULL,NULL,1),(767,'hPTjvl34',86,8,4,0,0,'2022-09-02 14:45:16','2022-08-30 22:19:24',NULL,NULL,NULL,1),(768,'CZieG3NX',86,9,4,0,0,'2022-09-12 16:48:05','2022-08-30 22:19:25',NULL,NULL,NULL,1),(769,'pAfM98Ag',86,8,4,0,0,'2022-09-11 19:53:25','2022-08-30 22:19:25',NULL,NULL,NULL,1),(770,'spY-h0Os',86,9,4,0,0,'2022-09-12 16:48:01','2022-08-30 22:19:25',NULL,NULL,NULL,1),(771,'wCKMQ3Vz',86,8,4,0,0,'2022-09-12 22:23:00','2022-08-30 22:19:26',NULL,NULL,NULL,1),(772,'hIxt7n-S',86,9,4,0,0,'2022-09-12 17:13:09','2022-08-30 22:19:26',NULL,NULL,NULL,1),(773,'SEDvJ3_v',86,8,4,0,0,'2022-09-10 02:11:44','2022-08-30 22:19:26',NULL,NULL,NULL,1),(774,'g7U_RmU3',86,8,4,0,0,'2022-09-11 23:30:21','2022-08-30 22:19:27',NULL,NULL,NULL,1),(775,'SYfmxEBU',86,8,4,0,0,'2022-09-10 02:11:22','2022-08-30 22:19:27',NULL,NULL,NULL,1),(776,'wjBsuHbt',86,8,4,0,0,'2022-09-12 20:59:38','2022-08-30 22:19:27',NULL,NULL,NULL,1),(777,'3MfkjN_G',86,9,4,0,0,'2022-09-12 21:19:08','2022-08-30 22:19:28',NULL,NULL,NULL,1),(778,'aWrUeEDU',86,8,4,1,0,'2022-09-11 02:42:25','2022-09-08 18:55:50',NULL,NULL,NULL,1),(779,'TEt19Lyf',86,8,4,0,0,'2022-09-09 18:46:15','2022-08-30 22:19:28',NULL,NULL,NULL,1),(780,'irUYIVe2',86,9,4,0,0,'2022-09-12 21:06:21','2022-08-30 22:19:29',NULL,NULL,NULL,1),(781,'YLzjz0ZD',86,9,4,0,0,'2022-09-12 20:26:39','2022-08-30 22:19:29',NULL,NULL,NULL,1),(782,'iAeFV6op',86,8,4,0,0,'2022-09-09 19:37:21','2022-08-30 22:19:29',NULL,NULL,NULL,1),(783,'3R17ZkKF',86,8,4,0,0,'2022-09-12 02:14:39','2022-08-30 22:19:30',NULL,NULL,NULL,1),(784,'zbPgMEui',87,8,4,0,0,'2022-09-02 16:27:27','2022-09-02 17:18:07','2022-09-02 17:27:27',NULL,NULL,0),(785,'p0IAXs2O',87,8,4,0,0,'2022-09-02 16:27:31','2022-09-02 17:18:08','2022-09-02 17:27:31',NULL,NULL,0),(786,'S18iZRzM',87,8,4,0,0,'2022-09-02 16:27:37','2022-09-02 17:18:08','2022-09-02 17:27:37',NULL,NULL,0),(787,'Yhd4Jwvt',87,8,4,0,0,'2022-09-02 16:27:41','2022-09-02 17:18:08','2022-09-02 17:27:41',NULL,NULL,0),(788,'OGHqrOm1',87,8,4,0,0,'2022-09-02 16:27:46','2022-09-02 17:18:09','2022-09-02 17:27:46',NULL,NULL,0),(789,'W-HreWbG',87,8,4,0,0,'2022-09-02 16:27:49','2022-09-02 17:18:09','2022-09-02 17:27:49',NULL,NULL,0),(790,'Ig2OHXEE',87,8,4,0,0,'2022-09-02 16:27:54','2022-09-02 17:18:10','2022-09-02 17:27:54',NULL,NULL,0),(791,'5a4pptjE',87,8,4,0,0,'2022-09-02 16:27:58','2022-09-02 17:18:10','2022-09-02 17:27:58',NULL,NULL,0),(792,'fICNbV2_',87,8,4,0,0,'2022-09-02 16:28:07','2022-09-02 17:18:10','2022-09-02 17:28:07',NULL,NULL,0),(793,'Bq_Hj6od',87,8,4,0,0,'2022-09-02 16:28:11','2022-09-02 17:18:11','2022-09-02 17:28:11',NULL,NULL,0),(794,'f7Y-1V6G',87,8,4,0,0,'2022-09-02 16:28:14','2022-09-02 17:18:11','2022-09-02 17:28:14',NULL,NULL,0),(795,'p4Oj35Q9',87,8,4,0,0,'2022-09-02 16:28:19','2022-09-02 17:18:12','2022-09-02 17:28:19',NULL,NULL,0),(796,'Ek7zoIUc',87,8,4,0,0,'2022-09-02 16:28:23','2022-09-02 17:18:12','2022-09-02 17:28:23',NULL,NULL,0),(797,'BGUk0flE',87,8,4,0,0,'2022-09-02 16:28:27','2022-09-02 17:18:12','2022-09-02 17:28:27',NULL,NULL,0),(798,'k-kaIdID',87,8,4,0,0,'2022-09-02 16:28:32','2022-09-02 17:18:13','2022-09-02 17:28:32',NULL,NULL,0),(799,'6lQjYRgD',87,8,4,0,0,'2022-09-02 16:28:36','2022-09-02 17:18:13','2022-09-02 17:28:36',NULL,NULL,0),(800,'pC3EbRIH',87,8,4,0,0,'2022-09-02 16:28:39','2022-09-02 17:18:13','2022-09-02 17:28:39',NULL,NULL,0),(801,'0KXBUiJ8',87,8,4,0,0,'2022-09-02 16:28:43','2022-09-02 17:18:14','2022-09-02 17:28:43',NULL,NULL,0),(802,'dCG_BfeF',87,8,4,0,0,'2022-09-02 16:28:48','2022-09-02 17:18:14','2022-09-02 17:28:48',NULL,NULL,0),(803,'eOdlkQxI',87,8,4,0,0,'2022-09-02 16:28:51','2022-09-02 17:18:15','2022-09-02 17:28:51',NULL,NULL,0),(804,'7o_C16hg',87,8,4,0,0,'2022-09-02 16:29:08','2022-09-02 17:18:15','2022-09-02 17:29:08',NULL,NULL,0),(805,'d5KjMGBN',87,8,4,0,0,'2022-09-02 16:29:12','2022-09-02 17:18:15','2022-09-02 17:29:12',NULL,NULL,0),(806,'vNbpB5Ab',87,8,4,0,0,'2022-09-02 16:29:15','2022-09-02 17:18:16','2022-09-02 17:29:15',NULL,NULL,0),(807,'nni2WZXY',87,8,4,0,0,'2022-09-02 16:29:19','2022-09-02 17:18:16','2022-09-02 17:29:19',NULL,NULL,0),(808,'UTK7rcJC',87,8,4,0,0,'2022-09-02 16:29:23','2022-09-02 17:18:16','2022-09-02 17:29:23',NULL,NULL,0),(809,'UiWlXAKg',87,8,4,0,0,'2022-09-02 16:29:27','2022-09-02 17:18:17','2022-09-02 17:29:27',NULL,NULL,0),(810,'O0IgHJo-',87,8,4,0,0,'2022-09-02 16:29:31','2022-09-02 17:18:17','2022-09-02 17:29:31',NULL,NULL,0),(811,'HXP5qA7M',87,8,4,0,0,'2022-09-02 16:29:35','2022-09-02 17:18:17','2022-09-02 17:29:35',NULL,NULL,0),(812,'EMVhQUMj',87,8,4,0,0,'2022-09-02 16:29:40','2022-09-02 17:18:18','2022-09-02 17:29:40',NULL,NULL,0),(813,'TCBdmHUY',87,8,4,0,0,'2022-09-02 16:29:43','2022-09-02 17:18:18','2022-09-02 17:29:43',NULL,NULL,0),(814,'5sXbDstS',87,8,4,0,0,'2022-09-02 16:29:48','2022-09-02 17:18:19','2022-09-02 17:29:48',NULL,NULL,0),(815,'ZeopZD_K',88,8,4,0,0,'2022-09-02 16:24:04','2022-09-02 17:24:04','2022-09-02 17:20:49',NULL,NULL,0),(816,'90CqBx3c',88,8,4,0,0,'2022-09-02 16:24:04','2022-09-02 17:24:04','2022-09-02 17:21:16',NULL,NULL,0),(817,'er7CfxdN',88,8,4,0,0,'2022-09-02 16:24:04','2022-09-02 17:24:04','2022-09-02 17:22:01',NULL,NULL,0),(818,'CMvhwGs6',88,8,4,0,0,'2022-09-02 16:24:05','2022-09-02 17:24:05','2022-09-02 17:23:01',NULL,NULL,0),(819,'inzLDxX2',88,8,4,0,0,'2022-09-02 16:24:05','2022-09-02 17:24:05','2022-09-02 17:23:04',NULL,NULL,0),(820,'sxM0lbSu',88,8,4,0,0,'2022-09-02 16:24:06','2022-09-02 17:24:06','2022-09-02 17:23:08',NULL,NULL,0),(821,'sAuwyrvy',88,8,4,0,0,'2022-09-02 16:24:06','2022-09-02 17:24:06','2022-09-02 17:23:11',NULL,NULL,0),(822,'DuxSi5z1',88,8,4,0,0,'2022-09-02 16:24:07','2022-09-02 17:24:07','2022-09-02 17:23:14',NULL,NULL,0),(823,'T5YkQOhV',88,8,4,0,0,'2022-09-02 16:24:07','2022-09-02 17:24:07','2022-09-02 17:23:18',NULL,NULL,0),(824,'z3gqXWId',88,8,4,0,0,'2022-09-02 16:24:08','2022-09-02 17:24:07','2022-09-02 17:23:21',NULL,NULL,0),(825,'Hh0saO6Y',88,8,4,0,0,'2022-09-02 16:24:08','2022-09-02 17:24:08','2022-09-02 17:23:25',NULL,NULL,0),(826,'nVUrj2Cl',88,8,4,0,0,'2022-09-02 16:24:08','2022-09-02 17:24:08','2022-09-02 17:23:30',NULL,NULL,0),(827,'rxcFvHho',88,8,4,0,0,'2022-09-02 16:24:09','2022-09-02 17:24:09','2022-09-02 17:23:36',NULL,NULL,0),(828,'zFsbEhUs',88,9,4,0,0,'2022-09-11 15:42:27','2022-09-02 17:24:09',NULL,NULL,NULL,1),(829,'H2-nWJn2',88,9,4,0,0,'2022-09-11 17:30:45','2022-09-02 17:24:09',NULL,NULL,NULL,1),(830,'32jxsa67',88,8,4,0,0,'2022-09-02 17:50:46','2022-09-02 17:24:10',NULL,NULL,NULL,1),(831,'kt47cPo6',88,9,4,0,0,'2022-09-12 19:04:16','2022-09-02 17:24:10',NULL,NULL,NULL,1),(832,'So58TdSd',88,8,4,0,0,'2022-09-09 01:21:45','2022-09-02 17:24:10',NULL,NULL,NULL,1),(833,'yYezGmRb',88,9,4,0,0,'2022-09-12 20:35:17','2022-09-02 17:24:11',NULL,NULL,NULL,1),(834,'QHSjmcvu',88,9,4,0,0,'2022-09-12 02:23:31','2022-09-02 17:24:11',NULL,NULL,NULL,1),(835,'udLgt8H2',88,9,4,0,0,'2022-09-11 13:33:22','2022-09-02 17:24:11',NULL,NULL,NULL,1),(836,'69swfCSE',88,8,4,0,0,'2022-09-08 23:50:49','2022-09-02 17:24:12',NULL,NULL,NULL,1),(837,'SIWB2QjM',88,8,4,0,0,'2022-09-12 02:23:36','2022-09-02 17:24:12',NULL,NULL,NULL,1),(838,'djNXfHez',88,9,4,0,0,'2022-09-08 20:03:12','2022-09-02 17:24:12',NULL,NULL,NULL,1),(839,'q9qzpQQ5',88,8,4,0,0,'2022-09-12 12:11:59','2022-09-02 17:24:13',NULL,NULL,NULL,1),(840,'QXp06ChX',88,9,4,0,0,'2022-09-10 12:23:59','2022-09-02 17:24:13',NULL,NULL,NULL,1),(841,'TncLuQE_',88,9,4,0,0,'2022-09-09 13:27:06','2022-09-02 17:24:14',NULL,NULL,NULL,1),(842,'R1iW3U8s',88,8,4,0,0,'2022-09-02 17:50:46','2022-09-02 17:24:14',NULL,NULL,NULL,1),(843,'dK5bqL-A',88,8,4,0,0,'2022-09-02 17:50:46','2022-09-02 17:24:14',NULL,NULL,NULL,1),(844,'GzMwOnd9',88,9,4,0,0,'2022-09-08 16:34:46','2022-09-02 17:24:14',NULL,NULL,NULL,1),(845,'cxJ-8-ei',88,8,4,0,0,'2022-09-12 12:11:53','2022-09-02 17:24:15',NULL,NULL,NULL,1),(846,'zTqOTesG',89,5,3,0,0,'2022-09-02 17:33:23','2022-09-02 17:33:23',NULL,NULL,NULL,0),(847,'j6W_fuKj',89,5,3,0,0,'2022-09-02 17:33:23','2022-09-02 17:33:23',NULL,NULL,NULL,0),(848,'3PTIc0qZ',89,5,3,0,0,'2022-09-02 17:33:24','2022-09-02 17:33:24',NULL,NULL,NULL,0),(849,'TonRRg0K',89,5,3,0,0,'2022-09-02 17:33:24','2022-09-02 17:33:24',NULL,NULL,NULL,0),(850,'hf-GFPaS',89,5,3,0,0,'2022-09-02 17:33:24','2022-09-02 17:33:24',NULL,NULL,NULL,0),(851,'kNuhIyuQ',90,5,3,0,0,'2022-09-02 17:36:59','2022-09-02 17:36:59',NULL,'2022-09-02 17:36:59','2022-09-02 17:36:59',0),(852,'nJRrZ9n6',90,5,3,0,0,'2022-09-02 17:36:59','2022-09-02 17:36:59',NULL,'2022-09-02 17:36:59','2022-09-02 17:36:59',0),(853,'mAmv-unR',90,5,3,0,0,'2022-09-02 17:36:59','2022-09-02 17:36:59',NULL,'2022-09-02 17:36:59','2022-09-02 17:36:59',0),(854,'rTOttosg',91,8,4,0,0,'2022-09-11 23:19:18','2022-09-02 17:56:19',NULL,'2022-09-08 00:00:00','2022-09-13 08:00:00',1),(855,'X4ASydXf',91,8,4,0,0,'2022-09-02 17:50:46','2022-09-02 17:56:24',NULL,'2022-09-08 00:00:00','2022-09-13 08:00:00',1),(856,'t6FVxpnx',91,8,4,0,0,'2022-09-02 17:50:46','2022-09-02 17:56:30',NULL,'2022-09-08 00:00:00','2022-09-13 08:00:00',1),(857,'HDRmrk51',91,8,4,0,0,'2022-09-02 17:50:46','2022-09-02 17:56:44',NULL,'2022-09-08 00:00:00','2022-09-13 08:00:00',1),(858,'KtOK4XTy',91,8,4,0,0,'2022-09-02 17:50:46','2022-09-02 17:56:49',NULL,'2022-09-08 00:00:00','2022-09-13 08:00:00',1),(859,'Mt4rCqW4',91,8,4,0,0,'2022-09-02 17:50:46','2022-09-02 17:57:05',NULL,'2022-09-08 00:00:00','2022-09-13 08:00:00',1),(860,'BDMyFZ-J',91,8,4,0,0,'2022-09-10 11:27:35','2022-09-02 17:57:12',NULL,'2022-09-08 00:00:00','2022-09-13 08:00:00',1),(861,'9blnJ6sQ',91,8,4,0,0,'2022-09-02 17:50:46','2022-09-02 17:55:46',NULL,'2022-09-08 00:00:00','2022-09-13 08:00:00',1),(862,'TO7AzC0l',91,8,4,0,0,'2022-09-02 17:50:46','2022-09-02 17:55:50',NULL,'2022-09-08 00:00:00','2022-09-13 08:00:00',1),(863,'IvyofFOr',91,8,4,0,0,'2022-09-02 17:50:46','2022-09-02 17:55:54',NULL,'2022-09-08 00:00:00','2022-09-13 08:00:00',1),(864,'efudabCa',91,8,4,0,0,'2022-09-02 17:50:46','2022-09-02 17:56:05',NULL,'2022-09-08 00:00:00','2022-09-13 08:00:00',1),(865,'XbWF58Wq',91,8,4,0,0,'2022-09-02 17:50:46','2022-09-02 17:56:12',NULL,'2022-09-08 00:00:00','2022-09-13 08:00:00',1),(866,'kG_IOwX8',91,8,4,0,0,'2022-09-02 17:50:46','2022-09-02 17:55:40',NULL,'2022-09-08 00:00:00','2022-09-13 08:00:00',1),(867,'x0n6nHrC',91,8,4,0,0,'2022-09-02 17:50:46','2022-09-02 17:55:35',NULL,'2022-09-08 00:00:00','2022-09-13 08:00:00',1),(868,'biCdTSsa',91,8,4,0,0,'2022-09-02 17:50:46','2022-09-02 17:55:29',NULL,'2022-09-08 00:00:00','2022-09-13 08:00:00',1),(869,'mTRlIv4M',91,8,4,0,0,'2022-09-02 17:50:46','2022-09-02 17:55:19',NULL,'2022-09-08 00:00:00','2022-09-13 08:00:00',1),(870,'ch4D77UZ',91,8,4,0,0,'2022-09-11 02:50:15','2022-09-02 17:55:11',NULL,'2022-09-08 00:00:00','2022-09-13 08:00:00',1),(871,'ueqxUDzl',91,8,4,0,0,'2022-09-02 17:50:46','2022-09-02 17:53:43',NULL,'2022-09-08 00:00:00','2022-09-13 08:00:00',1),(872,'oxel-nWQ',92,8,4,0,0,'2022-09-11 04:24:03','2022-09-02 18:11:33',NULL,'2022-09-08 00:00:00','2022-09-13 08:00:00',1),(873,'ZPcTVUS-',92,9,4,0,0,'2022-09-11 02:36:58','2022-09-02 18:11:34',NULL,'2022-09-08 00:00:00','2022-09-13 08:00:00',1),(874,'NCY_eoKx',93,5,3,0,0,'2022-09-02 17:40:51','2022-09-02 17:40:51',NULL,'2022-09-02 17:40:51','2022-09-02 17:40:51',0),(875,'O50fs7kg',93,5,3,0,0,'2022-09-02 17:40:51','2022-09-02 17:40:51',NULL,'2022-09-02 17:40:51','2022-09-02 17:40:51',0),(876,'b7qRLqGv',94,8,4,0,0,'2022-09-10 20:58:16','2022-09-02 18:11:38',NULL,'2022-09-08 00:00:00','2022-09-13 08:00:00',1),(877,'ztFxYZTs',94,8,4,0,0,'2022-09-02 17:50:46','2022-09-02 18:11:39',NULL,'2022-09-02 17:41:11','2022-09-02 17:41:11',1),(878,'g2ohS6H-',95,5,3,0,0,'2022-09-02 17:51:23','2022-09-02 17:51:23',NULL,'2022-03-08 22:32:44','2022-09-30 22:32:44',0),(879,'cmK0tEf1',95,5,3,0,0,'2022-09-02 17:51:23','2022-09-02 17:51:23',NULL,'2022-03-08 22:32:44','2022-09-30 22:32:44',0),(880,'ObwhwEUM',96,5,3,0,0,'2022-09-02 17:53:44','2022-09-02 17:53:44',NULL,'2022-03-16 22:32:44','2022-03-18 22:32:44',0),(881,'baXzZ1du',96,5,3,0,0,'2022-09-02 17:53:44','2022-09-02 17:53:44',NULL,'2022-03-16 22:32:44','2022-03-18 22:32:44',0),(882,'XnH4k6vL',96,5,3,0,0,'2022-09-02 17:53:45','2022-09-02 17:53:45',NULL,'2022-03-16 22:32:44','2022-03-18 22:32:44',0),(883,'m2os3JDf',96,5,3,0,0,'2022-09-02 17:53:45','2022-09-02 17:53:45',NULL,'2022-03-16 22:32:44','2022-03-18 22:32:44',0),(884,'WOaHRM5f',96,5,3,0,0,'2022-09-02 17:53:45','2022-09-02 17:53:45',NULL,'2022-03-16 22:32:44','2022-03-18 22:32:44',0),(885,'AIjjVFsF',97,8,4,0,0,'2022-09-02 17:50:46','2022-09-02 18:11:43',NULL,'2022-09-08 00:00:00','2022-09-13 08:00:00',1),(886,'no8jbEc0',97,8,4,0,0,'2022-09-02 17:50:46','2022-09-02 18:11:44',NULL,'2022-09-08 00:00:00','2022-09-13 08:00:00',1),(887,'X3KegQjt',98,8,4,0,0,'2022-09-02 17:50:46','2022-09-02 18:07:18',NULL,'2022-09-10 00:00:00','2022-09-11 06:00:00',1),(888,'3AYEl9pR',98,8,4,0,0,'2022-09-02 17:50:46','2022-09-02 18:07:19',NULL,'2022-09-10 00:00:00','2022-09-11 06:00:00',1),(889,'JENH4ryW',98,8,4,0,0,'2022-09-02 17:50:46','2022-09-02 18:07:19',NULL,'2022-09-10 00:00:00','2022-09-11 06:00:00',1),(890,'QT0U_Kem',98,8,4,0,0,'2022-09-02 17:50:46','2022-09-02 18:07:19',NULL,'2022-09-10 00:00:00','2022-09-11 06:00:00',1),(891,'5kw-uO-I',99,9,4,0,0,'2022-09-12 18:26:30','2022-09-02 18:17:20',NULL,'2022-09-12 00:00:00','2022-09-13 06:00:00',1),(892,'lPVNBm2A',99,8,4,0,0,'2022-09-02 17:50:45','2022-09-02 18:17:44',NULL,'2022-09-12 00:00:00','2022-09-13 06:00:00',1),(893,'lDiWdIev',99,8,4,0,0,'2022-09-02 17:50:45','2022-09-02 18:18:05',NULL,'2022-09-12 00:00:00','2022-09-13 06:00:00',1),(894,'t8I7p-ky',99,8,4,0,0,'2022-09-02 17:50:45','2022-09-02 18:18:18',NULL,'2022-09-12 00:00:00','2022-09-13 06:00:00',1),(895,'MHJHgluE',100,8,4,0,1,'2022-09-11 17:39:03','2022-09-11 18:39:03',NULL,'2022-09-11 00:00:00','2022-09-12 06:00:00',1),(896,'ZEN0ES5h',100,8,4,0,1,'2022-09-11 17:39:08','2022-09-11 18:39:08',NULL,'2022-09-11 00:00:00','2022-09-12 06:00:00',1),(897,'BMdvNlRI',100,8,4,0,1,'2022-09-11 17:39:13','2022-09-11 18:39:13',NULL,'2022-09-11 00:00:00','2022-09-12 06:00:00',1),(898,'1Y9Jh40_',100,8,4,0,1,'2022-09-11 17:39:18','2022-09-11 18:39:18',NULL,'2022-09-11 00:00:00','2022-09-12 06:00:00',1),(899,'b2NxtJoE',100,8,4,0,1,'2022-09-11 17:39:23','2022-09-11 18:39:23',NULL,'2022-09-11 00:00:00','2022-09-12 06:00:00',1),(900,'Y27ebRwW',100,8,4,0,1,'2022-09-11 17:39:29','2022-09-11 18:39:29',NULL,'2022-09-11 00:00:00','2022-09-12 06:00:00',1),(901,'5gM7JlrW',100,8,4,0,1,'2022-09-11 17:39:35','2022-09-11 18:39:35',NULL,'2022-09-11 00:00:00','2022-09-12 06:00:00',1),(902,'_ESYf93n',100,8,4,0,1,'2022-09-11 17:39:40','2022-09-11 18:39:40',NULL,'2022-09-11 00:00:00','2022-09-12 06:00:00',1),(903,'CeGAeVuZ',100,8,4,0,1,'2022-09-11 17:39:47','2022-09-11 18:39:47',NULL,'2022-09-11 00:00:00','2022-09-12 06:00:00',1),(904,'1veUZUnG',100,8,4,0,1,'2022-09-11 17:39:52','2022-09-11 18:39:52',NULL,'2022-09-11 00:00:00','2022-09-12 06:00:00',1),(905,'Qn2F3aZ4',100,8,4,0,1,'2022-09-11 17:39:59','2022-09-11 18:39:59',NULL,'2022-09-11 00:00:00','2022-09-12 06:00:00',1),(906,'Z2Qo95AA',100,8,4,0,1,'2022-09-11 17:40:06','2022-09-11 18:40:06',NULL,'2022-09-11 00:00:00','2022-09-12 06:00:00',1),(907,'lyPfA3F0',100,8,4,0,1,'2022-09-11 17:40:14','2022-09-11 18:40:14',NULL,'2022-09-11 00:00:00','2022-09-12 06:00:00',1),(908,'6iQXb-Lj',100,8,4,0,1,'2022-09-11 17:40:26','2022-09-11 18:40:25',NULL,'2022-09-11 00:00:00','2022-09-12 06:00:00',1),(909,'utfDqXKY',101,9,4,0,0,'2022-09-11 22:12:46','2022-09-02 18:25:13',NULL,'2022-09-08 00:00:00','2022-09-13 08:00:00',1),(910,'2k9NXmOY',102,8,4,0,0,'2022-09-08 22:49:35','2022-09-02 18:26:14',NULL,'2022-09-08 00:00:00','2022-09-09 06:00:00',1),(911,'Urz1c35o',102,8,4,0,0,'2022-09-09 03:38:49','2022-09-02 18:26:14',NULL,'2022-09-08 00:00:00','2022-09-09 06:00:00',1),(912,'eSD65V2h',102,9,4,0,0,'2022-09-08 19:21:51','2022-09-02 18:26:15',NULL,'2022-09-08 00:00:00','2022-09-09 06:00:00',1),(913,'K3vUIoMb',102,8,4,0,0,'2022-09-02 17:50:45','2022-09-02 18:26:15',NULL,'2022-09-08 00:00:00','2022-09-09 06:00:00',1),(914,'hP_rFkQk',102,9,4,0,0,'2022-09-08 22:32:13','2022-09-02 18:26:15',NULL,'2022-09-08 00:00:00','2022-09-09 06:00:00',1),(915,'J5i3UHT9',102,8,4,0,0,'2022-09-08 23:16:47','2022-09-02 18:26:16',NULL,'2022-09-08 00:00:00','2022-09-09 06:00:00',1),(916,'quUZNGAa',102,8,4,0,0,'2022-09-09 00:33:15','2022-09-02 18:26:16',NULL,'2022-09-08 00:00:00','2022-09-09 06:00:00',1),(917,'n04JmD2C',102,8,4,0,0,'2022-09-08 22:49:45','2022-09-02 18:26:16',NULL,'2022-09-08 00:00:00','2022-09-09 06:00:00',1),(918,'T4iv3YTP',103,8,4,0,0,'2022-09-02 17:50:45','2022-09-02 18:27:31',NULL,'2022-09-08 00:00:00','2022-09-09 06:00:00',1),(919,'-M8_kFRY',103,8,4,0,0,'2022-09-09 01:38:00','2022-09-02 18:27:31',NULL,'2022-09-08 00:00:00','2022-09-09 06:00:00',1),(920,'igtvm3Xy',103,8,4,0,0,'2022-09-09 00:35:15','2022-09-02 18:27:31',NULL,'2022-09-08 00:00:00','2022-09-09 06:00:00',1),(921,'2hBE5scl',103,8,4,0,0,'2022-09-08 22:53:54','2022-09-02 18:27:32',NULL,'2022-09-08 00:00:00','2022-09-09 06:00:00',1),(922,'-IyUpZLd',103,8,4,0,0,'2022-09-09 01:36:21','2022-09-02 18:27:32',NULL,'2022-09-08 00:00:00','2022-09-09 06:00:00',1),(923,'wIEUg91E',55,9,4,0,0,'2022-09-12 17:13:49','2022-09-02 18:36:29',NULL,'2022-09-08 00:00:00','2022-09-13 08:00:00',1),(924,'xnPDRZxf',55,8,4,0,0,'2022-09-11 23:24:55','2022-09-02 18:36:44',NULL,'2022-09-08 00:00:00','2022-09-13 08:00:00',1),(925,'8HeK1dDX',104,8,4,0,0,'2022-09-11 15:35:14','2022-09-02 19:13:59',NULL,'2022-09-11 00:00:00','2022-09-12 06:00:00',1),(926,'SablbO8T',104,9,4,0,0,'2022-09-11 18:43:35','2022-09-02 19:13:59',NULL,'2022-09-11 00:00:00','2022-09-12 06:00:00',1),(927,'2y_m9Xr8',104,9,4,0,0,'2022-09-11 15:34:04','2022-09-02 19:14:00',NULL,'2022-09-11 00:00:00','2022-09-12 06:00:00',1),(928,'2grmIpSj',104,9,4,0,0,'2022-09-11 14:09:49','2022-09-02 19:14:00',NULL,'2022-09-11 00:00:00','2022-09-12 06:00:00',1),(929,'DaWm8cg2',104,9,4,0,0,'2022-09-12 00:17:56','2022-09-02 19:14:00',NULL,'2022-09-11 00:00:00','2022-09-12 06:00:00',1),(930,'OodDorvd',104,8,4,0,0,'2022-09-11 16:40:19','2022-09-02 19:14:01',NULL,'2022-09-11 00:00:00','2022-09-12 06:00:00',1),(931,'5Dg_iKJ6',104,8,4,0,0,'2022-09-11 15:33:31','2022-09-02 19:14:01',NULL,'2022-09-11 00:00:00','2022-09-12 06:00:00',1),(932,'5BXfg3Vo',104,9,4,0,0,'2022-09-11 14:08:55','2022-09-02 19:14:02',NULL,'2022-09-11 00:00:00','2022-09-12 06:00:00',1),(933,'nMTX40YU',104,9,4,0,0,'2022-09-11 14:13:20','2022-09-02 19:14:02',NULL,'2022-09-11 00:00:00','2022-09-12 06:00:00',1),(934,'ZMNqxLIe',104,8,4,0,0,'2022-09-11 15:12:06','2022-09-02 19:14:03',NULL,'2022-09-11 00:00:00','2022-09-12 06:00:00',1),(935,'NRBqC7wY',104,8,4,0,0,'2022-09-11 23:14:52','2022-09-02 19:14:03',NULL,'2022-09-11 00:00:00','2022-09-12 06:00:00',1),(936,'zceKFWqp',104,8,4,0,0,'2022-09-11 23:53:11','2022-09-02 19:14:03',NULL,'2022-09-11 00:00:00','2022-09-12 06:00:00',1),(937,'cRz7iZBI',104,8,4,0,0,'2022-09-11 23:53:04','2022-09-02 19:14:04',NULL,'2022-09-11 00:00:00','2022-09-12 06:00:00',1),(938,'zzSHwuYc',104,9,4,0,0,'2022-09-11 14:09:40','2022-09-02 19:14:04',NULL,'2022-09-11 00:00:00','2022-09-12 06:00:00',1),(939,'SY24FTFX',104,9,4,0,0,'2022-09-11 14:08:33','2022-09-02 19:14:05',NULL,'2022-09-11 00:00:00','2022-09-12 06:00:00',1),(940,'rNnjZQim',104,8,4,0,0,'2022-09-11 16:40:23','2022-09-02 19:14:05',NULL,'2022-09-11 00:00:00','2022-09-12 06:00:00',1),(941,'PLlAtHVM',104,8,4,0,0,'2022-09-11 18:21:57','2022-09-02 19:14:05',NULL,'2022-09-11 00:00:00','2022-09-12 06:00:00',1),(942,'xHlukDks',104,9,4,0,0,'2022-09-11 15:37:54','2022-09-02 19:14:06',NULL,'2022-09-11 00:00:00','2022-09-12 06:00:00',1),(943,'slEwpGbJ',104,8,4,0,0,'2022-09-11 15:38:09','2022-09-02 19:14:06',NULL,'2022-09-11 00:00:00','2022-09-12 06:00:00',1),(944,'fItObshF',104,8,4,0,0,'2022-09-11 15:33:46','2022-09-02 19:14:06',NULL,'2022-09-11 00:00:00','2022-09-12 06:00:00',1),(945,'tLm-V_dn',104,8,4,0,0,'2022-09-11 15:59:57','2022-09-02 19:14:07',NULL,'2022-09-11 00:00:00','2022-09-12 06:00:00',1),(946,'gO441i7H',104,8,4,0,0,'2022-09-11 21:37:31','2022-09-02 19:14:07',NULL,'2022-09-11 00:00:00','2022-09-12 06:00:00',1),(947,'dhEQp7lu',104,8,4,0,0,'2022-09-11 15:59:52','2022-09-02 19:14:08',NULL,'2022-09-11 00:00:00','2022-09-12 06:00:00',1),(948,'rD4Pg1bP',104,8,4,0,0,'2022-09-11 15:38:01','2022-09-02 19:14:08',NULL,'2022-09-11 00:00:00','2022-09-12 06:00:00',1),(949,'ZN3I8sAl',104,8,4,0,0,'2022-09-11 15:34:41','2022-09-02 19:14:08',NULL,'2022-09-11 00:00:00','2022-09-12 06:00:00',1),(950,'qH2S1RQf',104,8,4,0,0,'2022-09-11 15:34:15','2022-09-02 19:14:09',NULL,'2022-09-11 00:00:00','2022-09-12 06:00:00',1),(951,'mToweA9y',104,8,4,0,0,'2022-09-11 15:35:06','2022-09-02 19:14:09',NULL,'2022-09-11 00:00:00','2022-09-12 06:00:00',1),(952,'KF4g57m8',104,8,4,0,0,'2022-09-11 15:12:27','2022-09-02 19:14:09',NULL,'2022-09-11 00:00:00','2022-09-12 06:00:00',1),(953,'Ye7JSWhJ',104,8,4,0,0,'2022-09-11 16:57:12','2022-09-02 19:14:10',NULL,'2022-09-11 00:00:00','2022-09-12 06:00:00',1),(954,'aMPh4Swc',104,9,4,0,0,'2022-09-11 15:28:19','2022-09-02 19:14:10',NULL,'2022-09-11 00:00:00','2022-09-12 06:00:00',1),(955,'9O8Vmem-',104,9,4,0,0,'2022-09-11 21:49:44','2022-09-02 19:14:10',NULL,'2022-09-11 00:00:00','2022-09-12 06:00:00',1),(956,'6EmJrrNI',104,9,4,0,0,'2022-09-11 14:09:34','2022-09-02 19:14:11',NULL,'2022-09-11 00:00:00','2022-09-12 06:00:00',1),(957,'nyVV5oPL',104,9,4,0,0,'2022-09-11 14:07:38','2022-09-02 19:14:11',NULL,'2022-09-11 00:00:00','2022-09-12 06:00:00',1),(958,'EaV6Hc2R',104,9,4,0,0,'2022-09-11 21:37:28','2022-09-02 19:14:11',NULL,'2022-09-11 00:00:00','2022-09-12 06:00:00',1),(959,'k_HUXY1d',104,9,4,0,0,'2022-09-12 00:30:29','2022-09-02 19:14:12',NULL,'2022-09-11 00:00:00','2022-09-12 06:00:00',1),(960,'u8usFkld',105,8,4,0,0,'2022-09-11 15:13:01','2022-09-02 19:13:39',NULL,'2022-09-11 00:00:00','2022-09-12 06:00:00',1),(961,'6PcvQKik',105,9,4,0,0,'2022-09-11 13:31:06','2022-09-02 19:13:39',NULL,'2022-09-11 00:00:00','2022-09-12 06:00:00',1),(962,'CpDSjktm',105,8,4,0,0,'2022-09-11 19:39:53','2022-09-02 19:13:40',NULL,'2022-09-11 00:00:00','2022-09-12 06:00:00',1),(963,'A-5Udb45',105,9,4,0,0,'2022-09-11 13:00:07','2022-09-02 19:13:40',NULL,'2022-09-11 00:00:00','2022-09-12 06:00:00',1),(964,'SIruRB0V',105,8,4,0,0,'2022-09-11 19:15:53','2022-09-02 19:13:41',NULL,'2022-09-11 00:00:00','2022-09-12 06:00:00',1),(965,'2A1MEPHB',105,9,4,0,0,'2022-09-11 14:49:43','2022-09-02 19:13:41',NULL,'2022-09-11 00:00:00','2022-09-12 06:00:00',1),(966,'t5_3ks13',105,8,4,0,0,'2022-09-11 15:19:03','2022-09-02 19:13:41',NULL,'2022-09-11 00:00:00','2022-09-12 06:00:00',1),(967,'GmCRR1Ff',105,8,4,0,0,'2022-09-02 18:13:42','2022-09-02 19:13:42',NULL,'2022-09-11 00:00:00','2022-09-12 06:00:00',1),(968,'BojR0LN_',105,8,4,0,0,'2022-09-11 14:37:25','2022-09-02 19:13:42',NULL,'2022-09-11 00:00:00','2022-09-12 06:00:00',1),(969,'DhN7035S',105,8,4,0,0,'2022-09-11 15:11:14','2022-09-02 19:13:42',NULL,'2022-09-11 00:00:00','2022-09-12 06:00:00',1),(970,'_BnDUY9t',105,8,4,0,0,'2022-09-11 15:18:44','2022-09-02 19:13:43',NULL,'2022-09-11 00:00:00','2022-09-12 06:00:00',1),(971,'Dvdh5fP1',105,8,4,0,0,'2022-09-11 15:13:18','2022-09-02 19:13:43',NULL,'2022-09-11 00:00:00','2022-09-12 06:00:00',1),(972,'txq7y3vB',105,8,4,0,0,'2022-09-02 18:13:44','2022-09-02 19:13:44',NULL,'2022-09-11 00:00:00','2022-09-12 06:00:00',1),(973,'nT2IPrTd',105,8,4,0,0,'2022-09-11 15:02:14','2022-09-02 19:13:44',NULL,'2022-09-11 00:00:00','2022-09-12 06:00:00',1),(974,'X0mBa6_9',105,8,4,0,0,'2022-09-11 15:11:56','2022-09-02 19:13:44',NULL,'2022-09-11 00:00:00','2022-09-12 06:00:00',1),(975,'j6wBykSF',105,8,4,0,0,'2022-09-11 15:28:14','2022-09-02 19:13:45',NULL,'2022-09-11 00:00:00','2022-09-12 06:00:00',1),(976,'CUrYcxIs',105,8,4,0,0,'2022-09-11 15:31:55','2022-09-02 19:13:45',NULL,'2022-09-11 00:00:00','2022-09-12 06:00:00',1),(977,'nq_VP6ef',105,8,4,0,0,'2022-09-11 14:51:05','2022-09-02 19:13:45',NULL,'2022-09-11 00:00:00','2022-09-12 06:00:00',1),(978,'Es9zlA3K',105,8,4,0,0,'2022-09-02 18:13:46','2022-09-02 19:13:46',NULL,'2022-09-11 00:00:00','2022-09-12 06:00:00',1),(979,'U7ZGiC6N',105,8,4,0,0,'2022-09-11 15:28:27','2022-09-02 19:13:46',NULL,'2022-09-11 00:00:00','2022-09-12 06:00:00',1),(980,'2cn5UaIW',105,8,4,0,0,'2022-09-02 18:13:46','2022-09-02 19:13:46',NULL,'2022-09-11 00:00:00','2022-09-12 06:00:00',1),(981,'dUzSHqzY',105,9,4,0,0,'2022-09-11 15:27:06','2022-09-02 19:13:47',NULL,'2022-09-11 00:00:00','2022-09-12 06:00:00',1),(982,'jioywmb_',105,9,4,0,0,'2022-09-11 19:53:02','2022-09-02 19:13:47',NULL,'2022-09-11 00:00:00','2022-09-12 06:00:00',1),(983,'S1wH-t--',105,8,4,0,0,'2022-09-11 15:13:09','2022-09-02 19:13:47',NULL,'2022-09-11 00:00:00','2022-09-12 06:00:00',1),(984,'eAWOfi-B',105,8,4,0,0,'2022-09-11 15:14:05','2022-09-02 19:13:48',NULL,'2022-09-11 00:00:00','2022-09-12 06:00:00',1),(985,'jNb-kz0C',105,8,4,0,0,'2022-09-02 18:13:48','2022-09-02 19:13:48',NULL,'2022-09-11 00:00:00','2022-09-12 06:00:00',1),(986,'Pm_Ozb2M',105,8,4,0,0,'2022-09-11 15:04:19','2022-09-02 19:13:48',NULL,'2022-09-11 00:00:00','2022-09-12 06:00:00',1),(987,'XhbhHObE',105,8,4,0,0,'2022-09-11 15:13:37','2022-09-02 19:13:49',NULL,'2022-09-11 00:00:00','2022-09-12 06:00:00',1),(988,'9npAKerK',105,8,4,0,0,'2022-09-11 15:28:22','2022-09-02 19:13:49',NULL,'2022-09-11 00:00:00','2022-09-12 06:00:00',1),(989,'n_lyR9sd',105,8,4,0,0,'2022-09-02 18:13:49','2022-09-02 19:13:49',NULL,'2022-09-11 00:00:00','2022-09-12 06:00:00',1),(990,'aRhiCOPH',105,8,4,0,0,'2022-09-02 18:13:50','2022-09-02 19:13:50',NULL,'2022-09-11 00:00:00','2022-09-12 06:00:00',1),(991,'o9RLeCd2',105,8,4,0,0,'2022-09-11 15:13:48','2022-09-02 19:13:50',NULL,'2022-09-11 00:00:00','2022-09-12 06:00:00',1),(992,'_robhQpu',105,8,4,0,0,'2022-09-02 18:13:50','2022-09-02 19:13:50',NULL,'2022-09-11 00:00:00','2022-09-12 06:00:00',1),(993,'dFcd6CDZ',105,8,4,0,0,'2022-09-11 15:04:36','2022-09-02 19:13:51',NULL,'2022-09-11 00:00:00','2022-09-12 06:00:00',1),(994,'tkMoVCgj',105,8,4,0,0,'2022-09-12 00:29:13','2022-09-02 19:13:51',NULL,'2022-09-11 00:00:00','2022-09-12 06:00:00',1),(995,'rrclteQ1',105,8,4,0,0,'2022-09-11 14:49:58','2022-09-02 19:13:51',NULL,NULL,NULL,1),(996,'M1RmWqdd',105,8,4,0,0,'2022-09-11 23:45:13','2022-09-02 19:13:52',NULL,NULL,NULL,1),(997,'WilJRmoh',105,8,4,0,0,'2022-09-02 18:13:52','2022-09-02 19:13:52',NULL,NULL,NULL,1),(998,'gZ37RkjP',105,8,4,0,0,'2022-09-11 14:38:08','2022-09-02 19:13:52',NULL,NULL,NULL,1),(999,'MU3zJUOq',105,8,4,0,0,'2022-09-11 15:51:25','2022-09-02 19:13:53',NULL,NULL,NULL,1),(1000,'-ISoDCIf',106,9,4,0,0,'2022-09-11 15:48:25','2022-09-02 19:13:23',NULL,'2022-09-10 00:00:00','2022-09-12 06:00:00',1),(1001,'zRE3bxJn',106,9,4,0,0,'2022-09-10 19:19:38','2022-09-02 19:13:24',NULL,'2022-09-10 00:00:00','2022-09-12 06:00:00',1),(1002,'EjNyAmMw',106,9,4,0,0,'2022-09-11 15:48:20','2022-09-02 19:13:24',NULL,'2022-09-10 00:00:00','2022-09-12 06:00:00',1),(1003,'7S80SK9y',106,8,4,0,0,'2022-09-11 18:41:59','2022-09-02 19:13:24',NULL,'2022-09-10 00:00:00','2022-09-12 06:00:00',1),(1004,'33GMxzs0',107,8,4,0,0,'2022-09-02 18:28:20','2022-09-02 19:27:21',NULL,'2022-09-11 00:00:00','2022-09-11 20:00:00',1),(1005,'drVTaluZ',107,8,4,0,0,'2022-09-02 18:28:20','2022-09-02 19:27:21',NULL,'2022-09-11 00:00:00','2022-09-11 20:00:00',1),(1006,'TBWKfLic',107,8,4,0,0,'2022-09-11 15:01:03','2022-09-02 19:27:22',NULL,'2022-09-11 00:00:00','2022-09-11 20:00:00',1),(1007,'wnspEFxP',107,8,4,0,0,'2022-09-11 15:44:05','2022-09-02 19:27:22',NULL,'2022-09-11 00:00:00','2022-09-11 20:00:00',1),(1008,'_apF0qka',107,9,4,0,0,'2022-09-11 11:41:30','2022-09-02 19:27:22',NULL,'2022-09-11 00:00:00','2022-09-11 20:00:00',1),(1009,'4T3H59oc',107,8,4,0,0,'2022-09-02 18:28:20','2022-09-02 19:27:22',NULL,'2022-09-11 00:00:00','2022-09-11 20:00:00',1),(1010,'GiXrGY4V',107,8,4,0,0,'2022-09-11 15:07:19','2022-09-02 19:27:23',NULL,'2022-09-11 00:00:00','2022-09-11 20:00:00',1),(1011,'Qib6swyI',107,8,4,0,0,'2022-09-11 09:02:20','2022-09-02 19:27:23',NULL,'2022-09-11 00:00:00','2022-09-11 20:00:00',1),(1012,'fQNrQvc4',107,8,4,0,0,'2022-09-02 18:28:20','2022-09-02 19:27:24',NULL,'2022-09-11 00:00:00','2022-09-11 20:00:00',1),(1013,'4V5RbR-0',107,8,4,0,0,'2022-09-11 15:07:08','2022-09-02 19:27:24',NULL,'2022-09-11 00:00:00','2022-09-11 20:00:00',1),(1014,'UpvrvJtO',107,8,4,0,0,'2022-09-11 15:00:54','2022-09-02 19:27:24',NULL,'2022-09-11 00:00:00','2022-09-11 20:00:00',1),(1015,'KJ7Co68Q',107,8,4,0,0,'2022-09-11 15:02:02','2022-09-02 19:27:25',NULL,'2022-09-11 00:00:00','2022-09-11 20:00:00',1),(1016,'IjNqK1ls',107,8,4,0,0,'2022-09-11 15:06:44','2022-09-02 19:27:25',NULL,'2022-09-11 00:00:00','2022-09-11 20:00:00',1),(1017,'7nZZOpPX',107,8,4,0,0,'2022-09-02 18:28:20','2022-09-02 19:27:25',NULL,'2022-09-11 00:00:00','2022-09-11 20:00:00',1),(1018,'6ao--AHX',107,8,4,0,0,'2022-09-02 18:28:20','2022-09-02 19:27:26',NULL,'2022-09-11 00:00:00','2022-09-11 20:00:00',1),(1019,'njk9N_iG',107,9,4,0,0,'2022-09-11 11:41:14','2022-09-02 19:27:26',NULL,'2022-09-11 00:00:00','2022-09-11 20:00:00',1),(1020,'Na_y7_FD',107,8,4,0,0,'2022-09-11 15:00:46','2022-09-02 19:27:26',NULL,'2022-09-11 00:00:00','2022-09-11 20:00:00',1),(1021,'jyKTCH7P',107,9,4,0,0,'2022-09-11 15:21:21','2022-09-02 19:27:27',NULL,'2022-09-11 00:00:00','2022-09-11 20:00:00',1),(1022,'qbde6mNv',107,8,4,0,0,'2022-09-11 15:43:58','2022-09-02 19:27:27',NULL,'2022-09-11 00:00:00','2022-09-11 20:00:00',1),(1023,'dgCue8Z5',107,8,4,0,0,'2022-09-02 18:28:21','2022-09-02 19:27:27',NULL,'2022-09-11 00:00:00','2022-09-11 20:00:00',1),(1024,'lxjp1_o0',9,8,4,0,0,'2022-09-08 22:30:29','2022-09-05 13:14:01',NULL,'2022-09-08 00:00:00','2022-09-13 08:00:00',1),(1025,'1Fw8rhsF',11,9,4,0,0,'2022-09-12 22:05:42','2022-09-05 12:20:38',NULL,NULL,NULL,1),(1026,'S4lw-s1f',11,9,4,0,0,'2022-09-10 11:18:38','2022-09-05 12:20:39',NULL,NULL,NULL,1),(1027,'Fa7Y056F',11,9,4,0,0,'2022-09-12 17:47:56','2022-09-05 12:20:39',NULL,NULL,NULL,1),(1028,'6tjQlarM',11,8,4,0,0,'2022-09-12 21:09:45','2022-09-05 12:20:39',NULL,NULL,NULL,1),(1029,'D6gSG-vl',11,8,4,0,0,'2022-09-12 04:00:23','2022-09-05 12:20:40',NULL,NULL,NULL,1),(1030,'x1g_qVx3',11,8,4,0,0,'2022-09-11 14:11:02','2022-09-05 12:20:40',NULL,NULL,NULL,1),(1031,'5R-h2QXJ',11,9,4,0,0,'2022-09-12 21:16:01','2022-09-05 12:20:40',NULL,NULL,NULL,1),(1032,'bHAr3oyO',11,8,4,0,0,'2022-09-05 16:36:38','2022-09-05 12:20:41',NULL,NULL,NULL,1),(1033,'nsCUG80p',11,9,4,0,0,'2022-09-12 17:12:50','2022-09-05 12:20:41',NULL,NULL,NULL,1),(1034,'nCrmQ73R',11,8,4,0,0,'2022-09-11 23:31:29','2022-09-05 12:20:41',NULL,NULL,NULL,1),(1035,'YgFVI2-e',11,8,4,0,0,'2022-09-11 23:07:46','2022-09-05 12:20:42',NULL,NULL,NULL,1),(1036,'pN0jiLtd',11,8,4,0,0,'2022-09-11 22:38:22','2022-09-05 12:20:43',NULL,NULL,NULL,1),(1037,'payI65pC',11,8,4,0,0,'2022-09-05 16:36:38','2022-09-05 12:20:43',NULL,NULL,NULL,1),(1038,'yeUWSD1b',11,9,4,0,0,'2022-09-12 00:29:18','2022-09-05 12:20:43',NULL,NULL,NULL,1),(1039,'o8d443Aw',11,8,4,0,0,'2022-09-11 23:24:49','2022-09-05 12:20:44',NULL,NULL,NULL,1),(1040,'yLJ7j6lw',11,8,4,0,0,'2022-09-05 16:36:38','2022-09-05 12:20:44',NULL,NULL,NULL,1),(1041,'hjSoYv00',11,9,4,0,0,'2022-09-12 17:47:53','2022-09-05 12:20:45',NULL,NULL,NULL,1),(1042,'3umE0qPs',11,8,4,0,0,'2022-09-12 01:11:18','2022-09-05 12:20:45',NULL,NULL,NULL,1),(1043,'s0RVvlBj',11,9,4,0,0,'2022-09-11 21:09:46','2022-09-05 12:20:45',NULL,NULL,NULL,1),(1044,'QSs30Pun',11,9,4,1,0,'2022-09-09 17:53:59','2022-09-09 11:47:57',NULL,NULL,NULL,1),(1045,'m1YX3SCG',11,9,4,0,0,'2022-09-12 16:56:39','2022-09-05 12:20:46',NULL,NULL,NULL,1),(1046,'v1RW4Qfj',11,9,4,0,0,'2022-09-10 20:47:29','2022-09-05 12:20:47',NULL,NULL,NULL,1),(1047,'x6g3BV7Y',11,8,4,0,0,'2022-09-11 19:29:35','2022-09-05 12:20:47',NULL,NULL,NULL,1),(1048,'thIHzhCH',11,8,4,0,0,'2022-09-05 16:36:38','2022-09-05 12:20:47',NULL,NULL,NULL,1),(1049,'e7lyeY09',11,9,4,0,0,'2022-09-11 17:27:48','2022-09-05 12:20:48',NULL,NULL,NULL,1),(1050,'85myJp7D',11,9,4,0,0,'2022-09-11 06:53:39','2022-09-05 12:20:48',NULL,NULL,NULL,1),(1051,'VENp-Jm_',11,8,4,0,0,'2022-09-05 16:36:38','2022-09-05 12:20:48',NULL,NULL,NULL,1),(1052,'Xx2Pghd8',11,9,4,0,1,'2022-09-11 15:24:38','2022-09-11 16:24:38',NULL,NULL,NULL,1),(1053,'4eBMwmf3',11,8,4,0,0,'2022-09-05 16:36:38','2022-09-05 12:20:49',NULL,NULL,NULL,1),(1054,'jelska5y',11,9,4,0,0,'2022-09-12 17:48:44','2022-09-05 12:20:50',NULL,NULL,NULL,1),(1055,'XMPEe6kc',11,8,4,0,0,'2022-09-11 14:31:45','2022-09-05 12:20:50',NULL,NULL,NULL,1),(1056,'7yzT5yx3',11,9,4,0,0,'2022-09-12 16:56:35','2022-09-05 12:20:50',NULL,NULL,NULL,1),(1057,'E3CK1Dvv',11,9,4,0,0,'2022-09-12 16:37:58','2022-09-05 12:20:50',NULL,NULL,NULL,1),(1058,'XPQLVXkk',11,9,4,0,0,'2022-09-12 22:41:11','2022-09-05 12:20:51',NULL,NULL,NULL,1),(1059,'GoVPz-yX',11,9,4,0,0,'2022-09-12 21:26:19','2022-09-05 12:20:51',NULL,NULL,NULL,1),(1060,'5sZ8N1WZ',11,9,4,0,0,'2022-09-11 21:27:40','2022-09-05 12:20:51',NULL,NULL,NULL,1),(1061,'ww7WqBXa',11,8,4,0,0,'2022-09-05 16:36:39','2022-09-05 12:20:52',NULL,NULL,NULL,1),(1062,'ILVNCIvn',11,8,4,0,0,'2022-09-12 21:49:43','2022-09-05 12:20:52',NULL,NULL,NULL,1),(1063,'F-jBCq1m',11,8,4,0,0,'2022-09-11 20:09:49','2022-09-05 12:20:52',NULL,NULL,NULL,1),(1064,'_tscFtvI',11,8,4,0,0,'2022-09-11 23:49:08','2022-09-05 12:20:53',NULL,NULL,NULL,1),(1065,'WtX-rrPs',11,8,4,0,0,'2022-09-12 04:46:29','2022-09-05 12:20:53',NULL,NULL,NULL,1),(1066,'oAnZIoTk',11,8,4,0,0,'2022-09-11 05:09:33','2022-09-05 12:20:53',NULL,NULL,NULL,1),(1067,'o_sYgpYt',11,9,4,0,0,'2022-09-12 16:56:14','2022-09-05 12:20:54',NULL,NULL,NULL,1),(1068,'Ia1uERtY',11,8,4,0,0,'2022-09-12 20:39:08','2022-09-05 12:20:54',NULL,NULL,NULL,1),(1069,'Alw2nXSr',11,8,4,0,0,'2022-09-12 18:04:51','2022-09-05 12:20:55',NULL,NULL,NULL,1),(1070,'lT-QCYgS',11,8,4,0,0,'2022-09-09 23:11:36','2022-09-05 12:20:55',NULL,NULL,NULL,1),(1071,'WaKF9QQh',11,8,4,0,0,'2022-09-11 00:39:49','2022-09-05 12:20:55',NULL,NULL,NULL,1),(1072,'nDWnnWev',11,8,4,0,0,'2022-09-11 00:23:19','2022-09-05 12:20:56',NULL,NULL,NULL,1),(1073,'Uagz7_tj',11,8,4,0,0,'2022-09-12 02:02:25','2022-09-05 12:20:56',NULL,NULL,NULL,1),(1074,'OEQRDCEO',11,9,4,0,0,'2022-09-12 17:41:16','2022-09-05 12:20:56',NULL,NULL,NULL,1),(1075,'ua72JW2e',11,9,4,0,0,'2022-09-12 02:21:40','2022-09-05 12:20:57',NULL,NULL,NULL,1),(1076,'JCT4M3ZA',11,9,4,0,0,'2022-09-12 17:41:05','2022-09-05 12:20:57',NULL,NULL,NULL,1),(1077,'dQpxxRJQ',11,8,4,0,0,'2022-09-05 16:36:39','2022-09-05 12:20:58',NULL,NULL,NULL,1),(1078,'A1jxXVOC',11,9,4,0,0,'2022-09-12 01:19:09','2022-09-05 12:20:58',NULL,NULL,NULL,1),(1079,'xDOsVCQt',11,9,4,0,0,'2022-09-12 17:20:50','2022-09-05 12:20:58',NULL,NULL,NULL,1),(1080,'Vuk4o3iv',11,8,4,0,0,'2022-09-11 00:13:42','2022-09-05 12:20:58',NULL,NULL,NULL,1),(1081,'oOTnahsK',11,8,4,0,0,'2022-09-12 20:46:31','2022-09-05 12:20:59',NULL,NULL,NULL,1),(1082,'XaQ6ogIp',11,8,4,0,0,'2022-09-11 19:27:13','2022-09-05 12:20:59',NULL,NULL,NULL,1),(1083,'H0y1aQOs',11,9,4,0,0,'2022-09-11 23:40:46','2022-09-05 12:20:59',NULL,NULL,NULL,1),(1084,'_Dids4CB',11,8,4,0,0,'2022-09-05 16:36:39','2022-09-05 12:21:00',NULL,NULL,NULL,1),(1085,'TM0JvNNu',11,8,4,0,0,'2022-09-11 22:26:09','2022-09-05 12:21:00',NULL,NULL,NULL,1),(1086,'izDVFG2x',11,8,4,0,0,'2022-09-11 19:03:57','2022-09-05 12:21:00',NULL,NULL,NULL,1),(1087,'tINLA6Lc',11,8,4,0,0,'2022-09-05 16:36:39','2022-09-05 12:21:01',NULL,NULL,NULL,1),(1088,'laN6bw7n',11,8,4,0,0,'2022-09-11 00:34:20','2022-09-05 12:21:01',NULL,NULL,NULL,1),(1089,'jiqMhuAc',11,8,4,0,0,'2022-09-05 16:36:39','2022-09-05 12:21:02',NULL,NULL,NULL,1),(1090,'td7fjNLC',11,8,4,0,0,'2022-09-10 14:39:34','2022-09-05 12:21:02',NULL,NULL,NULL,1),(1091,'wsTvv2WF',11,8,4,0,0,'2022-09-05 16:36:39','2022-09-05 12:21:03',NULL,NULL,NULL,1),(1092,'Jq41eo7x',11,8,4,0,0,'2022-09-05 16:36:39','2022-09-05 12:21:03',NULL,NULL,NULL,1),(1093,'IvaFbst7',11,9,4,0,0,'2022-09-12 18:42:49','2022-09-05 12:21:03',NULL,NULL,NULL,1),(1094,'55OR9lBz',11,8,4,0,0,'2022-09-12 20:48:14','2022-09-05 12:21:04',NULL,NULL,NULL,1),(1095,'mF--b2Nf',11,9,4,0,0,'2022-09-12 19:18:00','2022-09-05 12:21:04',NULL,NULL,NULL,1),(1096,'YFUlFWOr',11,8,4,0,0,'2022-09-11 05:26:20','2022-09-05 12:21:05',NULL,NULL,NULL,1),(1097,'PgQH0tZL',11,8,4,0,0,'2022-09-12 20:11:06','2022-09-05 12:21:05',NULL,NULL,NULL,1),(1098,'MT_fhAIs',11,9,4,0,0,'2022-09-12 19:17:35','2022-09-05 12:21:05',NULL,NULL,NULL,1),(1099,'Ig4Jw5Q1',11,8,4,0,0,'2022-09-05 16:36:39','2022-09-05 12:21:06',NULL,NULL,NULL,1),(1100,'A9KDPHAs',11,9,4,0,0,'2022-09-12 19:07:21','2022-09-05 12:21:06',NULL,NULL,NULL,1),(1101,'vLUV4L2J',11,8,4,0,0,'2022-09-05 16:36:39','2022-09-05 12:21:06',NULL,NULL,NULL,1),(1102,'nR7kqgyH',11,9,4,0,0,'2022-09-12 20:22:10','2022-09-05 12:21:07',NULL,NULL,NULL,1),(1103,'nKFA2LIc',11,8,4,0,0,'2022-09-10 03:29:49','2022-09-05 12:21:07',NULL,NULL,NULL,1),(1104,'hAnrMigb',11,8,4,0,0,'2022-09-12 02:59:23','2022-09-05 12:21:07',NULL,NULL,NULL,1),(1105,'Pou6Ay04',11,8,4,0,0,'2022-09-12 00:32:56','2022-09-05 12:21:08',NULL,NULL,NULL,1),(1106,'K7x0c7-H',11,8,4,0,0,'2022-09-12 20:39:00','2022-09-05 12:21:08',NULL,NULL,NULL,1),(1107,'jeLLL811',11,9,4,0,0,'2022-09-12 18:16:43','2022-09-05 12:21:08',NULL,NULL,NULL,1),(1108,'w4IH3ZPL',11,8,4,0,0,'2022-09-10 01:07:37','2022-09-05 12:21:09',NULL,NULL,NULL,1),(1109,'tqt1wwqe',11,8,4,1,0,'2022-09-11 22:36:29','2022-09-08 22:56:52',NULL,NULL,NULL,1),(1110,'tKpuMzaE',11,8,4,0,0,'2022-09-11 23:10:46','2022-09-05 12:21:09',NULL,NULL,NULL,1),(1111,'FkiHt-w9',11,9,4,0,0,'2022-09-12 20:31:28','2022-09-05 12:21:10',NULL,NULL,NULL,1),(1112,'YIfThXAe',11,9,4,0,0,'2022-09-12 19:11:48','2022-09-05 12:21:10',NULL,NULL,NULL,1),(1113,'xq76qI_N',11,8,4,0,0,'2022-09-05 16:36:39','2022-09-05 12:21:10',NULL,NULL,NULL,1),(1114,'_BYytTGG',11,8,4,0,0,'2022-09-11 05:06:37','2022-09-05 12:21:11',NULL,NULL,NULL,1),(1115,'ggSdf0v1',11,8,4,0,0,'2022-09-11 19:34:49','2022-09-05 12:21:11',NULL,NULL,NULL,1),(1116,'cqGCh8-s',11,9,4,0,0,'2022-09-11 17:12:37','2022-09-05 12:21:11',NULL,NULL,NULL,1),(1117,'gQViJUNw',11,9,4,1,0,'2022-09-12 18:38:38','2022-09-06 22:29:08',NULL,NULL,NULL,1),(1118,'LYTofFTO',11,8,4,0,0,'2022-09-10 23:43:36','2022-09-05 12:21:12',NULL,NULL,NULL,1),(1119,'go2fbanw',11,9,4,0,0,'2022-09-12 20:09:44','2022-09-05 12:21:13',NULL,NULL,NULL,1),(1120,'a7GmodJz',11,9,4,0,0,'2022-09-11 18:12:47','2022-09-05 12:21:13',NULL,NULL,NULL,1),(1121,'PlDmpMl9',11,8,4,0,0,'2022-09-11 21:03:31','2022-09-05 12:21:13',NULL,NULL,NULL,1),(1122,'EMMN5saj',11,8,4,0,0,'2022-09-11 23:45:40','2022-09-05 12:21:14',NULL,NULL,NULL,1),(1123,'GSke6L6d',11,8,4,0,0,'2022-09-11 00:33:08','2022-09-05 12:21:14',NULL,NULL,NULL,1),(1124,'Wa7Dbv94',11,9,4,0,0,'2022-09-12 19:57:30','2022-09-05 12:21:14',NULL,NULL,NULL,1),(1214,'PL37d_iT',100,8,4,0,1,'2022-09-11 17:40:38','2022-09-11 18:40:38',NULL,NULL,NULL,1),(1215,'Li7PiXqB',108,8,4,0,0,'2022-09-08 19:58:00','2022-09-06 14:48:35',NULL,'2022-09-08 00:00:00','2022-09-13 08:00:00',1),(1216,'U_O7IPON',108,8,4,0,0,'2022-09-12 17:05:28','2022-09-06 14:48:36',NULL,'2022-09-08 00:00:00','2022-09-13 08:00:00',1),(1217,'TLOCwiW7',108,8,4,0,0,'2022-09-11 18:35:17','2022-09-06 14:48:36',NULL,'2022-09-08 00:00:00','2022-09-13 08:00:00',1),(1218,'dyaSDvBu',108,8,4,0,0,'2022-09-12 17:05:22','2022-09-06 14:48:37',NULL,'2022-09-08 00:00:00','2022-09-13 08:00:00',1),(1219,'V3rht-Lg',108,8,4,0,0,'2022-09-08 19:57:52','2022-09-06 14:48:37',NULL,'2022-09-08 00:00:00','2022-09-13 08:00:00',1),(1220,'2l2BIAMr',109,8,4,0,0,'2022-09-11 23:39:52','2022-09-06 15:26:13',NULL,'2022-09-08 00:00:00','2022-09-13 08:00:00',1),(1221,'ewheEuWh',110,8,4,0,0,'2022-09-11 16:48:55','2022-09-06 15:28:27',NULL,'2022-09-08 00:00:00','2022-09-13 08:00:00',1),(1222,'u5kScAef',110,8,4,0,0,'2022-09-11 22:01:29','2022-09-06 15:28:27',NULL,'2022-09-08 00:00:00','2022-09-13 08:00:00',1),(1223,'Djk895Ur',110,8,4,0,0,'2022-09-11 16:49:01','2022-09-06 15:28:28',NULL,'2022-09-08 00:00:00','2022-09-13 08:00:00',1),(1224,'n7Xg_5K0',110,8,4,0,0,'2022-09-12 18:36:36','2022-09-06 15:28:28',NULL,'2022-09-08 00:00:00','2022-09-13 08:00:00',1),(1225,'mvZdFkRa',111,8,4,0,0,'2022-09-12 00:33:51','2022-09-06 15:31:40',NULL,'2022-09-11 06:00:00','2022-09-12 06:00:00',1),(1226,'cF2lVFdl',111,8,4,0,0,'2022-09-12 00:32:14','2022-09-06 15:31:40',NULL,'2022-09-11 06:00:00','2022-09-12 06:00:00',1),(1227,'YwJplfJZ',111,8,4,0,0,'2022-09-11 21:02:55','2022-09-06 15:31:41',NULL,'2022-09-11 06:00:00','2022-09-12 06:00:00',1),(1228,'jpYtjcCH',111,8,4,0,0,'2022-09-11 20:50:33','2022-09-06 15:31:41',NULL,'2022-09-11 06:00:00','2022-09-12 06:00:00',1),(1229,'XaVY0ZQS',111,8,4,0,0,'2022-09-11 20:34:23','2022-09-06 15:31:41',NULL,'2022-09-11 06:00:00','2022-09-12 06:00:00',1),(1230,'Ma5dlR-E',111,8,4,0,0,'2022-09-11 21:32:41','2022-09-06 15:31:42',NULL,'2022-09-11 06:00:00','2022-09-12 06:00:00',1),(1231,'F3XuVbNX',111,8,4,0,0,'2022-09-11 20:34:07','2022-09-06 15:31:42',NULL,'2022-09-11 06:00:00','2022-09-12 06:00:00',1),(1232,'imhLBVqG',111,8,4,0,0,'2022-09-11 23:06:12','2022-09-06 15:31:42',NULL,'2022-09-11 06:00:00','2022-09-12 06:00:00',1),(1233,'Hvp7UBjD',111,8,4,0,0,'2022-09-11 20:44:17','2022-09-06 15:31:43',NULL,'2022-09-11 06:00:00','2022-09-12 06:00:00',1),(1234,'alDRi7aI',111,8,4,0,0,'2022-09-06 14:54:57','2022-09-06 15:31:43',NULL,'2022-09-11 06:00:00','2022-09-12 06:00:00',1),(1235,'Bsll7iR3',111,8,4,0,0,'2022-09-11 19:30:08','2022-09-06 15:31:44',NULL,'2022-09-11 06:00:00','2022-09-12 06:00:00',1),(1236,'QlxexZgy',111,9,4,0,0,'2022-09-11 21:01:11','2022-09-06 15:31:44',NULL,'2022-09-11 06:00:00','2022-09-12 06:00:00',1),(1237,'M3gIv89O',112,8,4,0,0,'2022-09-11 00:38:16','2022-09-06 15:44:30',NULL,'2022-09-10 06:00:00','2022-09-11 06:00:00',1),(1238,'8nWn8xR_',112,8,4,0,0,'2022-09-10 23:33:52','2022-09-06 15:44:30',NULL,'2022-09-10 06:00:00','2022-09-11 06:00:00',1),(1239,'5UvEtUHD',112,8,4,0,0,'2022-09-10 23:48:22','2022-09-06 15:44:31',NULL,'2022-09-10 06:00:00','2022-09-11 06:00:00',1),(1240,'Dh5rgZm1',112,8,4,0,0,'2022-09-10 23:35:02','2022-09-06 15:44:31',NULL,'2022-09-10 06:00:00','2022-09-11 06:00:00',1),(1241,'5aWgdJqG',112,8,4,0,0,'2022-09-06 14:54:57','2022-09-06 15:44:32',NULL,'2022-09-10 06:00:00','2022-09-11 06:00:00',1),(1242,'TOJNA6R9',112,8,4,0,0,'2022-09-11 00:38:10','2022-09-06 15:44:32',NULL,'2022-09-10 06:00:00','2022-09-11 06:00:00',1),(1243,'3RxopFcm',112,8,4,0,0,'2022-09-06 14:54:57','2022-09-06 15:44:32',NULL,'2022-09-10 06:00:00','2022-09-11 06:00:00',1),(1244,'0NfRMned',112,8,4,0,0,'2022-09-11 01:12:43','2022-09-06 15:44:33',NULL,'2022-09-10 06:00:00','2022-09-11 06:00:00',1),(1245,'dWhc4bA0',112,8,4,0,0,'2022-09-10 23:54:05','2022-09-06 15:44:33',NULL,'2022-09-10 06:00:00','2022-09-11 06:00:00',1),(1246,'RbpMwKty',112,8,4,0,0,'2022-09-11 00:41:11','2022-09-06 15:44:33',NULL,'2022-09-10 06:00:00','2022-09-11 06:00:00',1),(1247,'T5b3MvRu',112,8,4,0,0,'2022-09-11 00:50:52','2022-09-06 15:44:34',NULL,'2022-09-10 06:00:00','2022-09-11 06:00:00',1),(1248,'NAeCdeta',112,8,4,0,0,'2022-09-11 00:28:26','2022-09-06 15:44:34',NULL,'2022-09-10 06:00:00','2022-09-11 06:00:00',1),(1249,'guBjZe6i',112,8,4,0,0,'2022-09-10 23:52:54','2022-09-06 15:44:34',NULL,'2022-09-10 06:00:00','2022-09-11 06:00:00',1),(1250,'uW3vUwd1',112,8,4,0,0,'2022-09-11 01:10:04','2022-09-06 15:44:35',NULL,'2022-09-10 06:00:00','2022-09-11 06:00:00',1),(1251,'BrxOON3I',112,8,4,0,0,'2022-09-11 01:02:47','2022-09-06 15:44:35',NULL,'2022-09-10 06:00:00','2022-09-11 06:00:00',1),(1252,'3HJzr7pV',112,9,4,0,0,'2022-09-10 20:21:37','2022-09-06 15:44:36',NULL,'2022-09-10 06:00:00','2022-09-11 06:00:00',1),(1253,'pAAfsIU4',112,9,4,0,0,'2022-09-10 19:33:13','2022-09-06 15:44:36',NULL,'2022-09-10 06:00:00','2022-09-11 06:00:00',1),(1254,'43wtADuH',112,8,4,0,0,'2022-09-06 14:54:57','2022-09-06 15:44:36',NULL,'2022-09-10 06:00:00','2022-09-11 06:00:00',1),(1255,'sEmYN13Z',112,8,4,0,0,'2022-09-10 23:48:40','2022-09-06 15:44:37',NULL,'2022-09-10 06:00:00','2022-09-11 06:00:00',1),(1256,'coE0B6_w',112,8,4,0,0,'2022-09-10 23:55:58','2022-09-06 15:44:37',NULL,'2022-09-10 06:00:00','2022-09-11 06:00:00',1),(1257,'ugt9NoWn',112,8,4,0,0,'2022-09-11 01:15:26','2022-09-06 15:44:38',NULL,'2022-09-10 06:00:00','2022-09-11 06:00:00',1),(1258,'8cKi_VzT',112,8,4,0,0,'2022-09-11 01:29:48','2022-09-06 15:44:38',NULL,'2022-09-10 06:00:00','2022-09-11 06:00:00',1),(1259,'dPvR0RSR',112,8,4,0,0,'2022-09-10 23:54:20','2022-09-06 15:44:39',NULL,'2022-09-10 06:00:00','2022-09-11 06:00:00',1),(1260,'7vAFEzSX',112,8,4,0,0,'2022-09-11 00:41:25','2022-09-06 15:44:39',NULL,'2022-09-10 06:00:00','2022-09-11 06:00:00',1),(1261,'kPSvtv_V',112,9,4,0,0,'2022-09-10 20:50:52','2022-09-06 15:44:39',NULL,'2022-09-10 06:00:00','2022-09-11 06:00:00',1),(1262,'W-e6y2QG',112,8,4,0,0,'2022-09-11 00:54:59','2022-09-06 15:44:40',NULL,'2022-09-10 06:00:00','2022-09-11 06:00:00',1),(1263,'K1f6bwNA',112,8,4,0,0,'2022-09-11 00:13:29','2022-09-06 15:44:40',NULL,'2022-09-10 06:00:00','2022-09-11 06:00:00',1),(1264,'ksY8HLJD',112,8,4,0,0,'2022-09-11 00:08:42','2022-09-06 15:44:40',NULL,'2022-09-10 06:00:00','2022-09-11 06:00:00',1),(1265,'tgRjJkCt',112,8,4,0,0,'2022-09-10 23:46:04','2022-09-06 15:44:41',NULL,'2022-09-10 06:00:00','2022-09-11 06:00:00',1),(1266,'YUjMn-tK',112,8,4,0,0,'2022-09-10 23:48:03','2022-09-06 15:44:41',NULL,'2022-09-10 06:00:00','2022-09-11 06:00:00',1),(1267,'yLFgG8Cn',112,8,4,0,0,'2022-09-11 01:23:33','2022-09-06 15:44:41',NULL,'2022-09-10 06:00:00','2022-09-11 06:00:00',1),(1268,'dHbUK8sH',112,8,4,0,0,'2022-09-11 01:02:57','2022-09-06 15:44:42',NULL,'2022-09-10 06:00:00','2022-09-11 06:00:00',1),(1269,'6AxkME_s',112,8,4,0,0,'2022-09-06 14:54:57','2022-09-06 15:44:42',NULL,'2022-09-10 06:00:00','2022-09-11 06:00:00',1),(1270,'uiHgghRo',112,8,4,0,0,'2022-09-10 23:42:21','2022-09-06 15:44:43',NULL,'2022-09-10 06:00:00','2022-09-11 06:00:00',1),(1271,'iWHkWIZI',112,8,4,0,0,'2022-09-10 23:34:30','2022-09-06 15:44:43',NULL,'2022-09-10 06:00:00','2022-09-11 06:00:00',1),(1272,'sQ1moh3b',113,8,4,0,0,'2022-09-09 23:27:33','2022-09-06 15:46:10',NULL,'2022-09-09 06:00:00','2022-09-10 06:00:00',1),(1273,'sBT3Jkb1',113,8,4,0,0,'2022-09-10 00:42:31','2022-09-06 15:46:10',NULL,'2022-09-09 06:00:00','2022-09-10 06:00:00',1),(1274,'iSbg2n4C',113,9,4,0,0,'2022-09-09 21:44:08','2022-09-06 15:46:11',NULL,'2022-09-09 06:00:00','2022-09-10 06:00:00',1),(1275,'mkz1quKE',113,8,4,0,0,'2022-09-10 00:56:53','2022-09-06 15:46:11',NULL,'2022-09-09 06:00:00','2022-09-10 06:00:00',1),(1276,'8FRmmA4b',113,8,4,0,0,'2022-09-10 00:02:54','2022-09-06 15:46:11',NULL,'2022-09-09 06:00:00','2022-09-10 06:00:00',1),(1277,'JkmgS6XK',113,8,4,0,0,'2022-09-06 14:54:57','2022-09-06 15:46:12',NULL,'2022-09-09 06:00:00','2022-09-10 06:00:00',1),(1278,'4fGvfn16',113,8,4,0,0,'2022-09-10 01:25:15','2022-09-06 15:46:12',NULL,'2022-09-09 06:00:00','2022-09-10 06:00:00',1),(1279,'H53f5_EF',113,8,4,0,0,'2022-09-09 23:22:16','2022-09-06 15:46:12',NULL,'2022-09-09 06:00:00','2022-09-10 06:00:00',1),(1280,'cm5sULRY',113,8,4,0,0,'2022-09-10 00:15:49','2022-09-06 15:46:13',NULL,'2022-09-09 06:00:00','2022-09-10 06:00:00',1),(1281,'-0cHpbC9',113,8,4,0,0,'2022-09-09 23:48:23','2022-09-06 15:46:13',NULL,'2022-09-09 06:00:00','2022-09-10 06:00:00',1),(1282,'k6igrjoR',113,8,4,0,0,'2022-09-10 01:27:42','2022-09-06 15:46:13',NULL,'2022-09-09 06:00:00','2022-09-10 06:00:00',1),(1283,'7uWn0BBj',113,8,4,0,0,'2022-09-10 01:26:51','2022-09-06 15:46:14',NULL,'2022-09-09 06:00:00','2022-09-10 06:00:00',1),(1284,'nMxWiIe4',113,9,4,0,0,'2022-09-09 19:34:34','2022-09-06 15:46:14',NULL,'2022-09-09 06:00:00','2022-09-10 06:00:00',1),(1285,'7yo5-nKp',113,8,4,1,0,'2022-09-09 23:54:54','2022-09-10 00:54:54',NULL,'2022-09-09 06:00:00','2022-09-10 06:00:00',1),(1286,'Uf7sn7yi',113,8,4,0,0,'2022-09-10 02:11:12','2022-09-06 15:46:15',NULL,'2022-09-09 06:00:00','2022-09-10 06:00:00',1),(1287,'GJUJoERQ',113,8,4,1,0,'2022-09-10 03:41:47','2022-09-10 00:42:39',NULL,'2022-09-09 06:00:00','2022-09-10 06:00:00',1),(1288,'c--_OuoE',113,9,4,0,0,'2022-09-09 21:28:54','2022-09-06 15:46:15',NULL,'2022-09-09 06:00:00','2022-09-10 06:00:00',1),(1289,'97trhImw',113,8,4,0,0,'2022-09-06 14:54:57','2022-09-06 15:46:16',NULL,'2022-09-09 06:00:00','2022-09-10 06:00:00',1),(1290,'R9AgssV2',113,8,4,0,0,'2022-09-10 02:11:02','2022-09-06 15:46:16',NULL,'2022-09-09 06:00:00','2022-09-10 06:00:00',1),(1291,'2TVn8OEj',113,8,4,0,0,'2022-09-06 14:54:57','2022-09-06 15:46:16',NULL,'2022-09-09 06:00:00','2022-09-10 06:00:00',1),(1292,'bxW8u9Ip',27,9,4,0,0,'2022-09-12 17:59:10','2022-09-06 16:25:59',NULL,NULL,NULL,1),(1293,'j8BXv88P',27,9,4,0,0,'2022-09-12 17:14:19','2022-09-06 16:25:59',NULL,NULL,NULL,1),(1294,'dOtMA3VM',27,9,4,0,0,'2022-09-12 17:54:48','2022-09-06 16:25:59',NULL,NULL,NULL,1),(1295,'q8w0MtGN',27,9,4,0,0,'2022-09-12 17:54:53','2022-09-06 16:26:00',NULL,NULL,NULL,1),(1296,'e4wPTSsG',27,8,4,0,0,'2022-09-08 22:29:43','2022-09-06 16:26:00',NULL,NULL,NULL,1),(1297,'kShAqRZP',27,9,4,0,0,'2022-09-12 17:59:17','2022-09-06 16:26:00',NULL,NULL,NULL,1),(1298,'tydRCBEO',27,8,4,0,0,'2022-09-11 23:30:28','2022-09-06 16:26:01',NULL,NULL,NULL,1),(1299,'HXg0gYl2',27,9,4,0,0,'2022-09-12 17:59:21','2022-09-06 16:26:02',NULL,NULL,NULL,1),(1300,'cADKrfdz',27,9,4,0,0,'2022-09-12 20:29:21','2022-09-06 16:26:02',NULL,NULL,NULL,1),(1301,'lcqQyO9g',27,8,4,0,0,'2022-09-11 23:30:19','2022-09-06 16:26:03',NULL,NULL,NULL,1),(1302,'-HrBWlOY',27,9,4,0,0,'2022-09-12 16:40:33','2022-09-06 16:26:03',NULL,NULL,NULL,1),(1303,'Fu8j4g1D',27,8,4,0,0,'2022-09-10 02:36:44','2022-09-06 16:26:04',NULL,NULL,NULL,1),(1304,'7n9MSGcl',59,9,4,0,0,'2022-09-12 18:03:20','2022-09-07 00:03:09',NULL,'2022-09-08 00:00:00','2022-09-13 08:00:00',1),(1305,'8tTHadX2',107,8,4,0,0,'2022-09-07 11:14:47','2022-09-07 10:43:02',NULL,NULL,NULL,1),(1306,'wQv8JOUA',107,8,4,0,0,'2022-09-07 11:14:47','2022-09-07 10:43:03',NULL,NULL,NULL,1),(1307,'S2-mg10r',107,8,4,0,0,'2022-09-07 11:14:47','2022-09-07 10:43:03',NULL,NULL,NULL,1),(1308,'Cx9H6I82',107,9,4,0,0,'2022-09-11 10:10:22','2022-09-07 10:43:04',NULL,NULL,NULL,1),(1309,'nPeMjsrR',107,8,4,0,0,'2022-09-11 20:29:14','2022-09-07 10:43:04',NULL,NULL,NULL,1),(1310,'B1DipLDS',107,9,4,0,0,'2022-09-11 06:53:44','2022-09-07 10:43:04',NULL,NULL,NULL,1),(1311,'De5B91bO',107,8,4,0,0,'2022-09-07 11:14:47','2022-09-07 10:43:05',NULL,NULL,NULL,1),(1312,'afwMOjc9',107,8,4,0,0,'2022-09-07 11:14:47','2022-09-07 10:43:05',NULL,NULL,NULL,1),(1313,'EGHf8Lo3',107,8,4,0,0,'2022-09-07 11:14:47','2022-09-07 10:43:05',NULL,NULL,NULL,1),(1314,'ksC0hx_J',107,8,4,0,0,'2022-09-07 11:14:47','2022-09-07 10:43:06',NULL,NULL,NULL,1),(1315,'wxN9_sNW',107,8,4,0,0,'2022-09-07 11:14:47','2022-09-07 10:43:06',NULL,NULL,NULL,1),(1316,'nedGuFfG',107,8,4,0,0,'2022-09-11 22:04:46','2022-09-07 10:43:06',NULL,NULL,NULL,1),(1317,'8YQH1_77',107,8,4,0,0,'2022-09-11 23:11:46','2022-09-07 10:43:07',NULL,NULL,NULL,1),(1318,'caUnTcoj',107,8,4,0,0,'2022-09-07 11:14:47','2022-09-07 10:43:07',NULL,NULL,NULL,1),(1319,'gNbsg5gV',107,8,4,0,0,'2022-09-07 11:14:47','2022-09-07 10:43:07',NULL,NULL,NULL,1),(1320,'k5R2E82a',107,8,4,0,0,'2022-09-11 15:06:16','2022-09-07 10:43:08',NULL,NULL,NULL,1),(1321,'9vmAR2Kl',107,8,4,0,0,'2022-09-12 00:19:47','2022-09-07 10:43:08',NULL,NULL,NULL,1),(1322,'KmzQ37Xo',107,8,4,0,0,'2022-09-11 22:04:40','2022-09-07 10:43:08',NULL,NULL,NULL,1),(1323,'kGMZ1yFt',107,8,4,0,0,'2022-09-07 11:14:47','2022-09-07 10:43:09',NULL,NULL,NULL,1),(1324,'ZX48SlWp',107,8,4,0,0,'2022-09-07 11:14:47','2022-09-07 10:43:09',NULL,NULL,NULL,1),(1325,'3apitZ5u',69,9,4,0,0,'2022-09-11 16:18:05','2022-09-07 11:14:29',NULL,NULL,NULL,1),(1326,'MFhi9clD',114,8,4,0,0,'2022-09-12 17:10:02','2022-09-07 23:27:11',NULL,'2022-09-08 00:00:00','2022-09-13 08:00:00',1),(1327,'Tkj-y76q',114,8,4,0,0,'2022-09-10 00:57:49','2022-09-07 23:27:11',NULL,'2022-09-08 00:00:00','2022-09-13 08:00:00',1),(1328,'b-CArbG_',114,8,4,0,0,'2022-09-12 00:27:57','2022-09-07 23:27:11',NULL,'2022-09-08 00:00:00','2022-09-13 08:00:00',1),(1329,'ZMluy7qC',114,9,4,0,0,'2022-09-11 23:46:05','2022-09-07 23:27:12',NULL,'2022-09-08 00:00:00','2022-09-13 08:00:00',1),(1330,'KZM4kuDO',114,8,4,0,0,'2022-09-07 22:47:19','2022-09-07 23:27:12',NULL,'2022-09-08 00:00:00','2022-09-13 08:00:00',1),(1331,'xwkUwS8C',114,8,4,0,0,'2022-09-11 09:40:52','2022-09-07 23:27:12',NULL,'2022-09-08 00:00:00','2022-09-13 08:00:00',1),(1332,'c-1t661Q',115,8,4,0,0,'2022-09-11 00:47:29','2022-09-07 23:28:10',NULL,'2022-09-08 00:00:00','2022-09-13 08:00:00',1),(1333,'sGI3Ze-8',115,8,4,0,0,'2022-09-11 21:28:09','2022-09-07 23:28:10',NULL,'2022-09-08 00:00:00','2022-09-13 08:00:00',1),(1334,'u8lrBiKo',34,8,4,0,0,'2022-09-08 00:22:16','2022-09-08 00:22:01',NULL,NULL,NULL,1),(1335,'9OiIIpIU',34,8,4,0,0,'2022-09-08 00:22:16','2022-09-08 00:22:02',NULL,NULL,NULL,1),(1336,'UvvUnlFi',27,9,4,0,0,'2022-09-12 16:40:29','2022-09-08 11:31:03',NULL,NULL,NULL,1),(1337,'Kc_x5JCj',116,8,4,0,0,'2022-09-08 11:55:30','2022-09-08 12:17:10',NULL,'2022-09-08 00:00:00','2022-09-13 08:00:00',1),(1338,'EUYP20qb',116,9,4,0,0,'2022-09-09 13:15:22','2022-09-08 12:17:11',NULL,'2022-09-08 00:00:00','2022-09-13 08:00:00',1),(1339,'PLi0A_0Y',116,8,4,0,0,'2022-09-08 11:55:30','2022-09-08 12:17:11',NULL,'2022-09-08 00:00:00','2022-09-13 08:00:00',1),(1340,'VgSLb0IP',116,8,4,0,0,'2022-09-12 03:38:19','2022-09-08 15:57:33',NULL,'2022-09-08 00:00:00','2022-09-13 08:00:00',1),(1341,'m-RwP8uq',117,8,4,0,0,'2022-09-08 11:55:28','2022-09-08 12:33:52',NULL,'2022-09-09 06:00:00','2022-09-10 06:00:00',1),(1342,'Ye3FXlYo',117,8,4,0,0,'2022-09-08 11:55:28','2022-09-08 12:33:52',NULL,'2022-09-09 06:00:00','2022-09-10 06:00:00',1),(1343,'59amSDF6',117,8,4,0,0,'2022-09-10 00:05:22','2022-09-08 12:33:53',NULL,'2022-09-09 06:00:00','2022-09-10 06:00:00',1),(1344,'UO9Gl3tV',117,8,4,0,0,'2022-09-08 11:55:28','2022-09-08 12:33:53',NULL,'2022-09-09 06:00:00','2022-09-10 06:00:00',1),(1345,'UFKT-7R0',117,8,4,0,0,'2022-09-08 11:55:28','2022-09-08 12:33:53',NULL,'2022-09-09 06:00:00','2022-09-10 06:00:00',1),(1346,'p2YVwuLl',117,8,4,0,0,'2022-09-08 11:55:28','2022-09-08 12:33:54',NULL,'2022-09-09 06:00:00','2022-09-10 06:00:00',1),(1347,'vwWsaLAh',117,8,4,0,0,'2022-09-08 11:55:28','2022-09-08 12:33:54',NULL,'2022-09-09 06:00:00','2022-09-10 06:00:00',1),(1348,'9q3tKkB6',117,8,4,0,0,'2022-09-08 11:55:28','2022-09-08 12:33:54',NULL,'2022-09-09 06:00:00','2022-09-10 06:00:00',1),(1349,'gtRohtG5',118,8,4,0,0,'2022-09-08 14:46:20','2022-09-08 15:46:20',NULL,'2022-09-10 06:00:00','2022-09-11 06:00:00',1),(1350,'GpOJ496l',118,8,4,0,0,'2022-09-08 14:46:21','2022-09-08 15:46:21',NULL,'2022-09-10 06:00:00','2022-09-11 06:00:00',1),(1351,'XLyAszof',118,8,4,0,0,'2022-09-08 14:46:21','2022-09-08 15:46:21',NULL,'2022-09-10 06:00:00','2022-09-11 06:00:00',1),(1352,'JnixM5Ar',118,8,4,0,0,'2022-09-08 14:46:21','2022-09-08 15:46:21',NULL,'2022-09-10 06:00:00','2022-09-11 06:00:00',1),(1353,'JbNaapPh',118,8,4,0,0,'2022-09-08 14:46:22','2022-09-08 15:46:22',NULL,'2022-09-10 06:00:00','2022-09-11 06:00:00',1),(1354,'7K2bEp-J',118,8,4,0,0,'2022-09-08 14:46:22','2022-09-08 15:46:22',NULL,'2022-09-10 06:00:00','2022-09-11 06:00:00',1),(1355,'V-WKz8sh',118,8,4,0,0,'2022-09-08 14:46:22','2022-09-08 15:46:22',NULL,'2022-09-10 06:00:00','2022-09-11 06:00:00',1),(1356,'HU7eXolN',118,8,4,0,0,'2022-09-08 14:46:23','2022-09-08 15:46:23',NULL,'2022-09-10 06:00:00','2022-09-11 06:00:00',1),(1357,'c1rsprDd',118,8,4,0,0,'2022-09-08 14:46:23','2022-09-08 15:46:23',NULL,'2022-09-10 06:00:00','2022-09-11 06:00:00',1),(1358,'sk96VJgr',118,8,4,0,0,'2022-09-08 14:46:23','2022-09-08 15:46:23',NULL,'2022-09-10 06:00:00','2022-09-11 06:00:00',1),(1359,'7Q6l4nn-',119,8,4,0,0,'2022-09-08 11:55:29','2022-09-08 12:38:28',NULL,'2022-09-11 06:00:00','2022-09-12 06:00:00',1),(1360,'1OWHQA-n',119,8,4,0,0,'2022-09-08 11:55:29','2022-09-08 12:38:28',NULL,'2022-09-11 06:00:00','2022-09-12 06:00:00',1),(1361,'H7f5yp0Q',119,8,4,0,0,'2022-09-08 11:55:29','2022-09-08 12:38:28',NULL,'2022-09-11 06:00:00','2022-09-12 06:00:00',1),(1362,'sSY6lsiS',119,9,4,0,0,'2022-09-12 00:58:01','2022-09-08 12:38:29',NULL,'2022-09-11 06:00:00','2022-09-12 06:00:00',1),(1363,'QYoGhiuO',119,8,4,0,0,'2022-09-08 11:55:29','2022-09-08 12:38:29',NULL,'2022-09-11 06:00:00','2022-09-12 06:00:00',1),(1364,'vFOUonVs',120,9,4,0,0,'2022-09-08 18:02:59','2022-09-08 12:39:04',NULL,'2022-09-08 06:00:00','2022-09-09 06:00:00',1),(1365,'MJk_pH6J',120,8,4,0,0,'2022-09-08 11:55:29','2022-09-08 12:39:05',NULL,'2022-09-08 06:00:00','2022-09-09 06:00:00',1),(1366,'3IHlxifq',120,8,4,0,0,'2022-09-08 11:55:29','2022-09-08 12:39:05',NULL,'2022-09-08 06:00:00','2022-09-09 06:00:00',1),(1367,'o3NiIgN4',120,8,4,0,0,'2022-09-08 11:55:29','2022-09-08 12:39:05',NULL,'2022-09-08 06:00:00','2022-09-09 06:00:00',1),(1368,'lL_O62Zs',120,8,4,0,0,'2022-09-08 11:55:29','2022-09-08 12:39:06',NULL,'2022-09-08 06:00:00','2022-09-09 06:00:00',1),(1369,'dgUtqg9U',120,8,4,0,0,'2022-09-08 11:55:29','2022-09-08 12:39:06',NULL,'2022-09-08 06:00:00','2022-09-09 06:00:00',1),(1370,'kcK3eCqi',120,8,4,0,0,'2022-09-08 11:55:29','2022-09-08 12:39:07',NULL,'2022-09-08 06:00:00','2022-09-09 06:00:00',1),(1371,'qazqr0el',120,8,4,0,0,'2022-09-08 11:55:29','2022-09-08 12:39:07',NULL,'2022-09-08 06:00:00','2022-09-09 06:00:00',1),(1372,'eA27isnf',120,8,4,0,0,'2022-09-08 11:55:29','2022-09-08 12:39:07',NULL,'2022-09-08 06:00:00','2022-09-09 06:00:00',1),(1373,'TvXTuUCv',120,8,4,0,0,'2022-09-08 11:55:29','2022-09-08 12:39:08',NULL,'2022-09-08 06:00:00','2022-09-09 06:00:00',1),(1374,'hdfaNvz9',120,8,4,0,0,'2022-09-08 11:55:29','2022-09-08 12:39:08',NULL,'2022-09-08 06:00:00','2022-09-09 06:00:00',1),(1375,'rQV0CIst',120,8,4,0,0,'2022-09-08 11:55:29','2022-09-08 12:39:08',NULL,'2022-09-08 06:00:00','2022-09-09 06:00:00',1),(1376,'7EYGwqJJ',120,8,4,0,0,'2022-09-08 11:55:29','2022-09-08 12:39:09',NULL,'2022-09-08 06:00:00','2022-09-09 06:00:00',1),(1377,'SrG3U8VI',120,8,4,0,0,'2022-09-08 11:55:29','2022-09-08 12:39:09',NULL,'2022-09-08 06:00:00','2022-09-09 06:00:00',1),(1378,'q4Hcj3D1',120,8,4,0,0,'2022-09-08 11:55:29','2022-09-08 12:39:10',NULL,'2022-09-08 06:00:00','2022-09-09 06:00:00',1),(1379,'WXgJuIJD',121,8,4,0,0,'2022-09-08 11:55:29','2022-09-08 12:40:19',NULL,'2022-09-09 06:00:00','2022-09-10 06:00:00',1),(1380,'X1Dgs6Ga',121,8,4,0,0,'2022-09-08 11:55:29','2022-09-08 12:40:20',NULL,'2022-09-09 06:00:00','2022-09-10 06:00:00',1),(1381,'zWOxDjva',121,8,4,0,0,'2022-09-08 11:55:29','2022-09-08 12:40:20',NULL,'2022-09-09 06:00:00','2022-09-10 06:00:00',1),(1382,'0yd7YT0O',121,8,4,0,0,'2022-09-08 11:55:29','2022-09-08 12:40:21',NULL,'2022-09-09 06:00:00','2022-09-10 06:00:00',1),(1383,'RHap4Kxe',121,8,4,0,0,'2022-09-08 11:55:29','2022-09-08 12:40:21',NULL,'2022-09-09 06:00:00','2022-09-10 06:00:00',1),(1384,'-5-l1qtw',121,8,4,0,0,'2022-09-08 11:55:29','2022-09-08 12:40:21',NULL,'2022-09-09 06:00:00','2022-09-10 06:00:00',1),(1385,'tZIYFrxd',121,8,4,0,0,'2022-09-08 11:55:29','2022-09-08 12:40:22',NULL,'2022-09-09 06:00:00','2022-09-10 06:00:00',1),(1386,'GiWfCpXI',121,8,4,0,0,'2022-09-08 11:55:29','2022-09-08 12:40:22',NULL,'2022-09-09 06:00:00','2022-09-10 06:00:00',1),(1387,'rGNsVQS5',121,8,4,0,0,'2022-09-08 11:55:29','2022-09-08 12:40:22',NULL,'2022-09-09 06:00:00','2022-09-10 06:00:00',1),(1388,'nW43ltUk',121,8,4,0,0,'2022-09-08 11:55:29','2022-09-08 12:40:23',NULL,'2022-09-09 06:00:00','2022-09-10 06:00:00',1),(1389,'5ctCVD_g',121,8,4,0,0,'2022-09-08 11:55:29','2022-09-08 12:40:23',NULL,'2022-09-09 06:00:00','2022-09-10 06:00:00',1),(1390,'OzEzZe7M',121,8,4,0,0,'2022-09-08 11:55:29','2022-09-08 12:40:23',NULL,'2022-09-09 06:00:00','2022-09-10 06:00:00',1),(1391,'IchGVUHQ',121,8,4,0,0,'2022-09-08 11:55:29','2022-09-08 12:40:24',NULL,'2022-09-09 06:00:00','2022-09-10 06:00:00',1),(1392,'PyudEHgx',121,8,4,0,0,'2022-09-08 11:55:29','2022-09-08 12:40:24',NULL,'2022-09-09 06:00:00','2022-09-10 06:00:00',1),(1393,'p2xdBcvB',121,8,4,0,0,'2022-09-08 11:55:29','2022-09-08 12:40:24',NULL,'2022-09-09 06:00:00','2022-09-10 06:00:00',1),(1394,'FYCjBnzj',121,8,4,0,0,'2022-09-08 11:55:29','2022-09-08 12:40:25',NULL,'2022-09-09 06:00:00','2022-09-10 06:00:00',1),(1395,'PfyBOD0w',121,8,4,0,0,'2022-09-08 11:55:29','2022-09-08 12:40:25',NULL,'2022-09-09 06:00:00','2022-09-10 06:00:00',1),(1396,'XDCqLTod',121,8,4,0,0,'2022-09-08 11:55:29','2022-09-08 12:40:25',NULL,'2022-09-09 06:00:00','2022-09-10 06:00:00',1),(1397,'j5MCYIEs',121,8,4,0,0,'2022-09-08 11:55:29','2022-09-08 12:40:26',NULL,'2022-09-09 06:00:00','2022-09-10 06:00:00',1),(1398,'E-U1mGxH',121,8,4,0,0,'2022-09-08 11:55:29','2022-09-08 12:40:26',NULL,'2022-09-09 06:00:00','2022-09-10 06:00:00',1),(1399,'5tt0Tvwq',122,8,4,0,0,'2022-09-08 11:55:29','2022-09-08 12:41:16',NULL,'2022-09-09 06:00:00','2022-09-10 06:00:00',1),(1400,'BE7AMbyN',122,8,4,0,0,'2022-09-08 11:55:29','2022-09-08 12:41:16',NULL,'2022-09-09 06:00:00','2022-09-10 06:00:00',1),(1401,'pEPXiA8e',122,8,4,0,0,'2022-09-08 11:55:29','2022-09-08 12:41:16',NULL,'2022-09-09 06:00:00','2022-09-10 06:00:00',1),(1402,'pRyQhgPh',123,8,4,0,0,'2022-09-08 11:55:29','2022-09-08 12:43:07',NULL,'2022-09-10 06:00:00','2022-09-11 06:00:00',1),(1403,'YVoNnjw-',123,8,4,0,0,'2022-09-08 11:55:29','2022-09-08 12:43:08',NULL,'2022-09-10 06:00:00','2022-09-11 06:00:00',1),(1404,'uxs0zKzy',123,8,4,0,0,'2022-09-08 11:55:29','2022-09-08 12:43:08',NULL,'2022-09-10 06:00:00','2022-09-11 06:00:00',1),(1405,'oEyPW1kv',123,8,4,0,0,'2022-09-08 11:55:29','2022-09-08 12:43:08',NULL,'2022-09-10 06:00:00','2022-09-11 06:00:00',1),(1406,'hxhP95Ad',123,8,4,0,0,'2022-09-08 11:55:29','2022-09-08 12:43:09',NULL,'2022-09-10 06:00:00','2022-09-11 06:00:00',1),(1407,'kHp1FfwF',123,8,4,0,0,'2022-09-08 11:55:29','2022-09-08 12:43:09',NULL,'2022-09-10 06:00:00','2022-09-11 06:00:00',1),(1408,'r4tKXk44',123,8,4,0,0,'2022-09-08 11:55:29','2022-09-08 12:43:09',NULL,'2022-09-10 06:00:00','2022-09-11 06:00:00',1),(1409,'i9FyOaTS',123,8,4,0,0,'2022-09-08 11:55:29','2022-09-08 12:43:10',NULL,'2022-09-10 06:00:00','2022-09-11 06:00:00',1),(1410,'UUUHtyYU',123,8,4,0,0,'2022-09-08 11:55:29','2022-09-08 12:43:10',NULL,'2022-09-10 06:00:00','2022-09-11 06:00:00',1),(1411,'STYwVGkI',123,8,4,0,0,'2022-09-08 11:55:29','2022-09-08 12:43:10',NULL,'2022-09-10 06:00:00','2022-09-11 06:00:00',1),(1412,'STQsDl06',123,8,4,0,0,'2022-09-08 11:55:29','2022-09-08 12:43:11',NULL,'2022-09-10 06:00:00','2022-09-11 06:00:00',1),(1413,'qWJsFuAT',123,8,4,0,0,'2022-09-08 11:55:29','2022-09-08 12:43:11',NULL,'2022-09-10 06:00:00','2022-09-11 06:00:00',1),(1414,'aVEOJCa4',123,8,4,0,0,'2022-09-08 11:55:29','2022-09-08 12:43:11',NULL,'2022-09-10 06:00:00','2022-09-11 06:00:00',1),(1415,'IPLY3SMy',124,8,4,0,0,'2022-09-08 11:55:29','2022-09-08 12:45:01',NULL,'2022-09-10 06:00:00','2022-09-11 06:00:00',1),(1416,'5-vR3YTC',124,8,4,0,0,'2022-09-08 11:55:29','2022-09-08 12:45:02',NULL,'2022-09-10 06:00:00','2022-09-11 06:00:00',1),(1417,'e6nv28YW',124,8,4,0,0,'2022-09-08 11:55:29','2022-09-08 12:45:03',NULL,'2022-09-10 06:00:00','2022-09-11 06:00:00',1),(1418,'3dNbiuCS',125,8,4,0,0,'2022-09-08 11:55:29','2022-09-08 12:46:14',NULL,'2022-09-11 06:00:00','2022-09-12 06:00:00',1),(1419,'oFBrNZo0',125,8,4,0,0,'2022-09-08 11:55:29','2022-09-08 12:46:15',NULL,'2022-09-11 06:00:00','2022-09-12 06:00:00',1),(1420,'72jFvmOH',125,8,4,0,0,'2022-09-08 11:55:29','2022-09-08 12:46:15',NULL,'2022-09-11 06:00:00','2022-09-12 06:00:00',1),(1421,'pSj7KFBR',125,8,4,0,0,'2022-09-08 11:55:29','2022-09-08 12:46:16',NULL,'2022-09-11 06:00:00','2022-09-12 06:00:00',1),(1422,'AdDAZmPD',125,8,4,0,0,'2022-09-08 11:55:29','2022-09-08 12:46:16',NULL,'2022-09-11 06:00:00','2022-09-12 06:00:00',1),(1423,'g8W4PpCy',125,8,4,0,0,'2022-09-08 11:55:29','2022-09-08 12:46:16',NULL,'2022-09-11 06:00:00','2022-09-12 06:00:00',1),(1424,'gnCWTZny',125,8,4,0,0,'2022-09-08 11:55:29','2022-09-08 12:46:17',NULL,'2022-09-11 06:00:00','2022-09-12 06:00:00',1),(1425,'q43rdlnZ',125,8,4,0,0,'2022-09-08 11:55:29','2022-09-08 12:46:17',NULL,'2022-09-11 06:00:00','2022-09-12 06:00:00',1),(1426,'LaEVL2aU',125,8,4,0,0,'2022-09-08 11:55:29','2022-09-08 12:46:17',NULL,'2022-09-11 06:00:00','2022-09-12 06:00:00',1),(1427,'ojfc03RK',125,8,4,0,0,'2022-09-08 11:55:29','2022-09-08 12:46:18',NULL,'2022-09-11 06:00:00','2022-09-12 06:00:00',1),(1428,'ZMY9sbFG',125,8,4,0,0,'2022-09-08 11:55:29','2022-09-08 12:46:18',NULL,'2022-09-11 06:00:00','2022-09-12 06:00:00',1),(1429,'gVKFTidj',125,8,4,0,0,'2022-09-08 11:55:30','2022-09-08 12:46:18',NULL,'2022-09-11 06:00:00','2022-09-12 06:00:00',1),(1430,'v1nT_A2z',125,8,4,0,0,'2022-09-08 11:55:30','2022-09-08 12:46:19',NULL,'2022-09-11 06:00:00','2022-09-12 06:00:00',1),(1431,'cmElgM0e',126,8,4,0,0,'2022-09-08 11:55:30','2022-09-08 12:48:22',NULL,'2022-09-12 06:00:00','2022-09-13 06:00:00',1),(1432,'w50DjKJW',126,8,4,0,0,'2022-09-08 11:55:30','2022-09-08 12:48:22',NULL,'2022-09-12 06:00:00','2022-09-13 06:00:00',1),(1433,'A9eVBo-8',126,8,4,0,0,'2022-09-08 11:55:30','2022-09-08 12:48:22',NULL,'2022-09-12 06:00:00','2022-09-13 06:00:00',1),(1434,'enGRT_Ib',126,8,4,0,0,'2022-09-08 11:55:30','2022-09-08 12:48:23',NULL,'2022-09-12 06:00:00','2022-09-13 06:00:00',1),(1435,'eLrdrM20',126,8,4,0,0,'2022-09-08 11:55:30','2022-09-08 12:48:23',NULL,'2022-09-12 06:00:00','2022-09-13 06:00:00',1),(1436,'mERM0TH-',126,8,4,0,0,'2022-09-08 11:55:30','2022-09-08 12:48:23',NULL,'2022-09-12 06:00:00','2022-09-13 06:00:00',1),(1437,'ebrOSJ7T',126,8,4,0,0,'2022-09-08 11:55:30','2022-09-08 12:48:24',NULL,'2022-09-12 06:00:00','2022-09-13 06:00:00',1),(1438,'hs2TlxLq',126,8,4,0,0,'2022-09-08 11:55:30','2022-09-08 12:48:24',NULL,'2022-09-12 06:00:00','2022-09-13 06:00:00',1),(1439,'HWzj6Sgf',126,8,4,0,0,'2022-09-08 11:55:30','2022-09-08 12:48:24',NULL,'2022-09-12 06:00:00','2022-09-13 06:00:00',1),(1440,'XtSEld35',126,8,4,0,0,'2022-09-08 11:55:30','2022-09-08 12:48:25',NULL,'2022-09-12 06:00:00','2022-09-13 06:00:00',1),(1441,'goZoVDA4',126,8,4,0,0,'2022-09-08 11:55:30','2022-09-08 12:48:25',NULL,'2022-09-12 06:00:00','2022-09-13 06:00:00',1),(1442,'0LE2whw7',126,8,4,0,0,'2022-09-08 11:55:30','2022-09-08 12:48:25',NULL,'2022-09-12 06:00:00','2022-09-13 06:00:00',1),(1443,'C5ELmmcX',126,8,4,0,0,'2022-09-08 11:55:30','2022-09-08 12:48:26',NULL,'2022-09-12 06:00:00','2022-09-13 06:00:00',1),(1444,'Lx3GG-qf',127,8,4,0,0,'2022-09-08 11:55:30','2022-09-08 12:49:22',NULL,'2022-09-12 06:00:00','2022-09-13 06:00:00',1),(1445,'oWQuE2YC',127,8,4,0,0,'2022-09-08 11:55:30','2022-09-08 12:49:22',NULL,'2022-09-12 06:00:00','2022-09-13 06:00:00',1),(1446,'l5dhz82a',88,8,4,0,0,'2022-09-08 13:14:07','2022-09-08 14:10:26',NULL,NULL,NULL,1),(1447,'5EDjORzW',88,9,4,0,0,'2022-09-10 12:24:04','2022-09-08 14:10:21',NULL,NULL,NULL,1),(1448,'j2a2jkb_',88,9,4,0,0,'2022-09-12 17:02:38','2022-09-08 14:10:15',NULL,NULL,NULL,1),(1449,'BhlASt-j',88,8,4,0,0,'2022-09-08 13:14:07','2022-09-08 14:10:11',NULL,NULL,NULL,1),(1450,'Pnkq4qbp',15,9,4,0,0,'2022-09-12 01:12:02','2022-09-08 14:13:46',NULL,'2022-09-08 00:00:00','2022-09-13 08:00:00',1),(1451,'S_hkz0fB',32,8,4,0,0,'2022-09-10 12:50:26','2022-09-08 14:59:26',NULL,NULL,NULL,1),(1452,'kOa4axBO',32,9,4,0,0,'2022-09-12 18:41:43','2022-09-08 14:59:26',NULL,NULL,NULL,1),(1453,'X9bJSxQt',116,9,4,0,0,'2022-09-12 19:39:41','2022-09-08 16:23:47',NULL,'2022-09-08 00:00:00','2022-09-13 08:00:00',1),(1454,'W7SoBn7D',88,8,4,0,0,'2022-09-08 15:33:24','2022-09-08 15:32:35',NULL,NULL,NULL,1),(1455,'pY1FkTU-',88,8,4,0,0,'2022-09-08 15:33:24','2022-09-08 15:32:35',NULL,NULL,NULL,1),(1456,'oS5zsNnQ',88,8,4,0,0,'2022-09-08 15:33:24','2022-09-08 15:32:35',NULL,NULL,NULL,1),(1457,'d3FFIXeb',88,9,4,0,0,'2022-09-08 23:06:02','2022-09-08 15:32:36',NULL,NULL,NULL,1),(1458,'XEjoyB5f',88,8,4,0,0,'2022-09-09 20:11:52','2022-09-08 15:32:36',NULL,NULL,NULL,1),(1459,'6zYjNqc6',88,9,4,0,0,'2022-09-08 20:03:19','2022-09-08 15:32:36',NULL,NULL,NULL,1),(1460,'oNhx5dIK',88,9,4,0,0,'2022-09-08 20:03:29','2022-09-08 15:32:37',NULL,NULL,NULL,1),(1461,'o3HzYapk',88,8,4,0,0,'2022-09-08 15:33:24','2022-09-08 15:32:37',NULL,NULL,NULL,1),(1462,'h4HLtFvN',88,8,4,0,0,'2022-09-08 15:33:24','2022-09-08 15:32:37',NULL,NULL,NULL,1),(1463,'gQkou0X7',25,8,4,0,0,'2022-09-11 23:43:42','2022-09-08 16:28:16',NULL,NULL,NULL,1),(1464,'VwmwE0yX',68,8,4,0,0,'2022-09-12 20:40:40','2022-09-08 16:28:56',NULL,NULL,NULL,1),(1465,'NdYJh77u',68,9,4,0,0,'2022-09-12 22:55:55','2022-09-08 16:28:56',NULL,NULL,NULL,1),(1466,'E2TgGZzR',128,9,4,0,0,'2022-09-11 19:13:56','2022-09-08 18:23:27',NULL,'2022-09-08 00:00:00','2022-09-13 08:00:00',1),(1467,'wnmTV1mw',128,9,4,0,0,'2022-09-12 20:52:03','2022-09-08 18:22:38',NULL,'2022-09-08 00:00:00','2022-09-13 08:00:00',1),(1468,'rUCiu4Iv',69,9,4,0,0,'2022-09-12 17:21:12','2022-09-08 20:05:55',NULL,'2022-09-08 00:00:00','2022-09-13 08:00:00',1),(1469,'fTdz0v5I',10,9,4,0,0,'2022-09-11 17:12:42','2022-09-09 14:23:47',NULL,NULL,NULL,1),(1470,'Iytv9JyU',10,8,4,0,0,'2022-09-09 13:28:58','2022-09-09 14:23:48',NULL,NULL,NULL,1),(1471,'ZzlkW_9i',10,9,4,0,0,'2022-09-12 16:55:36','2022-09-09 14:23:48',NULL,NULL,NULL,1),(1472,'QR3T8evB',10,8,4,0,0,'2022-09-10 02:36:54','2022-09-09 14:23:48',NULL,NULL,NULL,1),(1473,'El-oYUY7',10,8,4,0,0,'2022-09-09 13:28:58','2022-09-09 14:23:49',NULL,NULL,NULL,1),(1474,'IwjnicKr',88,8,4,0,0,'2022-09-09 13:28:58','2022-09-09 13:25:26',NULL,NULL,NULL,1),(1475,'MV_LQUOG',88,8,4,0,0,'2022-09-09 13:28:58','2022-09-09 13:25:26',NULL,NULL,NULL,1),(1476,'AQxLDi2L',92,9,4,0,0,'2022-09-11 02:37:15','2022-09-09 16:50:42',NULL,NULL,NULL,1),(1477,'CPo9JHuR',92,9,4,0,0,'2022-09-11 02:37:06','2022-09-09 16:50:42',NULL,NULL,NULL,1),(1478,'1lhk5o5o',92,9,4,0,0,'2022-09-11 02:36:24','2022-09-09 16:50:43',NULL,NULL,NULL,1),(1479,'vjva6Ke_',92,8,4,0,0,'2022-09-09 17:20:17','2022-09-09 16:50:43',NULL,NULL,NULL,1),(1480,'fMlGqBE8',74,9,4,0,0,'2022-09-12 17:27:51','2022-09-09 18:20:30',NULL,NULL,NULL,1),(1481,'TMz88iBp',39,8,4,0,0,'2022-09-11 20:35:53','2022-09-09 18:37:12',NULL,NULL,NULL,1),(1482,'nJTZtI9x',39,8,4,0,0,'2022-09-11 17:40:21','2022-09-09 18:37:12',NULL,NULL,NULL,1),(1483,'bQidnq7s',10,8,4,0,0,'2022-09-10 13:25:07','2022-09-10 14:22:32',NULL,NULL,NULL,1),(1484,'9a2VeEkT',10,8,4,0,0,'2022-09-12 04:00:08','2022-09-10 14:22:41',NULL,NULL,NULL,1),(1485,'CmoBAols',10,8,4,0,0,'2022-09-10 13:25:07','2022-09-10 14:22:47',NULL,NULL,NULL,1),(1486,'6ozpxWd-',10,9,4,0,0,'2022-09-11 23:06:42','2022-09-10 14:22:53',NULL,NULL,NULL,1),(1487,'-WklZ3n0',10,8,4,0,0,'2022-09-11 16:27:14','2022-09-11 16:24:21',NULL,NULL,NULL,1),(1488,'PjHEHJOY',100,8,4,0,0,'2022-09-11 17:49:17','2022-09-11 17:41:10',NULL,NULL,NULL,1),(1489,'yRbRJr3c',100,8,4,0,0,'2022-09-12 01:48:56','2022-09-11 17:41:11',NULL,NULL,NULL,1),(1490,'cBaMw70o',100,8,4,0,0,'2022-09-11 17:49:17','2022-09-11 17:41:11',NULL,NULL,NULL,1),(1491,'nIVrRXNc',100,8,4,0,0,'2022-09-11 17:49:17','2022-09-11 17:41:11',NULL,NULL,NULL,1),(1492,'eFR-dZPO',100,8,4,0,0,'2022-09-11 17:49:17','2022-09-11 17:41:12',NULL,NULL,NULL,1),(1493,'u2OTLWpC',100,8,4,0,0,'2022-09-11 17:49:17','2022-09-11 17:41:12',NULL,NULL,NULL,1),(1494,'Vq6VEasx',100,9,4,0,0,'2022-09-12 00:49:19','2022-09-11 17:41:12',NULL,NULL,NULL,1),(1495,'LGiw2FHA',100,8,4,0,0,'2022-09-11 17:49:17','2022-09-11 17:41:13',NULL,NULL,NULL,1),(1496,'W3RP1l_U',100,9,4,0,0,'2022-09-11 23:07:38','2022-09-11 17:41:13',NULL,NULL,NULL,1),(1497,'Yc7anO5F',100,8,4,0,0,'2022-09-11 17:49:17','2022-09-11 17:41:14',NULL,NULL,NULL,1),(1498,'bgvPeAz9',100,8,4,0,0,'2022-09-11 17:49:17','2022-09-11 17:41:14',NULL,NULL,NULL,1),(1499,'d0GZSEB3',100,8,4,0,0,'2022-09-11 17:49:17','2022-09-11 17:41:14',NULL,NULL,NULL,1),(1500,'zhhhy1PZ',100,8,4,0,0,'2022-09-11 17:49:17','2022-09-11 17:41:14',NULL,NULL,NULL,1),(1501,'-Z-IN-2F',100,8,4,0,0,'2022-09-11 17:49:17','2022-09-11 17:41:15',NULL,NULL,NULL,1),(1502,'-mFX46KJ',100,8,4,0,0,'2022-09-11 17:49:17','2022-09-11 17:41:15',NULL,NULL,NULL,1),(1503,'Flxtj-o1',100,8,4,0,0,'2022-09-11 17:49:17','2022-09-11 17:41:15',NULL,NULL,NULL,1);
/*!40000 ALTER TABLE `credentials` ENABLE KEYS */;
UNLOCK TABLES;

--
-- Table structure for table `entities`
--

DROP TABLE IF EXISTS `entities`;
/*!40101 SET @saved_cs_client     = @@character_set_client */;
/*!50503 SET character_set_client = utf8mb4 */;
CREATE TABLE `entities` (
  `id` int NOT NULL AUTO_INCREMENT,
  `ueid` varchar(8) NOT NULL,
  `name` varchar(255) NOT NULL,
  `idEntityType` int NOT NULL,
  `createdAt` timestamp NOT NULL DEFAULT CURRENT_TIMESTAMP,
  `updatedAt` timestamp NOT NULL DEFAULT CURRENT_TIMESTAMP,
  `deletedAt` timestamp NULL DEFAULT NULL,
  `weight` int DEFAULT NULL,
  `email` varchar(255) DEFAULT NULL,
  PRIMARY KEY (`id`),
  KEY `fk_idTipoEntidade_Entidade` (`idEntityType`),
  CONSTRAINT `fk_idTipoEntidade_Entidade` FOREIGN KEY (`idEntityType`) REFERENCES `entitytypes` (`id`)
) ENGINE=InnoDB AUTO_INCREMENT=129 DEFAULT CHARSET=latin1;
/*!40101 SET character_set_client = @saved_cs_client */;

--
-- Dumping data for table `entities`
--

LOCK TABLES `entities` WRITE;
/*!40000 ALTER TABLE `entities` DISABLE KEYS */;
INSERT INTO `entities` VALUES (1,'NLQtS_LW','Motor Clube',1,'2022-03-08 22:34:39','2022-08-01 18:22:44',NULL,1,'restau@asd.asdf'),(2,'52d_0dYA','Diogo Piçarra',4,'2022-08-03 23:48:58','2022-08-03 23:48:58',NULL,1,'teste@asd.pt'),(3,'Z-H3AHXQ','Diogo Piçarra',4,'2022-08-03 23:49:23','2022-08-03 23:49:23','2022-08-03 23:49:38',1,'teste@assarfdswdfs.pt'),(4,'V766GTuz','Junta UFMRC',5,'2022-08-04 17:58:26','2022-08-04 17:58:26',NULL,1,'sadfsdf@das.psad'),(5,'2a1UcppP','Junta UFMRC',6,'2022-08-04 17:59:22','2022-08-04 17:59:22',NULL,1,'asdfasf@sfdsdf.py'),(6,'PDqB4iIC','aa',3,'2022-08-04 21:47:59','2022-08-30 17:20:23',NULL,1,'aaaa@aaa.aaa'),(7,'MmwAcJpt','União de Freguesias de Monte Redondo e Carreira',5,'2022-08-04 21:59:34','2022-08-04 22:14:32',NULL,1,'jjjj@jjj.pt'),(8,'4wzzqeHQ','Gonçalo Gaspar',5,'2022-08-04 22:38:42','2022-08-04 22:38:42',NULL,1,'sad@asd.pt'),(9,'0vpjQU1s','EventusGest',22,'2022-08-12 03:29:13','2022-09-02 19:45:09',NULL,1,'email@email.pt'),(10,'5vngeZyQ','UF Monte Redondo e Carreira',7,'2022-08-19 11:42:19','2022-08-19 11:42:19',NULL,1,'email1@teste.pt'),(11,'aN9MHERO','UF Monte Redondo e Carreira',8,'2022-08-30 14:03:14','2022-08-30 14:03:14',NULL,1,'email3@email.pt'),(12,'qRAu1BC0','asdas',2,'2022-08-30 14:25:00','2022-08-30 14:25:00',NULL,123,'asdas@asds.com'),(13,'95ec29vN','macaco',1,'2022-08-30 14:35:57','2022-08-30 14:35:57',NULL,123,'qwer123@gqwe.com'),(14,'fAnbV3Wh','BVL 5ª Companhia Monte Redondo',14,'2022-08-30 14:58:23','2022-08-30 14:58:23',NULL,1,'bombeiros@email.pt'),(15,'7UTpWOVR','Animações Andreia (Insufláveis)',13,'2022-08-30 15:40:35','2022-08-30 16:07:11',NULL,1,'insuflaveis@email.pt'),(16,'e2SdAHQI','Divertimentos Batista',13,'2022-08-30 16:09:12','2022-08-30 16:09:12',NULL,1,'divertimentos@email.pt'),(17,'zcSwphH-','LUPPI',13,'2022-08-30 21:29:22','2022-08-30 21:29:22',NULL,1,'email@email.pt'),(18,'nJEIxZVp','Tremoceira Noémia Soares',13,'2022-08-30 21:30:41','2022-08-30 21:30:41',NULL,1,'email@email.pt'),(19,'13yyGxqW','Doçaria Royal',13,'2022-08-30 21:33:08','2022-08-30 21:33:08',NULL,1,'email@email.pt'),(20,'AI5vJe0H','Farturas Gina',13,'2022-08-30 21:34:32','2022-08-30 21:34:32',NULL,1,'email@email.pt'),(21,'AxQimxva','Sweet Banana Portugal',13,'2022-08-30 21:35:45','2022-08-30 21:35:57',NULL,1,'email@email.pt'),(22,'6A1E0jTJ','Farturas Jorge Santos',13,'2022-08-30 21:39:44','2022-08-30 21:39:44',NULL,1,'email@email.pt'),(23,'VSvDSH8z','Doçaria Royal 2',13,'2022-08-30 21:40:00','2022-08-30 21:40:00',NULL,1,'email@email.pt'),(24,'QomqI6xS','Automecânica Alvorgense',13,'2022-08-30 21:40:15','2022-08-30 21:40:15',NULL,1,'email@email.pt'),(25,'MIpOZaVA','Imapal Lda',13,'2022-08-30 21:40:41','2022-08-30 21:40:41',NULL,1,'email@email.pt'),(26,'o_tMTb5k','Lubrigaz - Skoda',13,'2022-08-30 21:40:51','2022-08-30 21:40:51',NULL,1,'email@email.pt'),(27,'bvy-bDZl','Lusiaves',13,'2022-08-30 21:41:09','2022-08-30 21:41:09',NULL,1,'email@email.pt'),(28,'4EQ9zm_W','Espaço Mecânico, S. A.',13,'2022-08-30 21:41:33','2022-08-30 21:41:33',NULL,1,'email@email.pt'),(29,'rEcagpro','Gopecauto',13,'2022-08-30 21:41:45','2022-08-30 21:41:45',NULL,1,'email@email.pt'),(30,'g0yU0dgE','Mikuno Creations',13,'2022-08-30 21:41:57','2022-08-30 21:41:57',NULL,1,'email@email.pt'),(31,'adalpDbB','Hidroponia',13,'2022-08-30 21:42:23','2022-08-30 21:42:23',NULL,1,'email@email.pt'),(32,'yROoBmvY','Automecânica da Confraria',13,'2022-08-30 21:43:09','2022-08-30 21:43:09',NULL,1,'email@email.pt'),(33,'prR8u5_Z','Filipe Jordão Automóveis',13,'2022-08-30 21:43:23','2022-08-30 21:43:23',NULL,1,'email@email.pt'),(34,'FY46_Tgi','MEO',13,'2022-08-30 21:43:47','2022-08-30 21:43:47',NULL,1,'email@email.pt'),(35,'JCCb21lt','Loja Do Aplicador - Risomater',13,'2022-08-30 21:44:04','2022-08-30 21:44:04',NULL,1,'email@email.pt'),(36,'TzBy9X8J','Era Imobiliária',13,'2022-08-30 21:44:34','2022-08-30 21:44:34',NULL,1,'email@email.pt'),(37,'CDqK5iRo','Unicre',13,'2022-08-30 21:44:46','2022-08-30 21:44:46',NULL,1,'email@email.pt'),(38,'xoT9aUaD','Madeiras Afonso Lda',13,'2022-08-30 21:45:19','2022-08-30 21:45:19',NULL,1,'email@email.pt'),(39,'GRGHgwJW','Forever Living',13,'2022-08-30 21:45:59','2022-08-30 21:45:59',NULL,1,'email@email.pt'),(40,'mrryMFTJ','Jornal De Leiria',13,'2022-08-30 21:46:23','2022-08-30 21:46:23',NULL,1,'email@email.pt'),(41,'rnDoi8Pz','Azeite Morgado',13,'2022-08-30 21:46:35','2022-08-30 21:46:35',NULL,1,'email@email.pt'),(42,'hghjeLrM','Escola De Condução De Monte Redondo',13,'2022-08-30 21:46:49','2022-08-30 21:46:49',NULL,1,'email@email.pt'),(43,'WN3h3wDA','Casa Esperanza',13,'2022-08-30 21:46:58','2022-08-30 21:46:58',NULL,1,'email@email.pt'),(44,'q3M6nHeP','Município De Leiria',13,'2022-08-30 21:47:11','2022-08-30 21:47:11',NULL,1,'email@email.pt'),(45,'XgxnWoVk','Colégio Dr. Luís Pereira Da Costa',13,'2022-08-30 21:47:23','2022-08-30 21:47:23',NULL,1,'email@email.pt'),(46,'cIJxLNud','Pneuredondo',13,'2022-08-30 21:47:35','2022-08-30 21:47:35',NULL,1,'email@email.pt'),(47,'B5j4448c','Rainbow',13,'2022-08-30 21:47:43','2022-08-30 21:47:43',NULL,1,'email@email.pt'),(48,'4GyT5ky3','Censocar',13,'2022-08-30 21:47:50','2022-08-30 21:47:50',NULL,1,'email@email.pt'),(49,'JZX5qSkT','VGaspar Artista Plástico ',13,'2022-08-30 21:48:04','2022-08-30 21:48:04',NULL,1,'email@email.pt'),(50,'8zrA64T2','Médico Dos Dentes',13,'2022-08-30 21:48:24','2022-08-30 21:48:24',NULL,1,'email@email.pt'),(51,'rf8AEh07','Oralmed Leiria',13,'2022-08-30 21:48:35','2022-08-30 21:48:35',NULL,1,'email@email.pt'),(52,'cSe3iDAu','Acquarobot',13,'2022-08-30 21:48:43','2022-08-30 21:48:43',NULL,1,'email@email.pt'),(53,'WCtyYMit','Norte De Leiria',13,'2022-08-30 21:50:06','2022-08-30 21:50:06',NULL,1,'email@email.pt'),(54,'W0Ml1_Dh','Decor Style',13,'2022-08-30 21:50:21','2022-08-30 21:50:21',NULL,1,'email@email.pt'),(55,'504NkaLd','Menisco Saúde',13,'2022-08-30 21:50:41','2022-08-30 21:50:41',NULL,1,'email@email.pt'),(56,'vU7JCGvZ','Inverchaud, Lda + Eficiência',13,'2022-08-30 21:50:56','2022-08-30 21:50:56',NULL,1,'email@email.pt'),(57,'kXvsnhbO','Neves & Terlouw Mediação Imobiliária Lda',13,'2022-08-30 21:51:10','2022-08-30 21:51:10',NULL,1,'email@email.pt'),(58,'eqnvJWe1','Remax - Leiria',13,'2022-08-30 21:51:30','2022-08-30 21:51:30',NULL,1,'email@email.pt'),(59,'MaS-2t2S','Barbearia Braytes',13,'2022-08-30 21:51:40','2022-08-30 21:51:40',NULL,1,'email@email.pt'),(60,'a5gal1Fd','A. C. Domingues Lda',13,'2022-08-30 21:52:32','2022-08-30 21:52:32',NULL,1,'email@email.pt'),(61,'32ROWrNP','Emanuel Fernandes, Caixilharia - Lda',13,'2022-08-30 21:53:06','2022-08-30 21:53:06',NULL,1,'email@email.pt'),(62,'tdMHAgvv','Demicos, Lda',13,'2022-08-30 21:53:20','2022-08-30 21:53:20',NULL,1,'email@email.pt'),(63,'hNrPk9ed','Origens Do Bem Estar / Colchoaria  Portuguesa',13,'2022-08-30 21:53:42','2022-08-30 21:53:42',NULL,1,'email@email.pt'),(64,'jE1GsJT7','Oferta Fixa, Máquinas E Ferramentas  Unipessoal Lda',13,'2022-08-30 21:53:58','2022-08-30 21:53:58',NULL,1,'email@email.pt'),(65,'k7O7JPvF','Clothe Fashion - Diamante Das Fardas',13,'2022-08-30 21:54:12','2022-08-30 21:54:12',NULL,1,'email@email.pt'),(66,'VYmBOeqP','Medicis Dental',13,'2022-08-30 21:54:22','2022-08-30 21:54:22',NULL,1,'email@email.pt'),(67,'escTZsMg','Aldina Gonçalves',13,'2022-08-30 21:54:59','2022-08-30 21:54:59',NULL,1,'email@email.pt'),(68,'WjS4VSR4','Purple Idea',13,'2022-08-30 21:55:12','2022-08-30 21:55:12',NULL,1,'email@email.pt'),(69,'iQJWWFtX','LR Health & Beauty',13,'2022-08-30 21:55:28','2022-08-30 21:55:28',NULL,1,'email@email.pt'),(70,'QHa5UhQE','MR Creations',13,'2022-08-30 21:55:45','2022-08-30 21:55:45',NULL,1,'email@email.pt'),(71,'PN8_1zd3','Pó De Mimo',13,'2022-08-30 21:56:08','2022-08-30 21:56:08',NULL,1,'email@email.pt'),(72,'vhg-6Ind','Solum Beauty Care',13,'2022-08-30 21:56:22','2022-08-30 21:56:22',NULL,1,'email@email.pt'),(73,'lCNRWldH','Reciclarte',13,'2022-08-30 21:56:27','2022-08-30 21:56:27',NULL,1,'email@email.pt'),(74,'ZNbCREPj','Hive',13,'2022-08-30 21:56:36','2022-08-30 21:56:36',NULL,1,'email@email.pt'),(75,'AV4CDeO0','Associação Portuguesa de AVC',13,'2022-08-30 21:59:47','2022-08-30 21:59:47',NULL,1,'email@email.pt'),(76,'4I47draS','Quadripeças',13,'2022-08-30 22:03:09','2022-08-30 22:03:09',NULL,1,'email@email.pt'),(77,'30b87ImC','A Casinha Da Rodinha',13,'2022-08-30 22:03:20','2022-08-30 22:03:20',NULL,1,'email@email.pt'),(78,'W1KYuJGv','Vtrac Lda',13,'2022-08-30 22:03:57','2022-08-30 22:03:57',NULL,1,'email@email.pt'),(79,'rnKuSyPN','Museu De Monte Redondo',9,'2022-08-30 22:08:21','2022-08-30 22:08:21',NULL,1,'email@email.pt'),(80,'Xlf7SH7s','Os Defensores',9,'2022-08-30 22:08:43','2022-08-30 22:08:43',NULL,1,'email@email.pt'),(81,'1nxbgx3b','Tunning Brothers',9,'2022-08-30 22:09:00','2022-08-30 22:09:00',NULL,1,'email@email.pt'),(82,'WhnkFFbC','Motor Clube',9,'2022-08-30 22:09:41','2022-08-30 22:09:41',NULL,1,'email@email.pt'),(83,'VL9arpo6','Clube De Caça E Pesca',9,'2022-08-30 22:12:12','2022-08-30 22:12:12',NULL,1,'email@email.pt'),(84,'nrKNWhSk','Os Magníficos GCR',9,'2022-08-30 22:12:47','2022-08-30 22:12:47',NULL,1,'email@email.pt'),(85,'980UR_nc','Eiras Bar (Filarmónica)',9,'2022-08-30 22:13:28','2022-08-30 22:13:28',NULL,1,'email@email.pt'),(86,'60tsg3L6','Associação Da Sismaria',9,'2022-08-30 22:14:08','2022-08-30 22:14:08',NULL,1,'email@email.pt'),(87,'KxAQ_ZId','Andamento Produç ',9,'2022-09-02 17:18:07','2022-09-02 17:18:07','2022-09-02 17:24:54',1,'email@email.pt'),(88,'zMxEx5yc','Andamento Produções',19,'2022-09-02 17:18:19','2022-09-02 17:18:59',NULL,1,'email@email.pt'),(89,'fFrOFkfE','Teste 2',1,'2022-09-02 17:33:23','2022-09-02 17:33:23',NULL,13,'ema1il@email.pt'),(90,'EHJ9DIDO','Teste 3',1,'2022-09-02 17:36:59','2022-09-02 17:36:59',NULL,1,'email@email.pt'),(91,'A3hnlBLn','Comunicação Social',18,'2022-09-02 17:39:17','2022-09-02 17:39:17',NULL,1,'email@email.pt'),(92,'OSl7tCMC','Alcotester',20,'2022-09-02 17:40:41','2022-09-09 17:50:26',NULL,10,'email@email.pt'),(93,'ToJsOi_5','teste4',1,'2022-09-02 17:40:51','2022-09-02 17:40:51',NULL,1,'email@email.pt'),(94,'2i-6C2UV','Ritus do Pão',20,'2022-09-02 17:41:11','2022-09-02 17:41:11',NULL,1,'email@email.pt'),(95,'tApPXc3I','teste5',1,'2022-09-02 17:51:23','2022-09-02 17:51:23',NULL,1,'email@email.pt'),(96,'oGmLYOLC','teste6',1,'2022-09-02 17:53:44','2022-09-02 17:53:44',NULL,1,'email@email.pt'),(97,'is5v_tE7','Bel Distribuição',20,'2022-09-02 18:00:04','2022-09-02 18:00:04',NULL,1,'email@email.pt'),(98,'q2NadWHg','Profunda Essência',11,'2022-09-02 18:05:20','2022-09-02 18:05:20',NULL,1,'email@email.pt'),(99,'ZwdE9Z9V','Confused Minds',10,'2022-09-02 18:13:34','2022-09-02 18:13:34',NULL,1,'email@email.pt'),(100,'2Hb4F5KW','Katedral',10,'2022-09-02 18:21:20','2022-09-02 18:21:20',NULL,1,'email@email.pt'),(101,'FPAsIQW_','DJ André L.',10,'2022-09-02 18:25:13','2022-09-02 18:25:13',NULL,1,'email@email.pt'),(102,'GKYutMvs','Los Capas Quentes',10,'2022-09-02 18:26:14','2022-09-02 18:26:14',NULL,1,'email@email.pt'),(103,'m9TjlO0L','Cassimba',10,'2022-09-02 18:27:31','2022-09-02 18:27:31',NULL,1,'email@email.pt'),(104,'RBAd_Voz','Rancho Folclórico Rosas do Liz',11,'2022-09-02 18:48:49','2022-09-02 19:12:51',NULL,1,'email@email.pt'),(105,'jNMuRkLh','Rancho Folclórico Rosas da Alegria',11,'2022-09-02 18:49:01','2022-09-02 19:12:00',NULL,1,'email@email.pt'),(106,'T-qgy_uL','Jiga Joga',11,'2022-09-02 19:11:10','2022-09-02 19:13:20',NULL,1,'email@email.pt'),(107,'Hx6WA-yy','Passeio das Motas',11,'2022-09-02 19:27:21','2022-09-07 11:42:48',NULL,1,'email@email.pt'),(108,'SiKlHbPK','FAJDL',13,'2022-09-06 14:48:35','2022-09-06 14:48:35',NULL,1,'email@email.pt'),(109,'c6fSBbyb','Raposa Velha',13,'2022-09-06 15:26:13','2022-09-06 15:26:13',NULL,1,'email@email.pt'),(110,'rfb5tes6','Cinema City',13,'2022-09-06 15:28:27','2022-09-06 15:28:27',NULL,1,'email@email.pt'),(111,'iryFPUFb','Jiujitsu-kyo Soku GDR Casal Novo ',11,'2022-09-06 15:31:40','2022-09-06 15:31:40',NULL,1,'email@email.pt'),(112,'Aq4eST8d','Staccato - Escola de dança (SAB)',11,'2022-09-06 15:44:30','2022-09-06 15:44:30',NULL,1,'email@email.pt'),(113,'eF4B39x6','Staccato - Escola de dança (SEX)',11,'2022-09-06 15:46:10','2022-09-06 15:46:10',NULL,1,'email@email.pt'),(114,'kYUqgy_W','Luziduarte',20,'2022-09-07 23:27:11','2022-09-07 23:27:11',NULL,1,'email@email.pt'),(115,'Fr84aBG5','Bright Consequence',20,'2022-09-07 23:28:10','2022-09-07 23:28:10',NULL,1,'email@email.pt'),(116,'-X7wQdXD','Porco no espeto',20,'2022-09-08 12:17:10','2022-09-08 12:17:10',NULL,1,'email@email.pt'),(117,'Q36bSKrX','Smells Like 90s',10,'2022-09-08 12:33:52','2022-09-08 12:33:52',NULL,1,'email@email.pt'),(118,'uyvWRWas','GNTK',10,'2022-09-08 12:35:38','2022-09-08 15:46:15',NULL,1,'email@email.pt'),(119,'GNyIWodg','Recreio da Anita',10,'2022-09-08 12:38:28','2022-09-08 12:38:28',NULL,1,'email@email.pt'),(120,'LQKcemhl','Iris',10,'2022-09-08 12:39:04','2022-09-08 12:39:04',NULL,1,'email@email.pt'),(121,'xFprCBsY','Diogo Piçarra',10,'2022-09-08 12:40:19','2022-09-08 12:40:19',NULL,1,'email@email.pt'),(122,'p1ckCKQh','No Maka',10,'2022-09-08 12:41:16','2022-09-08 12:41:16',NULL,1,'email@email.pt'),(123,'q5lov04J','Aurea',10,'2022-09-08 12:43:07','2022-09-08 12:43:07',NULL,1,'email@email.pt'),(124,'KJbGujEM','Ana Arrebentinha',10,'2022-09-08 12:45:01','2022-09-08 12:45:01',NULL,1,'email@email.pt'),(125,'s7S7GtWS','Toy',10,'2022-09-08 12:46:14','2022-09-08 12:46:14',NULL,1,'email@email.pt'),(126,'7tUyQbD5','Syro',10,'2022-09-08 12:48:22','2022-09-08 12:48:22',NULL,1,'email@email.pt'),(127,'hXZTYf69','Sara Santini',10,'2022-09-08 12:49:22','2022-09-08 12:49:22',NULL,1,'email@email.pt'),(128,'HeHUeuzF','Fábio (Canalização)',20,'2022-09-08 18:22:37','2022-09-08 18:22:37',NULL,1,'email@email.pt');
/*!40000 ALTER TABLE `entities` ENABLE KEYS */;
UNLOCK TABLES;

--
-- Table structure for table `entitytypeareas`
--

DROP TABLE IF EXISTS `entitytypeareas`;
/*!40101 SET @saved_cs_client     = @@character_set_client */;
/*!50503 SET character_set_client = utf8mb4 */;
CREATE TABLE `entitytypeareas` (
  `idEntityType` int NOT NULL,
  `idArea` int NOT NULL,
  PRIMARY KEY (`idEntityType`,`idArea`),
  KEY `fk_idArea_TipoEntidade_Area` (`idArea`),
  KEY `fk_idTipoEntidade_TipoEntidade_Area` (`idEntityType`),
  CONSTRAINT `fk_idArea_TipoEntidade_Area` FOREIGN KEY (`idArea`) REFERENCES `areas` (`id`),
  CONSTRAINT `fk_idTipoEntidade_TipoEntidade_Area` FOREIGN KEY (`idEntityType`) REFERENCES `entitytypes` (`id`)
) ENGINE=InnoDB DEFAULT CHARSET=latin1;
/*!40101 SET character_set_client = @saved_cs_client */;

--
-- Dumping data for table `entitytypeareas`
--

LOCK TABLES `entitytypeareas` WRITE;
/*!40000 ALTER TABLE `entitytypeareas` DISABLE KEYS */;
INSERT INTO `entitytypeareas` VALUES (1,5),(2,5),(3,5),(4,5),(5,5),(6,5),(1,6),(2,6),(3,6),(4,6),(5,6),(6,6),(4,7),(5,7),(7,8),(8,8),(9,8),(10,8),(11,8),(12,8),(13,8),(14,8),(15,8),(16,8),(17,8),(18,8),(19,8),(20,8),(21,8),(22,8),(7,9),(8,9),(9,9),(10,9),(11,9),(12,9),(13,9),(14,9),(15,9),(16,9),(17,9),(18,9),(19,9),(20,9),(21,9),(22,9),(7,10),(10,10),(14,10),(19,10),(22,10);
/*!40000 ALTER TABLE `entitytypeareas` ENABLE KEYS */;
UNLOCK TABLES;

--
-- Table structure for table `entitytypes`
--

DROP TABLE IF EXISTS `entitytypes`;
/*!40101 SET @saved_cs_client     = @@character_set_client */;
/*!50503 SET character_set_client = utf8mb4 */;
CREATE TABLE `entitytypes` (
  `id` int NOT NULL AUTO_INCREMENT,
  `name` varchar(255) NOT NULL,
  `qtCredentials` int NOT NULL,
  `idEvent` int NOT NULL,
  `createdAt` timestamp NOT NULL DEFAULT CURRENT_TIMESTAMP,
  `updatedAt` timestamp NOT NULL DEFAULT CURRENT_TIMESTAMP,
  `deletedAt` timestamp NULL DEFAULT NULL,
  PRIMARY KEY (`id`),
  KEY `fkIdx_152` (`idEvent`),
  CONSTRAINT `FK_152` FOREIGN KEY (`idEvent`) REFERENCES `events` (`id`)
) ENGINE=InnoDB AUTO_INCREMENT=23 DEFAULT CHARSET=latin1;
/*!40101 SET character_set_client = @saved_cs_client */;

--
-- Dumping data for table `entitytypes`
--

LOCK TABLES `entitytypes` WRITE;
/*!40000 ALTER TABLE `entitytypes` DISABLE KEYS */;
INSERT INTO `entitytypes` VALUES (1,'Restaurante',12,3,'2022-08-01 18:23:01','2022-08-01 18:23:01',NULL),(2,'Bar',5,3,'2022-08-01 18:23:17','2022-08-01 18:23:17',NULL),(3,'Expositor',3,3,'2022-08-03 23:47:34','2022-08-03 23:47:34',NULL),(4,'Artista',999,3,'2022-08-03 23:48:15','2022-08-03 23:48:15',NULL),(5,'Organização',9999,3,'2022-08-04 21:46:09','2022-08-04 21:46:09',NULL),(6,'Staff',9999,3,'2022-08-04 17:57:58','2022-08-04 17:57:58',NULL),(7,'Organização',999,4,'2022-08-19 12:07:57','2022-08-19 12:07:57',NULL),(8,'Voluntários',999,4,'2022-08-30 13:58:16','2022-08-30 13:58:16',NULL),(9,'Associação',31,4,'2022-08-30 13:59:37','2022-08-30 13:59:37',NULL),(10,'Artista',999,4,'2022-09-02 18:02:24','2022-09-02 18:02:24',NULL),(11,'Atividades',999,4,'2022-09-02 18:07:05','2022-09-02 18:07:05',NULL),(12,'Artista (Dancefloor)',999,4,'2022-08-12 03:43:40','2022-08-12 03:43:40','2022-09-02 18:08:15'),(13,'Expositor',20,4,'2022-08-30 16:07:37','2022-08-30 16:07:37',NULL),(14,'Bombeiros',30,4,'2022-08-30 14:01:28','2022-08-30 14:01:28',NULL),(15,'Expositor | Ar Livre',4,4,'2022-08-30 14:54:20','2022-08-30 14:54:20','2022-08-30 16:07:44'),(16,'Expositor | Venda Ambulante',4,4,'2022-08-30 14:54:50','2022-08-30 14:54:50','2022-08-30 16:07:50'),(17,'Exp. - Área Infantil',10,4,'2022-08-30 15:42:04','2022-08-30 15:42:04','2022-08-30 16:07:47'),(18,'Media',99,4,'2022-09-02 16:57:19','2022-09-02 16:57:19',NULL),(19,'Produção',99,4,'2022-09-08 14:07:18','2022-09-08 14:07:18',NULL),(20,'Fornecedor',2,4,'2022-09-02 18:10:54','2022-09-02 18:10:54',NULL),(21,'Profunda Essência',4,4,'2022-09-02 18:03:50','2022-09-02 18:03:50','2022-09-02 18:04:17'),(22,'Apoio Técnico',3,4,'2022-09-02 19:44:58','2022-09-02 19:44:58',NULL);
/*!40000 ALTER TABLE `entitytypes` ENABLE KEYS */;
UNLOCK TABLES;

--
-- Table structure for table `events`
--

DROP TABLE IF EXISTS `events`;
/*!40101 SET @saved_cs_client     = @@character_set_client */;
/*!50503 SET character_set_client = utf8mb4 */;
CREATE TABLE `events` (
  `id` int NOT NULL AUTO_INCREMENT,
  `name` varchar(255) NOT NULL,
  `startDate` datetime NOT NULL,
  `endDate` datetime NOT NULL,
  `createdAt` timestamp NOT NULL DEFAULT CURRENT_TIMESTAMP,
  `updateAt` timestamp NOT NULL DEFAULT CURRENT_TIMESTAMP,
  `deletedAt` timestamp NULL DEFAULT NULL,
  `default_area` int DEFAULT NULL,
  `sendEmails` tinyint(1) DEFAULT NULL,
  PRIMARY KEY (`id`),
  KEY `fk-event-default_area` (`default_area`),
  CONSTRAINT `fk-event-default_area` FOREIGN KEY (`default_area`) REFERENCES `areas` (`id`) ON DELETE CASCADE
) ENGINE=InnoDB AUTO_INCREMENT=5 DEFAULT CHARSET=latin1;
/*!40101 SET character_set_client = @saved_cs_client */;

--
-- Dumping data for table `events`
--

LOCK TABLES `events` WRITE;
/*!40000 ALTER TABLE `events` DISABLE KEYS */;
INSERT INTO `events` VALUES (1,'Teste1','2021-01-11 19:00:06','2021-01-11 19:00:06','2021-01-11 19:00:47','2021-01-11 19:00:47',NULL,1,0),(2,'O paulo é búe g','2021-01-13 19:02:29','2021-01-05 19:02:29','2021-01-11 19:02:39','2021-01-11 19:02:39',NULL,3,NULL),(3,'Test React','2022-03-08 22:32:44','2022-09-30 22:32:44','2022-03-08 22:33:26','2022-03-08 22:33:26',NULL,5,0),(4,'Fesmonte 2022','2022-09-08 00:00:00','2022-09-13 08:00:00','2022-08-05 03:23:11','2022-08-05 03:23:11',NULL,8,0);
/*!40000 ALTER TABLE `events` ENABLE KEYS */;
UNLOCK TABLES;

--
-- Table structure for table `eventsusers`
--

DROP TABLE IF EXISTS `eventsusers`;
/*!40101 SET @saved_cs_client     = @@character_set_client */;
/*!50503 SET character_set_client = utf8mb4 */;
CREATE TABLE `eventsusers` (
  `idEvent` int NOT NULL,
  `idUsers` int NOT NULL,
  PRIMARY KEY (`idEvent`,`idUsers`),
  KEY `fkIdx_127` (`idEvent`),
  KEY `fkIdx_143` (`idUsers`),
  CONSTRAINT `FK_127` FOREIGN KEY (`idEvent`) REFERENCES `events` (`id`),
  CONSTRAINT `FK_143` FOREIGN KEY (`idUsers`) REFERENCES `user` (`id`)
) ENGINE=InnoDB DEFAULT CHARSET=latin1;
/*!40101 SET character_set_client = @saved_cs_client */;

--
-- Dumping data for table `eventsusers`
--

LOCK TABLES `eventsusers` WRITE;
/*!40000 ALTER TABLE `eventsusers` DISABLE KEYS */;
INSERT INTO `eventsusers` VALUES (1,1),(2,1),(3,1),(3,2),(3,11),(4,1),(4,4),(4,6),(4,9),(4,10),(4,11);
/*!40000 ALTER TABLE `eventsusers` ENABLE KEYS */;
UNLOCK TABLES;

--
-- Table structure for table `migration`
--

DROP TABLE IF EXISTS `migration`;
/*!40101 SET @saved_cs_client     = @@character_set_client */;
/*!50503 SET character_set_client = utf8mb4 */;
CREATE TABLE `migration` (
  `version` varchar(180) NOT NULL,
  `apply_time` int DEFAULT NULL,
  PRIMARY KEY (`version`)
) ENGINE=MyISAM DEFAULT CHARSET=latin1;
/*!40101 SET character_set_client = @saved_cs_client */;

--
-- Dumping data for table `migration`
--

LOCK TABLES `migration` WRITE;
/*!40000 ALTER TABLE `migration` DISABLE KEYS */;
INSERT INTO `migration` VALUES ('m000000_000000_base',1610391186),('m130524_201442_init',1610391186),('m190124_110200_add_verification_token_column_to_user_table',1610391186),('m140506_102106_rbac_init',1610391233),('m170907_052038_rbac_add_index_on_auth_assignment_user_id',1610391233),('m180523_151638_rbac_updates_indexes_without_prefix',1610391234),('m200409_110543_rbac_update_mssql_trigger',1610391234),('m201111_164337_init_rbac',1610391238),('m201124_150951_add_user',1610391238),('m201124_163037_init_rbac',1610391238),('m201125_164042_change_columns_names',1610391238),('m201128_191656_rbac_credentials_permitions',1610391238),('m201214_154714_add_field_event',1610391238),('m201215_163043_add_weight_to_table_entity',1610391238),('m201216_151002_add_column_email_to_table_entities',1610391238),('m210101_235104_eventuser_primary_keys',1610391238),('m210110_155607_change_rbac',1610391238),('m220729_202436_new_permition',1659126311),('m220730_145240_add_fields_credentials',1659470200),('m220802_195619_add_field_send_email_events',1659551325),('m220804_132321_new_permition_send_emails',1660268757),('m220807_175018_add_vehicle_field',1660268884);
/*!40000 ALTER TABLE `migration` ENABLE KEYS */;
UNLOCK TABLES;

--
-- Table structure for table `movements`
--

DROP TABLE IF EXISTS `movements`;
/*!40101 SET @saved_cs_client     = @@character_set_client */;
/*!50503 SET character_set_client = utf8mb4 */;
CREATE TABLE `movements` (
  `id` int NOT NULL AUTO_INCREMENT,
  `time` timestamp NOT NULL DEFAULT CURRENT_TIMESTAMP,
  `idCredential` int NOT NULL,
  `idAccessPoint` int NOT NULL,
  `idAreaFrom` int NOT NULL,
  `idAreaTo` int NOT NULL,
  `idUser` int NOT NULL,
  PRIMARY KEY (`id`),
  KEY `fk_idCredencial_Movimento` (`idCredential`),
  KEY `fk_idPontoAcesso_Movimento` (`idAccessPoint`),
  KEY `fkIdx_195` (`idAreaFrom`),
  KEY `fkIdx_198` (`idAreaTo`),
  KEY `fkIdx_201` (`idUser`),
  CONSTRAINT `FK_195` FOREIGN KEY (`idAreaFrom`) REFERENCES `areas` (`id`),
  CONSTRAINT `FK_198` FOREIGN KEY (`idAreaTo`) REFERENCES `areas` (`id`),
  CONSTRAINT `FK_201` FOREIGN KEY (`idUser`) REFERENCES `user` (`id`),
  CONSTRAINT `fk_idCredencial_Movimento` FOREIGN KEY (`idCredential`) REFERENCES `credentials` (`id`),
  CONSTRAINT `fk_idPontoAcesso_Movimento` FOREIGN KEY (`idAccessPoint`) REFERENCES `accesspoints` (`id`)
) ENGINE=InnoDB AUTO_INCREMENT=7816 DEFAULT CHARSET=latin1;
/*!40101 SET character_set_client = @saved_cs_client */;

--
-- Dumping data for table `movements`
--

LOCK TABLES `movements` WRITE;
/*!40000 ALTER TABLE `movements` DISABLE KEYS */;
INSERT INTO `movements` VALUES (1,'2022-03-08 22:35:34',1,3,5,6,1),(2,'2022-03-08 22:36:02',1,3,6,5,1),(3,'2022-03-08 22:36:16',1,3,5,6,1),(4,'2022-03-19 21:58:17',1,3,6,5,1),(5,'2022-03-19 22:00:07',1,3,5,6,1),(6,'2022-03-19 23:14:56',3,3,5,6,1),(7,'2022-03-19 23:15:35',2,3,5,6,1),(8,'2022-03-19 23:15:41',2,3,6,5,1),(9,'2022-03-19 23:18:57',3,3,6,5,1),(10,'2022-03-25 23:33:50',2,3,5,6,1),(11,'2022-03-25 23:35:39',2,3,6,5,1),(12,'2022-03-26 15:07:48',2,3,5,6,1),(13,'2022-07-29 18:52:22',3,3,5,6,3),(14,'2022-07-29 20:04:54',1,3,6,5,1),(15,'2022-07-29 20:04:54',2,3,6,5,1),(16,'2022-07-29 20:04:54',3,3,6,5,1),(17,'2022-07-29 20:04:54',4,3,5,5,1),(18,'2022-07-29 20:04:54',5,3,5,5,1),(19,'2022-07-29 20:04:54',6,3,5,5,1),(21,'2022-07-30 15:00:41',1,3,5,6,1),(22,'2022-08-01 19:16:49',2,3,5,6,1),(23,'2022-08-01 19:17:23',2,3,6,5,1),(24,'2022-08-01 19:19:23',2,3,5,6,1),(25,'2022-08-01 19:20:07',2,3,6,5,1),(26,'2022-08-01 19:20:51',2,3,5,6,1),(27,'2022-08-02 21:34:43',7,3,5,6,1),(28,'2022-08-02 21:36:04',7,3,6,5,1),(29,'2022-08-02 22:40:02',7,3,5,6,1),(30,'2022-08-02 22:42:19',7,3,6,5,1),(31,'2022-08-02 22:48:17',7,3,5,6,1),(32,'2022-08-02 22:49:32',7,3,6,5,1),(33,'2022-08-02 22:49:54',2,3,6,5,1),(34,'2022-08-02 22:51:09',1,3,6,5,1),(35,'2022-08-02 22:53:32',1,3,5,6,3),(36,'2022-08-02 22:57:16',1,8,6,7,3),(37,'2022-08-02 22:57:46',1,8,7,6,3),(38,'2022-08-02 23:03:36',1,5,6,5,3),(39,'2022-08-02 23:44:47',7,5,5,6,3),(40,'2022-08-02 23:44:54',7,5,6,5,3),(41,'2022-08-02 23:44:59',7,5,5,6,3),(42,'2022-08-03 19:43:32',1,3,5,6,1),(43,'2022-08-04 00:20:40',7,5,6,5,3),(44,'2022-08-04 00:28:08',7,3,5,6,1),(45,'2022-08-03 23:39:30',7,3,6,5,1),(46,'2022-08-03 23:40:13',7,3,5,6,1),(47,'2022-08-04 00:44:39',7,3,6,5,1),(48,'2022-08-12 02:52:31',1,3,6,5,1),(49,'2022-08-12 02:52:31',2,3,5,5,1),(50,'2022-08-12 02:52:31',3,3,5,5,1),(51,'2022-08-12 02:52:31',4,3,5,5,1),(52,'2022-08-12 02:52:31',5,3,5,5,1),(53,'2022-08-12 02:52:31',6,3,5,5,1),(54,'2022-08-12 02:52:31',7,3,5,5,1),(55,'2022-08-12 02:52:31',8,3,5,5,1),(56,'2022-08-12 02:52:31',9,3,5,5,1),(57,'2022-08-12 02:52:31',10,3,5,5,1),(58,'2022-08-12 02:52:31',11,3,5,5,1),(59,'2022-08-12 02:52:31',12,3,5,5,1),(60,'2022-08-12 02:52:31',13,3,5,5,1),(61,'2022-08-12 02:52:31',14,3,5,5,1),(62,'2022-08-12 02:52:31',15,3,5,5,1),(63,'2022-08-12 02:52:31',16,3,5,5,1),(64,'2022-08-12 02:52:31',17,3,5,5,1),(65,'2022-08-12 02:52:31',18,3,5,5,1),(66,'2022-08-12 02:52:31',19,3,5,5,1),(67,'2022-08-12 02:52:31',20,3,5,5,1),(68,'2022-08-12 02:52:31',21,3,5,5,1),(69,'2022-08-12 02:52:31',22,3,5,5,1),(70,'2022-08-12 02:52:31',23,3,5,5,1),(71,'2022-08-12 02:52:31',24,3,5,5,1),(72,'2022-08-12 02:52:31',25,3,5,5,1),(73,'2022-08-12 02:52:31',26,3,5,5,1),(74,'2022-08-12 02:52:31',27,3,5,5,1),(75,'2022-08-12 02:52:31',28,3,5,5,1),(76,'2022-08-12 02:52:31',29,3,5,5,1),(77,'2022-08-12 02:52:31',30,3,5,5,1),(78,'2022-08-12 02:52:31',31,3,5,5,1),(79,'2022-08-12 02:52:31',32,3,5,5,1),(80,'2022-08-12 02:52:31',33,3,5,5,1),(81,'2022-08-12 02:52:31',34,3,5,5,1),(82,'2022-08-12 02:52:31',35,3,5,5,1),(83,'2022-08-12 02:52:31',36,3,5,5,1),(84,'2022-08-12 02:52:31',37,3,5,5,1),(85,'2022-08-12 02:52:31',38,3,5,5,1),(86,'2022-08-12 02:52:31',39,3,5,5,1),(87,'2022-08-12 02:52:31',40,3,5,5,1),(88,'2022-08-12 02:52:31',41,3,5,5,1),(89,'2022-08-12 02:52:31',42,3,5,5,1),(90,'2022-08-12 02:52:31',43,3,5,5,1),(91,'2022-08-12 02:52:31',44,3,5,5,1),(92,'2022-08-12 02:52:31',45,3,5,5,1),(93,'2022-08-12 02:52:31',46,3,5,5,1),(94,'2022-08-12 02:52:31',47,3,5,5,1),(95,'2022-08-12 02:52:31',48,3,5,5,1),(96,'2022-08-12 02:52:32',49,3,5,5,1),(97,'2022-08-12 02:52:32',50,3,5,5,1),(98,'2022-08-12 02:52:32',51,3,5,5,1),(99,'2022-08-12 02:52:32',52,3,5,5,1),(100,'2022-08-12 02:52:32',53,3,5,5,1),(101,'2022-08-12 02:52:32',54,3,5,5,1),(102,'2022-08-12 02:52:32',55,3,5,5,1),(103,'2022-08-12 02:52:32',56,3,5,5,1),(104,'2022-08-12 02:52:32',57,3,5,5,1),(105,'2022-08-12 02:52:32',58,3,5,5,1),(106,'2022-08-12 02:52:32',59,3,5,5,1),(107,'2022-08-12 02:52:32',60,3,5,5,1),(108,'2022-08-12 02:52:32',61,3,5,5,1),(109,'2022-08-17 21:03:28',1,7,5,6,1),(110,'2022-08-17 21:11:32',9,7,5,6,1),(111,'2022-08-17 22:25:51',6,5,5,6,1),(112,'2022-08-17 22:28:14',6,5,6,5,1),(113,'2022-08-17 22:28:52',6,5,5,6,1),(114,'2022-08-17 22:39:29',11,3,5,6,10),(115,'2022-08-17 22:42:15',5,3,5,6,10),(116,'2022-08-17 22:46:05',8,3,5,7,10),(117,'2022-08-17 22:49:18',8,3,7,5,10),(118,'2022-08-19 11:25:21',8,3,5,6,1),(119,'2022-08-19 11:27:18',8,3,6,5,11),(122,'2022-09-06 20:54:34',676,9,8,9,9),(123,'2022-09-06 20:54:47',676,9,9,8,9),(124,'2022-09-06 22:27:07',1117,9,8,9,9),(125,'2022-09-06 22:27:21',1117,9,9,8,9),(126,'2022-09-06 22:27:25',1117,9,9,8,9),(127,'2022-09-06 22:27:28',1117,9,9,8,9),(128,'2022-09-08 15:31:58',78,10,8,9,6),(129,'2022-09-08 15:32:03',92,10,8,9,6),(130,'2022-09-08 15:32:08',133,10,8,9,6),(131,'2022-09-08 15:34:10',526,10,8,9,6),(132,'2022-09-08 16:34:00',130,9,8,9,10),(133,'2022-09-08 16:44:12',62,9,8,9,10),(134,'2022-09-08 16:50:15',666,9,8,9,14),(135,'2022-09-08 16:50:28',666,9,9,8,14),(136,'2022-09-08 16:51:28',100,9,8,9,10),(137,'2022-09-08 16:52:08',64,9,8,9,14),(138,'2022-09-08 17:00:03',593,9,8,9,14),(139,'2022-09-08 17:02:06',660,9,8,9,14),(140,'2022-09-08 17:02:28',663,9,8,9,14),(141,'2022-09-08 17:02:58',666,9,8,9,14),(142,'2022-09-08 17:03:14',1336,9,8,9,14),(143,'2022-09-08 17:03:59',431,9,8,9,6),(144,'2022-09-08 17:04:11',722,9,8,9,6),(145,'2022-09-08 17:04:20',749,9,8,9,6),(146,'2022-09-08 17:04:34',734,9,8,9,14),(147,'2022-09-08 17:09:20',95,9,8,9,14),(148,'2022-09-08 17:10:11',93,9,8,9,14),(149,'2022-09-08 17:10:54',62,10,9,8,15),(150,'2022-09-08 17:11:24',62,10,8,9,15),(151,'2022-09-08 17:12:03',409,10,8,9,15),(152,'2022-09-08 17:13:43',571,9,8,9,14),(153,'2022-09-08 17:13:52',553,9,8,9,14),(154,'2022-09-08 17:14:20',62,10,9,8,15),(155,'2022-09-08 17:14:33',62,10,8,9,15),(156,'2022-09-08 17:16:26',1326,10,8,9,15),(157,'2022-09-08 17:16:29',666,9,9,8,14),(158,'2022-09-08 17:17:57',171,9,8,9,14),(159,'2022-09-08 17:19:04',515,10,8,9,15),(160,'2022-09-08 17:19:52',515,10,9,8,15),(161,'2022-09-08 17:20:16',671,10,8,9,15),(162,'2022-09-08 17:22:17',671,10,9,8,15),(163,'2022-09-08 17:22:28',594,9,8,9,14),(164,'2022-09-08 17:22:46',532,10,8,9,15),(165,'2022-09-08 17:23:01',308,9,8,9,14),(166,'2022-09-08 17:23:13',392,9,8,9,14),(167,'2022-09-08 17:25:35',516,10,8,9,15),(168,'2022-09-08 17:26:10',722,9,9,8,14),(169,'2022-09-08 17:26:22',749,9,9,8,14),(170,'2022-09-08 17:28:04',642,9,8,9,14),(171,'2022-09-08 17:28:16',183,9,8,9,14),(172,'2022-09-08 17:28:29',173,9,8,9,14),(173,'2022-09-08 17:28:31',844,10,8,9,15),(174,'2022-09-08 17:28:59',736,9,8,9,14),(175,'2022-09-08 17:29:15',724,9,8,9,14),(176,'2022-09-08 17:29:56',508,9,8,9,14),(177,'2022-09-08 17:30:13',132,9,8,9,14),(178,'2022-09-08 17:30:43',430,9,8,9,14),(179,'2022-09-08 17:30:58',433,9,8,9,14),(180,'2022-09-08 17:31:58',844,10,9,8,15),(181,'2022-09-08 17:33:34',1450,10,8,9,15),(182,'2022-09-08 17:34:05',425,10,8,9,15),(183,'2022-09-08 17:34:33',573,9,8,9,14),(184,'2022-09-08 17:34:45',591,9,8,9,14),(185,'2022-09-08 17:34:46',844,10,8,9,15),(186,'2022-09-08 17:35:38',488,10,8,9,15),(187,'2022-09-08 17:35:42',130,9,9,8,14),(188,'2022-09-08 17:35:55',124,9,8,9,14),(189,'2022-09-08 17:36:36',753,9,8,9,14),(190,'2022-09-08 17:36:49',778,9,8,9,14),(191,'2022-09-08 17:37:28',248,9,8,9,14),(192,'2022-09-08 17:39:15',724,9,9,8,14),(193,'2022-09-08 17:39:58',124,9,9,8,14),(194,'2022-09-08 17:40:59',278,10,8,9,15),(195,'2022-09-08 17:41:06',282,10,8,9,15),(196,'2022-09-08 17:41:21',323,10,8,9,15),(197,'2022-09-08 17:41:58',445,10,8,9,15),(198,'2022-09-08 17:42:09',446,10,8,9,15),(199,'2022-09-08 17:42:19',283,10,8,9,15),(200,'2022-09-08 17:42:22',279,10,8,9,15),(201,'2022-09-08 17:42:35',368,9,8,9,14),(202,'2022-09-08 17:42:38',277,10,8,9,15),(203,'2022-09-08 17:42:43',276,10,8,9,15),(204,'2022-09-08 17:42:47',675,9,8,9,14),(205,'2022-09-08 17:42:49',280,10,8,9,15),(206,'2022-09-08 17:42:55',343,10,8,9,15),(207,'2022-09-08 17:43:03',341,10,8,9,15),(208,'2022-09-08 17:44:34',507,9,8,9,14),(209,'2022-09-08 17:45:20',595,10,8,9,15),(210,'2022-09-08 17:46:27',1450,9,9,8,14),(211,'2022-09-08 17:46:50',153,9,8,9,14),(212,'2022-09-08 17:47:33',162,9,8,9,14),(213,'2022-09-08 17:47:39',919,10,8,9,15),(214,'2022-09-08 17:47:47',147,9,8,9,14),(215,'2022-09-08 17:47:56',739,10,8,9,15),(216,'2022-09-08 17:48:23',739,10,9,8,15),(217,'2022-09-08 17:48:34',739,10,8,9,15),(218,'2022-09-08 17:48:52',731,9,8,9,14),(219,'2022-09-08 17:49:03',730,9,8,9,14),(220,'2022-09-08 17:49:25',735,9,8,9,14),(221,'2022-09-08 17:49:25',739,10,9,8,15),(222,'2022-09-08 17:49:36',103,9,8,9,14),(223,'2022-09-08 17:49:52',734,9,9,8,14),(224,'2022-09-08 17:50:05',152,9,8,9,14),(225,'2022-09-08 17:50:06',593,10,9,8,15),(226,'2022-09-08 17:50:18',726,9,8,9,14),(227,'2022-09-08 17:50:20',593,10,8,9,15),(228,'2022-09-08 17:50:26',550,10,8,9,15),(229,'2022-09-08 17:50:32',723,9,8,9,14),(230,'2022-09-08 17:50:35',548,10,8,9,15),(231,'2022-09-08 17:50:41',1056,9,8,9,14),(232,'2022-09-08 17:51:07',530,10,8,9,15),(233,'2022-09-08 17:51:34',724,9,8,9,14),(234,'2022-09-08 17:51:46',88,9,8,9,14),(235,'2022-09-08 17:51:56',453,10,8,9,15),(236,'2022-09-08 17:51:58',141,9,8,9,14),(237,'2022-09-08 17:52:13',253,10,8,9,15),(238,'2022-09-08 17:52:23',438,10,8,9,15),(239,'2022-09-08 17:52:29',437,10,8,9,15),(240,'2022-09-08 17:52:34',436,10,8,9,15),(241,'2022-09-08 17:52:38',441,10,8,9,15),(242,'2022-09-08 17:52:45',449,10,8,9,15),(243,'2022-09-08 17:53:05',505,9,8,9,14),(244,'2022-09-08 17:53:16',725,9,8,9,14),(245,'2022-09-08 17:53:34',751,9,8,9,14),(246,'2022-09-08 17:54:19',1326,9,9,8,14),(247,'2022-09-08 17:54:28',144,9,8,9,14),(248,'2022-09-08 17:54:41',130,9,8,9,14),(249,'2022-09-08 17:54:56',752,10,8,9,15),(250,'2022-09-08 17:54:57',141,9,9,8,14),(251,'2022-09-08 17:55:05',330,10,8,9,15),(252,'2022-09-08 17:55:38',916,9,8,9,14),(253,'2022-09-08 17:56:16',144,9,9,8,14),(254,'2022-09-08 17:56:41',924,10,8,9,15),(255,'2022-09-08 17:56:49',374,10,8,9,15),(256,'2022-09-08 17:57:01',432,10,8,9,15),(257,'2022-09-08 17:57:11',141,9,8,9,14),(258,'2022-09-08 17:57:34',124,9,8,9,14),(259,'2022-09-08 17:57:46',1033,9,8,9,14),(260,'2022-09-08 17:58:05',911,9,8,9,14),(261,'2022-09-08 17:58:06',368,10,9,8,15),(262,'2022-09-08 17:58:31',477,9,8,9,14),(263,'2022-09-08 17:58:41',368,10,8,9,15),(264,'2022-09-08 17:58:41',476,9,8,9,14),(265,'2022-09-08 17:58:49',593,10,9,8,15),(266,'2022-09-08 17:59:02',749,9,8,9,14),(267,'2022-09-08 17:59:41',643,9,8,9,14),(268,'2022-09-08 17:59:50',552,9,8,9,14),(269,'2022-09-08 18:00:13',499,10,8,9,15),(270,'2022-09-08 18:00:14',876,9,8,9,14),(271,'2022-09-08 18:00:23',630,10,8,9,15),(272,'2022-09-08 18:00:41',124,9,9,8,14),(273,'2022-09-08 18:01:30',1033,9,9,8,14),(274,'2022-09-08 18:01:39',370,10,8,9,15),(275,'2022-09-08 18:02:09',95,9,9,8,14),(276,'2022-09-08 18:02:33',109,9,8,9,14),(277,'2022-09-08 18:02:44',663,10,9,8,15),(278,'2022-09-08 18:03:53',573,9,9,8,14),(279,'2022-09-08 18:03:59',591,9,9,8,14),(280,'2022-09-08 18:04:00',591,9,9,8,14),(281,'2022-09-08 18:04:06',313,10,8,9,15),(282,'2022-09-08 18:04:08',1071,9,8,9,14),(283,'2022-09-08 18:04:11',314,10,8,9,15),(284,'2022-09-08 18:04:14',85,9,8,9,14),(285,'2022-09-08 18:04:21',1062,9,8,9,14),(286,'2022-09-08 18:04:36',385,10,8,9,15),(287,'2022-09-08 18:04:39',553,9,9,8,14),(288,'2022-09-08 18:04:45',571,9,9,8,14),(289,'2022-09-08 18:05:02',407,9,8,9,14),(290,'2022-09-08 18:05:36',391,10,8,9,15),(291,'2022-09-08 18:05:43',505,9,9,8,14),(292,'2022-09-08 18:05:47',389,10,8,9,15),(293,'2022-09-08 18:05:57',388,10,8,9,15),(294,'2022-09-08 18:06:04',345,9,8,9,6),(295,'2022-09-08 18:06:04',377,9,8,9,14),(296,'2022-09-08 18:06:06',390,10,8,9,15),(297,'2022-09-08 18:06:09',355,10,8,9,15),(298,'2022-09-08 18:06:10',347,9,8,9,6),(299,'2022-09-08 18:06:16',256,9,8,9,14),(300,'2022-09-08 18:06:47',1450,9,8,9,14),(301,'2022-09-08 18:07:15',353,9,8,9,6),(302,'2022-09-08 18:07:21',354,10,8,9,15),(303,'2022-09-08 18:07:36',385,10,9,8,15),(304,'2022-09-08 18:07:44',1075,9,8,9,14),(305,'2022-09-08 18:07:50',385,10,8,9,15),(306,'2022-09-08 18:08:30',914,9,8,9,14),(307,'2022-09-08 18:08:36',920,9,8,9,14),(308,'2022-09-08 18:08:47',423,10,8,9,15),(309,'2022-09-08 18:08:57',645,10,8,9,15),(310,'2022-09-08 18:09:25',355,10,9,8,15),(311,'2022-09-08 18:09:39',112,9,8,9,14),(312,'2022-09-08 18:09:45',1332,10,8,9,15),(313,'2022-09-08 18:09:45',1083,9,8,9,14),(314,'2022-09-08 18:09:55',759,9,8,9,14),(315,'2022-09-08 18:10:45',528,9,8,9,14),(316,'2022-09-08 18:10:55',433,9,9,8,14),(317,'2022-09-08 18:11:34',526,10,9,8,15),(318,'2022-09-08 18:11:59',396,9,8,9,14),(319,'2022-09-08 18:12:05',397,9,8,9,14),(320,'2022-09-08 18:12:21',724,9,9,8,14),(321,'2022-09-08 18:12:49',308,10,9,8,15),(322,'2022-09-08 18:13:21',412,10,8,9,15),(323,'2022-09-08 18:14:03',308,10,8,9,15),(324,'2022-09-08 18:14:09',309,10,8,9,15),(325,'2022-09-08 18:15:08',716,10,8,9,15),(326,'2022-09-08 18:15:26',528,9,9,8,14),(327,'2022-09-08 18:15:49',375,10,8,9,15),(328,'2022-09-08 18:15:59',380,10,8,9,15),(329,'2022-09-08 18:16:06',399,10,8,9,15),(330,'2022-09-08 18:16:26',76,9,8,9,14),(331,'2022-09-08 18:17:04',424,10,8,9,15),(332,'2022-09-08 18:17:11',355,10,8,9,15),(333,'2022-09-08 18:17:14',922,9,8,9,14),(334,'2022-09-08 18:17:18',458,10,8,9,15),(335,'2022-09-08 18:17:20',664,9,8,9,14),(336,'2022-09-08 18:17:25',689,9,8,9,14),(337,'2022-09-08 18:17:25',469,10,8,9,15),(338,'2022-09-08 18:18:29',722,9,8,9,14),(339,'2022-09-08 18:18:35',450,10,8,9,15),(340,'2022-09-08 18:18:37',724,9,8,9,14),(341,'2022-09-08 18:18:59',550,10,9,8,15),(342,'2022-09-08 18:19:03',517,9,8,9,14),(343,'2022-09-08 18:19:11',460,9,8,9,14),(344,'2022-09-08 18:19:17',467,9,8,9,14),(345,'2022-09-08 18:19:21',467,9,8,9,14),(346,'2022-09-08 18:19:22',467,9,8,9,14),(347,'2022-09-08 18:19:23',467,9,8,9,14),(348,'2022-09-08 18:19:23',467,9,8,9,14),(349,'2022-09-08 18:19:24',467,9,8,9,14),(350,'2022-09-08 18:19:38',457,9,8,9,14),(351,'2022-09-08 18:19:51',548,10,9,8,15),(352,'2022-09-08 18:19:59',251,10,8,9,15),(353,'2022-09-08 18:20:21',249,10,8,9,15),(354,'2022-09-08 18:20:48',593,10,8,9,15),(355,'2022-09-08 18:20:53',876,9,9,8,14),(356,'2022-09-08 18:21:03',589,10,8,9,15),(357,'2022-09-08 18:21:41',403,9,8,9,14),(358,'2022-09-08 18:21:48',402,9,8,9,14),(359,'2022-09-08 18:21:55',401,9,8,9,14),(360,'2022-09-08 18:22:03',470,10,8,9,15),(361,'2022-09-08 18:22:10',456,10,8,9,15),(362,'2022-09-08 18:22:26',607,9,8,9,14),(363,'2022-09-08 18:22:41',1302,9,8,9,14),(364,'2022-09-08 18:22:57',1302,9,8,9,14),(365,'2022-09-08 18:24:03',129,9,8,9,14),(366,'2022-09-08 18:24:13',94,9,8,9,14),(367,'2022-09-08 18:24:26',722,9,9,8,14),(368,'2022-09-08 18:24:33',724,9,9,8,14),(369,'2022-09-08 18:25:15',122,9,8,9,14),(370,'2022-09-08 18:25:20',151,9,8,9,14),(371,'2022-09-08 18:25:26',148,9,8,9,14),(372,'2022-09-08 18:25:35',911,9,9,8,14),(373,'2022-09-08 18:25:49',421,10,8,9,15),(374,'2022-09-08 18:25:58',523,9,8,9,14),(375,'2022-09-08 18:26:04',419,9,8,9,14),(376,'2022-09-08 18:26:12',391,9,9,8,14),(377,'2022-09-08 18:26:25',135,9,8,9,14),(378,'2022-09-08 18:26:59',79,9,8,9,14),(379,'2022-09-08 18:27:11',1336,10,9,8,15),(380,'2022-09-08 18:27:21',734,10,8,9,15),(381,'2022-09-08 18:28:06',607,10,9,8,15),(382,'2022-09-08 18:28:23',114,10,8,9,15),(383,'2022-09-08 18:29:03',1121,10,8,9,15),(384,'2022-09-08 18:29:44',1121,10,9,8,15),(385,'2022-09-08 18:29:57',1121,10,8,9,15),(386,'2022-09-08 18:30:14',742,10,8,9,15),(387,'2022-09-08 18:30:33',725,10,9,8,15),(388,'2022-09-08 18:30:38',1295,9,8,9,14),(389,'2022-09-08 18:30:41',725,10,8,9,15),(390,'2022-09-08 18:32:08',733,9,8,9,14),(391,'2022-09-08 18:32:20',1033,9,8,9,14),(392,'2022-09-08 18:32:30',95,9,8,9,14),(393,'2022-09-08 18:33:01',763,9,8,9,14),(394,'2022-09-08 18:33:13',761,9,8,9,14),(395,'2022-09-08 18:33:23',591,9,8,9,14),(396,'2022-09-08 18:33:31',573,9,8,9,14),(397,'2022-09-08 18:33:41',651,9,8,9,14),(398,'2022-09-08 18:35:25',421,9,9,8,14),(399,'2022-09-08 18:35:31',414,9,8,9,14),(400,'2022-09-08 18:35:35',312,10,8,9,15),(401,'2022-09-08 18:35:37',433,9,8,9,14),(402,'2022-09-08 18:35:41',770,10,8,9,15),(403,'2022-09-08 18:36:19',76,10,9,8,15),(404,'2022-09-08 18:36:38',1453,9,8,9,14),(405,'2022-09-08 18:37:10',594,9,9,8,14),(406,'2022-09-08 18:40:39',248,10,9,8,15),(407,'2022-09-08 18:41:06',614,9,8,9,14),(408,'2022-09-08 18:42:29',138,9,8,9,6),(409,'2022-09-08 18:45:12',332,10,8,9,15),(410,'2022-09-08 18:45:19',333,10,8,9,15),(411,'2022-09-08 18:45:48',84,9,8,9,6),(412,'2022-09-08 18:46:53',499,10,9,8,15),(413,'2022-09-08 18:47:01',499,10,8,9,15),(414,'2022-09-08 18:47:38',617,9,8,9,6),(415,'2022-09-08 18:47:52',766,9,8,9,6),(416,'2022-09-08 18:48:49',375,10,9,8,15),(417,'2022-09-08 18:49:33',84,10,9,8,15),(418,'2022-09-08 18:49:51',486,10,8,9,15),(419,'2022-09-08 18:50:04',553,9,8,9,14),(420,'2022-09-08 18:50:11',571,9,8,9,14),(421,'2022-09-08 18:50:16',84,10,8,9,15),(422,'2022-09-08 18:50:45',170,9,8,9,14),(423,'2022-09-08 18:51:02',181,9,8,9,14),(424,'2022-09-08 18:52:08',726,9,9,8,14),(425,'2022-09-08 18:52:18',166,9,8,9,14),(426,'2022-09-08 18:52:26',164,9,8,9,14),(427,'2022-09-08 18:53:09',689,9,9,8,14),(428,'2022-09-08 18:53:14',664,9,9,8,14),(429,'2022-09-08 18:53:24',753,9,9,8,14),(430,'2022-09-08 18:53:32',780,9,8,9,14),(431,'2022-09-08 18:53:40',761,9,9,8,14),(432,'2022-09-08 18:55:18',73,9,8,9,14),(433,'2022-09-08 18:55:20',127,10,8,9,15),(434,'2022-09-08 18:55:27',159,10,8,9,15),(435,'2022-09-08 18:55:42',765,9,8,9,14),(436,'2022-09-08 18:55:58',753,9,8,9,14),(437,'2022-09-08 18:56:07',761,9,8,9,14),(438,'2022-09-08 18:56:30',608,9,8,9,14),(439,'2022-09-08 18:56:47',86,9,8,9,6),(440,'2022-09-08 18:57:24',248,10,8,9,15),(441,'2022-09-08 18:58:48',490,9,8,9,6),(442,'2022-09-08 18:58:52',491,9,8,9,6),(443,'2022-09-08 18:59:14',691,9,8,9,14),(444,'2022-09-08 18:59:20',701,9,8,9,14),(445,'2022-09-08 18:59:29',704,9,8,9,14),(446,'2022-09-08 18:59:42',157,9,8,9,6),(447,'2022-09-08 18:59:57',181,9,9,8,14),(448,'2022-09-08 19:00:46',717,9,8,9,6),(449,'2022-09-08 19:00:55',77,9,8,9,14),(450,'2022-09-08 19:01:01',91,9,8,9,14),(451,'2022-09-08 19:02:34',102,9,8,9,14),(452,'2022-09-08 19:02:41',120,9,8,9,14),(453,'2022-09-08 19:02:59',1364,9,8,9,14),(454,'2022-09-08 19:03:28',164,9,9,8,14),(455,'2022-09-08 19:04:41',80,9,8,9,14),(456,'2022-09-08 19:04:48',125,9,8,9,14),(457,'2022-09-08 19:05:24',729,9,8,9,14),(458,'2022-09-08 19:09:30',99,9,8,9,14),(459,'2022-09-08 19:10:30',89,9,8,9,14),(460,'2022-09-08 19:11:17',777,9,8,9,14),(461,'2022-09-08 19:12:49',753,9,9,8,14),(462,'2022-09-08 19:13:04',778,9,9,8,14),(463,'2022-09-08 19:13:08',126,9,8,9,6),(464,'2022-09-08 19:13:10',765,9,9,8,14),(465,'2022-09-08 19:13:27',617,9,9,8,14),(466,'2022-09-08 19:13:32',614,9,9,8,14),(467,'2022-09-08 19:13:40',608,9,9,8,14),(468,'2022-09-08 19:13:49',468,10,8,9,15),(469,'2022-09-08 19:15:21',161,9,8,9,14),(470,'2022-09-08 19:15:41',921,10,8,9,15),(471,'2022-09-08 19:16:56',704,9,9,8,6),(472,'2022-09-08 19:17:28',722,9,8,9,6),(473,'2022-09-08 19:17:37',726,9,8,9,6),(474,'2022-09-08 19:17:44',450,10,9,8,15),(475,'2022-09-08 19:19:21',126,9,9,8,6),(476,'2022-09-08 19:19:46',98,9,8,9,6),(477,'2022-09-08 19:20:29',735,9,9,8,14),(478,'2022-09-08 19:20:51',733,9,9,8,14),(479,'2022-09-08 19:21:07',766,9,9,8,14),(480,'2022-09-08 19:21:32',271,10,8,9,15),(481,'2022-09-08 19:21:52',118,10,8,9,15),(482,'2022-09-08 19:22:15',154,9,8,9,14),(483,'2022-09-08 19:22:21',354,10,9,8,15),(484,'2022-09-08 19:22:26',353,10,9,8,15),(485,'2022-09-08 19:23:16',1453,9,9,8,14),(486,'2022-09-08 19:23:24',589,9,9,8,14),(487,'2022-09-08 19:23:36',161,9,9,8,14),(488,'2022-09-08 19:24:15',181,9,8,9,14),(489,'2022-09-08 19:24:23',116,9,8,9,14),(490,'2022-09-08 19:24:32',671,10,8,9,15),(491,'2022-09-08 19:24:38',312,10,9,8,15),(492,'2022-09-08 19:25:26',354,10,8,9,15),(493,'2022-09-08 19:25:31',353,10,8,9,15),(494,'2022-09-08 19:26:32',1294,10,8,9,15),(495,'2022-09-08 19:26:35',1298,10,8,9,15),(496,'2022-09-08 19:26:38',1301,10,8,9,15),(497,'2022-09-08 19:27:55',337,9,8,9,14),(498,'2022-09-08 19:28:11',482,10,8,9,15),(499,'2022-09-08 19:28:29',582,10,8,9,15),(500,'2022-09-08 19:28:57',1070,9,8,9,14),(501,'2022-09-08 19:29:08',1094,9,8,9,14),(502,'2022-09-08 19:29:23',585,10,8,9,15),(503,'2022-09-08 19:29:56',747,10,8,9,15),(504,'2022-09-08 19:31:07',330,10,9,8,15),(505,'2022-09-08 19:31:20',533,10,8,9,15),(506,'2022-09-08 19:31:32',1219,10,8,9,15),(507,'2022-09-08 19:31:47',1215,10,8,9,15),(508,'2022-09-08 19:31:55',535,10,8,9,15),(509,'2022-09-08 19:32:02',1112,9,8,9,14),(510,'2022-09-08 19:32:29',151,9,9,8,14),(511,'2022-09-08 19:32:36',122,9,9,8,14),(512,'2022-09-08 19:32:41',95,9,9,8,14),(513,'2022-09-08 19:32:59',650,9,8,9,14),(514,'2022-09-08 19:35:00',430,9,9,8,14),(515,'2022-09-08 19:35:32',325,10,8,9,15),(516,'2022-09-08 19:35:37',326,10,8,9,15),(517,'2022-09-08 19:35:42',334,10,8,9,15),(518,'2022-09-08 19:37:07',180,9,8,9,14),(519,'2022-09-08 19:37:15',177,9,8,9,14),(520,'2022-09-08 19:37:25',594,9,8,9,14),(521,'2022-09-08 19:37:47',535,10,9,8,15),(522,'2022-09-08 19:38:17',1296,9,8,9,14),(523,'2022-09-08 19:38:35',78,9,9,8,14),(524,'2022-09-08 19:39:16',585,9,9,8,14),(525,'2022-09-08 19:39:38',535,10,8,9,15),(526,'2022-09-08 19:39:39',729,9,9,8,14),(527,'2022-09-08 19:39:45',751,9,9,8,14),(528,'2022-09-08 19:41:28',62,10,9,8,15),(529,'2022-09-08 19:41:40',469,10,9,8,15),(530,'2022-09-08 19:41:45',456,10,9,8,15),(531,'2022-09-08 19:41:58',62,10,8,9,15),(532,'2022-09-08 19:42:35',161,9,8,9,14),(533,'2022-09-08 19:42:56',721,9,8,9,14),(534,'2022-09-08 19:43:03',704,9,8,9,14),(535,'2022-09-08 19:43:51',664,9,8,9,14),(536,'2022-09-08 19:43:56',689,9,8,9,14),(537,'2022-09-08 19:44:04',1055,9,8,9,14),(538,'2022-09-08 19:44:11',133,9,9,8,14),(539,'2022-09-08 19:45:18',540,10,8,9,15),(540,'2022-09-08 19:45:20',735,9,8,9,14),(541,'2022-09-08 19:45:29',539,10,8,9,15),(542,'2022-09-08 19:45:29',733,9,8,9,14),(543,'2022-09-08 19:46:12',398,10,8,9,15),(544,'2022-09-08 19:46:23',398,10,9,8,15),(545,'2022-09-08 19:47:06',473,10,8,9,15),(546,'2022-09-08 19:47:45',1095,9,8,9,14),(547,'2022-09-08 19:47:51',1098,9,8,9,14),(548,'2022-09-08 19:48:01',420,9,8,9,14),(549,'2022-09-08 19:48:04',770,10,9,8,15),(550,'2022-09-08 19:48:08',415,9,8,9,14),(551,'2022-09-08 19:48:17',116,9,9,8,14),(552,'2022-09-08 19:48:24',181,9,9,8,14),(553,'2022-09-08 19:48:46',1030,9,8,9,14),(554,'2022-09-08 19:49:33',1453,9,8,9,14),(555,'2022-09-08 19:49:34',423,10,9,8,15),(556,'2022-09-08 19:49:38',589,9,8,9,14),(557,'2022-09-08 19:49:56',910,9,8,9,14),(558,'2022-09-08 19:50:09',596,9,8,9,14),(559,'2022-09-08 19:50:17',608,9,8,9,14),(560,'2022-09-08 19:50:18',539,10,9,8,15),(561,'2022-09-08 19:50:31',617,9,8,9,14),(562,'2022-09-08 19:50:51',371,9,8,9,14),(563,'2022-09-08 19:51:04',365,10,8,9,15),(564,'2022-09-08 19:51:41',254,10,8,9,15),(565,'2022-09-08 19:51:45',255,10,8,9,15),(566,'2022-09-08 19:51:57',606,10,8,9,15),(567,'2022-09-08 19:53:06',741,10,8,9,15),(568,'2022-09-08 19:53:11',743,10,8,9,15),(569,'2022-09-08 19:54:31',1086,9,8,9,14),(570,'2022-09-08 19:54:56',386,10,8,9,15),(571,'2022-09-08 19:56:54',461,9,8,9,14),(572,'2022-09-08 19:57:05',365,10,9,8,15),(573,'2022-09-08 19:57:32',1026,9,8,9,14),(574,'2022-09-08 19:57:41',457,9,9,8,14),(575,'2022-09-08 19:57:55',92,9,9,8,14),(576,'2022-09-08 19:58:03',729,9,8,9,6),(577,'2022-09-08 19:58:07',751,9,8,9,14),(578,'2022-09-08 19:58:32',596,9,9,8,14),(579,'2022-09-08 19:58:37',608,9,9,8,14),(580,'2022-09-08 19:58:44',1033,9,9,8,14),(581,'2022-09-08 19:59:30',1097,10,8,9,15),(582,'2022-09-08 19:59:50',1097,10,9,8,15),(583,'2022-09-08 19:59:57',1097,10,8,9,15),(584,'2022-09-08 20:00:11',1097,10,9,8,15),(585,'2022-09-08 20:00:21',1097,10,8,9,15),(586,'2022-09-08 20:00:47',181,9,8,9,14),(587,'2022-09-08 20:00:50',469,10,8,9,15),(588,'2022-09-08 20:00:53',116,9,8,9,14),(589,'2022-09-08 20:01:04',724,9,8,9,14),(590,'2022-09-08 20:01:25',1453,9,9,8,14),(591,'2022-09-08 20:01:42',589,9,9,8,14),(592,'2022-09-08 20:01:48',573,9,9,8,14),(593,'2022-09-08 20:04:47',445,9,9,8,6),(594,'2022-09-08 20:04:49',247,10,8,9,15),(595,'2022-09-08 20:04:54',777,9,9,8,14),(596,'2022-09-08 20:05:02',763,9,9,8,14),(597,'2022-09-08 20:05:49',443,10,8,9,15),(598,'2022-09-08 20:06:11',443,10,9,8,15),(599,'2022-09-08 20:06:20',444,10,8,9,15),(600,'2022-09-08 20:06:26',444,10,9,8,15),(601,'2022-09-08 20:06:42',763,9,8,9,14),(602,'2022-09-08 20:06:51',479,9,8,9,14),(603,'2022-09-08 20:07:47',645,10,9,8,15),(604,'2022-09-08 20:07:59',1067,9,8,9,14),(605,'2022-09-08 20:08:18',614,9,8,9,14),(606,'2022-09-08 20:08:26',445,9,8,9,6),(607,'2022-09-08 20:08:29',596,9,8,9,14),(608,'2022-09-08 20:08:37',608,9,8,9,14),(609,'2022-09-08 20:08:50',623,10,8,9,15),(610,'2022-09-08 20:08:51',604,9,8,9,14),(611,'2022-09-08 20:08:57',611,9,8,9,14),(612,'2022-09-08 20:09:11',398,10,8,9,15),(613,'2022-09-08 20:10:34',729,9,9,8,14),(614,'2022-09-08 20:10:44',457,9,8,9,14),(615,'2022-09-08 20:12:23',505,9,8,9,6),(616,'2022-09-08 20:13:17',573,9,8,9,14),(617,'2022-09-08 20:13:23',1453,9,8,9,14),(618,'2022-09-08 20:13:35',589,9,8,9,14),(619,'2022-09-08 20:15:26',655,9,8,9,14),(620,'2022-09-08 20:15:35',652,9,8,9,14),(621,'2022-09-08 20:16:23',545,10,8,9,15),(622,'2022-09-08 20:18:06',364,10,8,9,15),(623,'2022-09-08 20:18:28',636,9,8,9,14),(624,'2022-09-08 20:18:31',636,9,8,9,14),(625,'2022-09-08 20:18:44',831,9,8,9,6),(626,'2022-09-08 20:18:47',836,9,8,9,14),(627,'2022-09-08 20:19:10',638,10,8,9,15),(628,'2022-09-08 20:19:25',169,9,8,9,14),(629,'2022-09-08 20:19:27',382,10,8,9,15),(630,'2022-09-08 20:19:33',748,10,8,9,15),(631,'2022-09-08 20:19:44',494,10,8,9,15),(632,'2022-09-08 20:19:55',472,10,8,9,15),(633,'2022-09-08 20:21:08',659,9,8,9,6),(634,'2022-09-08 20:21:23',707,9,8,9,14),(635,'2022-09-08 20:21:51',912,10,8,9,15),(636,'2022-09-08 20:21:52',714,9,8,9,14),(637,'2022-09-08 20:22:08',445,9,9,8,6),(638,'2022-09-08 20:22:11',1111,9,8,9,14),(639,'2022-09-08 20:22:12',1111,9,8,9,14),(640,'2022-09-08 20:22:15',915,10,8,9,15),(641,'2022-09-08 20:24:34',254,10,9,8,15),(642,'2022-09-08 20:24:39',435,9,8,9,14),(643,'2022-09-08 20:24:44',434,9,8,9,14),(644,'2022-09-08 20:24:57',255,10,9,8,15),(645,'2022-09-08 20:25:12',612,10,8,9,15),(646,'2022-09-08 20:25:28',724,9,9,8,14),(647,'2022-09-08 20:25:46',722,9,9,8,14),(648,'2022-09-08 20:26:06',445,9,8,9,14),(649,'2022-09-08 20:26:33',95,9,8,9,14),(650,'2022-09-08 20:26:37',121,9,8,9,6),(651,'2022-09-08 20:26:46',254,10,8,9,15),(652,'2022-09-08 20:27:09',478,10,8,9,15),(653,'2022-09-08 20:27:19',1026,9,9,8,14),(654,'2022-09-08 20:29:45',141,9,9,8,14),(655,'2022-09-08 20:30:26',1302,9,9,8,14),(656,'2022-09-08 20:30:29',621,10,8,9,15),(657,'2022-09-08 20:30:30',1302,9,9,8,14),(658,'2022-09-08 20:30:35',621,10,8,9,15),(659,'2022-09-08 20:30:37',621,10,8,9,15),(660,'2022-09-08 20:31:09',254,10,9,8,15),(661,'2022-09-08 20:32:18',450,10,8,9,15),(662,'2022-09-08 20:34:31',142,10,8,9,15),(663,'2022-09-08 20:34:58',600,10,8,9,15),(664,'2022-09-08 20:35:10',122,9,8,9,14),(665,'2022-09-08 20:35:38',707,9,9,8,14),(666,'2022-09-08 20:35:52',691,9,9,8,14),(667,'2022-09-08 20:37:30',724,9,8,9,14),(668,'2022-09-08 20:37:35',722,9,8,9,14),(669,'2022-09-08 20:37:57',599,9,8,9,14),(670,'2022-09-08 20:38:05',1326,9,8,9,14),(671,'2022-09-08 20:38:30',737,10,8,9,15),(672,'2022-09-08 20:38:57',1336,9,8,9,14),(673,'2022-09-08 20:39:03',1302,9,8,9,14),(674,'2022-09-08 20:41:45',770,10,8,9,15),(675,'2022-09-08 20:41:51',601,9,8,9,14),(676,'2022-09-08 20:47:26',727,10,8,9,15),(677,'2022-09-08 20:48:23',416,9,8,9,14),(678,'2022-09-08 20:48:55',469,10,9,8,15),(679,'2022-09-08 20:49:26',108,9,8,9,14),(680,'2022-09-08 20:53:27',150,9,8,9,14),(681,'2022-09-08 20:55:02',1217,9,8,9,14),(682,'2022-09-08 20:55:09',1217,9,9,8,14),(683,'2022-09-08 20:55:15',1216,9,8,9,14),(684,'2022-09-08 20:55:27',1216,9,9,8,14),(685,'2022-09-08 20:55:37',1218,9,8,9,14),(686,'2022-09-08 20:55:41',1218,9,9,8,14),(687,'2022-09-08 20:56:22',126,9,8,9,14),(688,'2022-09-08 20:56:29',702,10,8,9,15),(689,'2022-09-08 20:56:29',664,9,9,8,14),(690,'2022-09-08 20:57:52',1219,10,9,8,15),(691,'2022-09-08 20:58:00',1215,9,9,8,6),(692,'2022-09-08 20:58:14',545,10,9,8,15),(693,'2022-09-08 20:58:18',707,9,8,9,14),(694,'2022-09-08 20:58:22',728,9,8,9,6),(695,'2022-09-08 20:58:25',691,9,8,9,14),(696,'2022-09-08 20:59:19',530,10,9,8,15),(697,'2022-09-08 20:59:39',777,9,8,9,14),(698,'2022-09-08 21:00:01',545,9,8,9,6),(699,'2022-09-08 21:00:33',141,9,8,9,14),(700,'2022-09-08 21:00:54',163,9,8,9,14),(701,'2022-09-08 21:01:04',1466,9,8,9,14),(702,'2022-09-08 21:01:09',1467,9,8,9,14),(703,'2022-09-08 21:01:33',341,10,9,8,15),(704,'2022-09-08 21:02:51',1220,9,8,9,14),(705,'2022-09-08 21:02:58',1073,9,8,9,14),(706,'2022-09-08 21:03:12',838,9,8,9,6),(707,'2022-09-08 21:03:19',1459,9,8,9,6),(708,'2022-09-08 21:03:20',1119,9,8,9,14),(709,'2022-09-08 21:03:29',328,9,8,9,14),(710,'2022-09-08 21:03:29',1460,10,8,9,15),(711,'2022-09-08 21:03:44',341,10,8,9,15),(712,'2022-09-08 21:03:46',340,9,8,9,6),(713,'2022-09-08 21:03:56',342,9,8,9,6),(714,'2022-09-08 21:05:08',604,9,9,8,14),(715,'2022-09-08 21:05:14',611,9,9,8,14),(716,'2022-09-08 21:06:15',1332,10,9,8,15),(717,'2022-09-08 21:06:52',385,10,9,8,15),(718,'2022-09-08 21:07:29',444,10,8,9,15),(719,'2022-09-08 21:07:37',625,10,8,9,15),(720,'2022-09-08 21:08:00',711,10,8,9,15),(721,'2022-09-08 21:08:04',164,9,8,9,14),(722,'2022-09-08 21:09:41',385,10,8,9,15),(723,'2022-09-08 21:09:44',754,9,8,9,14),(724,'2022-09-08 21:09:54',781,9,8,9,14),(725,'2022-09-08 21:13:52',513,9,8,9,14),(726,'2022-09-08 21:14:42',625,10,9,8,15),(727,'2022-09-08 21:15:24',97,9,8,9,14),(728,'2022-09-08 21:16:32',341,10,9,8,15),(729,'2022-09-08 21:17:18',341,10,8,9,15),(730,'2022-09-08 21:17:30',249,10,9,8,15),(731,'2022-09-08 21:17:40',251,10,9,8,15),(732,'2022-09-08 21:18:00',552,9,9,8,14),(733,'2022-09-08 21:21:52',1292,10,8,9,15),(734,'2022-09-08 21:22:14',1292,10,9,8,15),(735,'2022-09-08 21:22:27',509,10,8,9,15),(736,'2022-09-08 21:22:37',512,10,8,9,15),(737,'2022-09-08 21:22:41',120,9,9,8,14),(738,'2022-09-08 21:22:50',102,9,9,8,14),(739,'2022-09-08 21:25:25',131,9,8,9,14),(740,'2022-09-08 21:25:55',664,9,8,9,14),(741,'2022-09-08 21:27:44',371,10,9,8,15),(742,'2022-09-08 21:27:46',371,10,9,8,15),(743,'2022-09-08 21:27:48',371,10,9,8,15),(744,'2022-09-08 21:28:00',691,9,9,8,14),(745,'2022-09-08 21:28:09',707,9,9,8,14),(746,'2022-09-08 21:28:18',370,10,9,8,15),(747,'2022-09-08 21:28:22',1105,9,8,9,14),(748,'2022-09-08 21:29:19',596,9,9,8,14),(749,'2022-09-08 21:29:28',617,9,9,8,14),(750,'2022-09-08 21:29:48',1075,9,9,8,14),(751,'2022-09-08 21:30:38',168,9,8,9,14),(752,'2022-09-08 21:30:49',111,9,8,9,14),(753,'2022-09-08 21:31:24',653,9,8,9,14),(754,'2022-09-08 21:31:55',371,10,8,9,15),(755,'2022-09-08 21:34:27',331,10,8,9,15),(756,'2022-09-08 21:35:02',309,10,9,8,15),(757,'2022-09-08 21:36:25',71,9,8,9,6),(758,'2022-09-08 21:36:32',494,10,9,8,15),(759,'2022-09-08 21:37:29',694,10,8,9,15),(760,'2022-09-08 21:39:45',1300,10,8,9,15),(761,'2022-09-08 21:39:53',116,9,9,8,14),(762,'2022-09-08 21:40:00',181,9,9,8,14),(763,'2022-09-08 21:40:33',274,10,8,9,15),(764,'2022-09-08 21:40:36',1026,9,8,9,14),(765,'2022-09-08 21:40:57',160,9,8,9,14),(766,'2022-09-08 21:41:33',446,10,9,8,15),(767,'2022-09-08 21:41:55',139,9,8,9,14),(768,'2022-09-08 21:42:02',155,9,8,9,14),(769,'2022-09-08 21:42:45',469,10,8,9,15),(770,'2022-09-08 21:42:55',464,10,8,9,15),(771,'2022-09-08 21:43:04',309,10,8,9,15),(772,'2022-09-08 21:43:53',707,9,8,9,14),(773,'2022-09-08 21:43:54',707,9,8,9,14),(774,'2022-09-08 21:43:57',691,9,8,9,14),(775,'2022-09-08 21:45:56',321,10,8,9,15),(776,'2022-09-08 21:46:04',320,10,8,9,15),(777,'2022-09-08 21:46:21',322,10,8,9,15),(778,'2022-09-08 21:46:44',1027,9,8,9,14),(779,'2022-09-08 21:47:48',107,9,8,9,14),(780,'2022-09-08 21:48:00',1117,9,8,9,14),(781,'2022-09-08 21:50:09',140,9,8,9,14),(782,'2022-09-08 21:51:26',1097,10,9,8,15),(783,'2022-09-08 21:51:42',778,9,8,9,14),(784,'2022-09-08 21:51:43',382,10,9,8,15),(785,'2022-09-08 21:54:13',300,10,8,9,15),(786,'2022-09-08 21:54:33',917,10,8,9,15),(787,'2022-09-08 21:54:42',473,10,9,8,15),(788,'2022-09-08 21:55:03',117,9,8,9,14),(789,'2022-09-08 21:55:44',181,9,8,9,14),(790,'2022-09-08 21:55:52',116,9,8,9,14),(791,'2022-09-08 21:56:27',535,10,9,8,15),(792,'2022-09-08 21:57:25',1035,9,8,9,14),(793,'2022-09-08 21:57:35',396,9,9,8,14),(794,'2022-09-08 21:58:19',117,9,9,8,14),(795,'2022-09-08 21:58:37',450,9,9,8,14),(796,'2022-09-08 21:59:29',753,9,8,9,14),(797,'2022-09-08 21:59:37',780,9,9,8,14),(798,'2022-09-08 21:59:43',776,9,8,9,14),(799,'2022-09-08 21:59:58',473,10,8,9,15),(800,'2022-09-08 22:01:13',532,10,9,8,15),(801,'2022-09-08 22:02:52',336,9,8,9,14),(802,'2022-09-08 22:03:35',124,9,8,9,14),(803,'2022-09-08 22:04:33',381,10,8,9,15),(804,'2022-09-08 22:04:40',383,10,8,9,15),(805,'2022-09-08 22:05:57',482,10,9,8,15),(806,'2022-09-08 22:06:09',486,10,9,8,15),(807,'2022-09-08 22:06:12',133,9,8,9,14),(808,'2022-09-08 22:07:02',255,10,8,9,15),(809,'2022-09-08 22:07:24',88,10,9,8,15),(810,'2022-09-08 22:07:30',123,10,8,9,15),(811,'2022-09-08 22:07:37',152,10,9,8,15),(812,'2022-09-08 22:07:47',470,10,9,8,15),(813,'2022-09-08 22:10:04',333,10,9,8,15),(814,'2022-09-08 22:10:12',332,10,9,8,15),(815,'2022-09-08 22:10:19',334,10,9,8,15),(816,'2022-09-08 22:10:24',88,10,8,9,15),(817,'2022-09-08 22:10:54',123,10,9,8,15),(818,'2022-09-08 22:11:01',123,10,8,9,15),(819,'2022-09-08 22:11:17',771,9,8,9,14),(820,'2022-09-08 22:11:24',766,9,8,9,14),(821,'2022-09-08 22:11:34',1027,10,9,8,15),(822,'2022-09-08 22:14:44',371,9,9,8,14),(823,'2022-09-08 22:14:58',481,10,8,9,15),(824,'2022-09-08 22:15:04',482,10,8,9,15),(825,'2022-09-08 22:15:09',122,9,9,8,14),(826,'2022-09-08 22:15:13',486,10,8,9,15),(827,'2022-09-08 22:15:23',483,10,8,9,15),(828,'2022-09-08 22:15:53',364,10,9,8,15),(829,'2022-09-08 22:16:50',1028,9,8,9,14),(830,'2022-09-08 22:16:56',1100,9,8,9,14),(831,'2022-09-08 22:16:57',638,10,9,8,15),(832,'2022-09-08 22:17:55',696,9,8,9,14),(833,'2022-09-08 22:18:43',470,10,8,9,15),(834,'2022-09-08 22:18:47',472,10,9,8,15),(835,'2022-09-08 22:18:52',465,10,8,9,15),(836,'2022-09-08 22:18:56',466,10,8,9,15),(837,'2022-09-08 22:21:09',638,10,8,9,15),(838,'2022-09-08 22:22:28',764,9,8,9,14),(839,'2022-09-08 22:25:20',1027,10,8,9,15),(840,'2022-09-08 22:25:37',1058,9,8,9,14),(841,'2022-09-08 22:25:49',1059,9,8,9,14),(842,'2022-09-08 22:27:50',765,9,8,9,14),(843,'2022-09-08 22:29:45',617,9,8,9,14),(844,'2022-09-08 22:29:52',596,9,8,9,14),(845,'2022-09-08 22:33:02',412,10,9,8,15),(846,'2022-09-08 22:33:30',161,9,9,8,14),(847,'2022-09-08 22:34:14',120,10,8,9,15),(848,'2022-09-08 22:34:18',102,10,8,9,15),(849,'2022-09-08 22:35:37',733,9,9,8,14),(850,'2022-09-08 22:36:29',431,10,9,8,15),(851,'2022-09-08 22:37:59',461,9,9,8,14),(852,'2022-09-08 22:39:02',118,10,9,8,15),(853,'2022-09-08 22:39:11',118,10,8,9,15),(854,'2022-09-08 22:42:04',1111,9,9,8,14),(855,'2022-09-08 22:42:09',1111,9,9,8,14),(856,'2022-09-08 22:42:14',1111,9,9,8,14),(857,'2022-09-08 22:42:16',1024,9,8,9,6),(858,'2022-09-08 22:43:08',88,9,9,8,14),(859,'2022-09-08 22:44:17',92,9,8,9,14),(860,'2022-09-08 22:44:23',88,9,8,9,14),(861,'2022-09-08 22:45:23',1058,9,9,8,14),(862,'2022-09-08 22:46:39',659,10,9,8,15),(863,'2022-09-08 22:47:00',612,10,9,8,15),(864,'2022-09-08 22:48:01',717,10,9,8,15),(865,'2022-09-08 22:48:16',717,10,8,9,15),(866,'2022-09-08 22:48:26',468,10,9,8,15),(867,'2022-09-08 22:48:40',473,10,9,8,15),(868,'2022-09-08 22:53:45',1119,9,9,8,14),(869,'2022-09-08 22:55:31',437,10,9,8,15),(870,'2022-09-08 22:55:38',436,10,9,8,15),(871,'2022-09-08 22:55:59',151,9,8,9,14),(872,'2022-09-08 22:56:08',122,9,8,9,14),(873,'2022-09-08 22:56:39',1067,9,9,8,14),(874,'2022-09-08 22:57:32',141,9,9,8,14),(875,'2022-09-08 22:58:23',451,10,8,9,15),(876,'2022-09-08 22:58:27',1116,9,8,9,14),(877,'2022-09-08 22:58:51',1075,9,8,9,14),(878,'2022-09-08 23:00:17',1047,9,8,9,14),(879,'2022-09-08 23:02:14',655,9,9,8,14),(880,'2022-09-08 23:02:23',655,9,8,9,14),(881,'2022-09-08 23:02:33',1105,9,9,8,14),(882,'2022-09-08 23:03:51',88,9,9,8,14),(883,'2022-09-08 23:04:02',476,10,9,8,15),(884,'2022-09-08 23:04:07',478,10,9,8,15),(885,'2022-09-08 23:05:32',152,10,8,9,15),(886,'2022-09-08 23:05:49',70,9,8,9,14),(887,'2022-09-08 23:06:00',1105,9,8,9,14),(888,'2022-09-08 23:06:21',1104,9,8,9,14),(889,'2022-09-08 23:06:27',696,9,9,8,14),(890,'2022-09-08 23:06:50',509,10,9,8,15),(891,'2022-09-08 23:06:59',512,10,9,8,15),(892,'2022-09-08 23:07:59',147,9,9,8,14),(893,'2022-09-08 23:08:06',342,10,9,8,15),(894,'2022-09-08 23:08:14',343,10,9,8,15),(895,'2022-09-08 23:08:22',341,10,9,8,15),(896,'2022-09-08 23:08:29',340,10,9,8,15),(897,'2022-09-08 23:08:50',441,10,9,8,15),(898,'2022-09-08 23:09:02',595,10,9,8,15),(899,'2022-09-08 23:09:10',374,10,9,8,15),(900,'2022-09-08 23:09:28',121,9,9,8,14),(901,'2022-09-08 23:09:38',671,10,9,8,15),(902,'2022-09-08 23:10:08',682,10,8,9,15),(903,'2022-09-08 23:10:18',682,10,9,8,15),(904,'2022-09-08 23:11:15',690,10,8,9,15),(905,'2022-09-08 23:11:24',690,10,9,8,15),(906,'2022-09-08 23:11:43',735,9,9,8,14),(907,'2022-09-08 23:13:12',124,9,9,8,14),(908,'2022-09-08 23:13:20',595,10,8,9,15),(909,'2022-09-08 23:13:21',140,9,9,8,14),(910,'2022-09-08 23:13:31',1104,9,9,8,14),(911,'2022-09-08 23:14:18',232,10,8,9,15),(912,'2022-09-08 23:14:24',234,10,8,9,15),(913,'2022-09-08 23:14:33',228,10,8,9,15),(914,'2022-09-08 23:14:38',222,10,8,9,15),(915,'2022-09-08 23:14:48',909,9,8,9,14),(916,'2022-09-08 23:15:34',1025,9,8,9,14),(917,'2022-09-08 23:16:07',161,9,8,9,14),(918,'2022-09-08 23:16:16',431,9,8,9,14),(919,'2022-09-08 23:18:09',398,10,9,8,15),(920,'2022-09-08 23:19:21',88,10,8,9,15),(921,'2022-09-08 23:19:37',1059,9,9,8,14),(922,'2022-09-08 23:20:32',441,10,8,9,15),(923,'2022-09-08 23:20:39',437,10,8,9,15),(924,'2022-09-08 23:20:48',398,10,8,9,15),(925,'2022-09-08 23:21:59',917,10,9,8,15),(926,'2022-09-08 23:22:58',744,10,8,9,15),(927,'2022-09-08 23:23:27',300,10,9,8,15),(928,'2022-09-08 23:25:30',917,10,8,9,15),(929,'2022-09-08 23:25:36',723,9,9,8,14),(930,'2022-09-08 23:26:16',107,9,9,8,14),(931,'2022-09-08 23:26:22',1117,9,9,8,14),(932,'2022-09-08 23:26:25',727,10,9,8,15),(933,'2022-09-08 23:26:35',309,10,9,8,15),(934,'2022-09-08 23:26:37',1220,9,9,8,14),(935,'2022-09-08 23:26:55',1031,9,8,9,14),(936,'2022-09-08 23:27:06',168,9,9,8,14),(937,'2022-09-08 23:28:36',159,10,9,8,15),(938,'2022-09-08 23:29:20',103,9,9,8,14),(939,'2022-09-08 23:29:25',125,9,9,8,14),(940,'2022-09-08 23:29:34',80,9,9,8,14),(941,'2022-09-08 23:29:43',1296,9,9,8,14),(942,'2022-09-08 23:30:03',1026,9,9,8,14),(943,'2022-09-08 23:30:17',914,9,9,8,14),(944,'2022-09-08 23:30:24',910,9,9,8,14),(945,'2022-09-08 23:30:29',1024,10,9,8,15),(946,'2022-09-08 23:30:43',308,9,9,8,14),(947,'2022-09-08 23:30:54',740,9,8,9,14),(948,'2022-09-08 23:31:26',770,10,9,8,15),(949,'2022-09-08 23:31:32',1044,9,8,9,10),(950,'2022-09-08 23:31:37',377,9,9,8,14),(951,'2022-09-08 23:31:45',731,9,9,8,14),(952,'2022-09-08 23:32:13',914,9,8,9,14),(953,'2022-09-08 23:32:27',910,9,8,9,14),(954,'2022-09-08 23:32:42',911,9,8,9,14),(955,'2022-09-08 23:33:06',142,10,9,8,15),(956,'2022-09-08 23:34:55',159,10,8,9,15),(957,'2022-09-08 23:35:42',910,9,9,8,14),(958,'2022-09-08 23:35:49',77,9,9,8,14),(959,'2022-09-08 23:35:54',91,9,9,8,14),(960,'2022-09-08 23:36:56',1100,9,9,8,14),(961,'2022-09-08 23:37:45',1094,9,9,8,14),(962,'2022-09-08 23:37:47',1094,9,9,8,14),(963,'2022-09-08 23:38:01',1070,9,9,8,14),(964,'2022-09-08 23:38:05',1070,9,9,8,14),(965,'2022-09-08 23:38:06',1070,9,9,8,14),(966,'2022-09-08 23:38:10',155,9,9,8,14),(967,'2022-09-08 23:38:17',85,10,9,8,15),(968,'2022-09-08 23:38:17',139,9,9,8,14),(969,'2022-09-08 23:38:44',910,9,8,9,14),(970,'2022-09-08 23:40:14',1116,9,9,8,14),(971,'2022-09-08 23:40:23',650,9,9,8,14),(972,'2022-09-08 23:41:31',392,9,9,8,14),(973,'2022-09-08 23:42:14',409,10,9,8,15),(974,'2022-09-08 23:42:38',255,10,9,8,15),(975,'2022-09-08 23:42:47',345,10,9,8,15),(976,'2022-09-08 23:42:53',347,10,9,8,15),(977,'2022-09-08 23:42:57',98,9,9,8,14),(978,'2022-09-08 23:43:09',84,9,9,8,14),(979,'2022-09-08 23:43:38',732,9,8,9,14),(980,'2022-09-08 23:44:08',419,9,9,8,14),(981,'2022-09-08 23:44:27',1120,9,8,9,14),(982,'2022-09-08 23:44:51',88,9,9,8,14),(983,'2022-09-08 23:45:28',85,10,8,9,15),(984,'2022-09-08 23:46:11',1055,9,9,8,14),(985,'2022-09-08 23:47:36',109,9,9,8,14),(986,'2022-09-08 23:47:55',135,9,9,8,14),(987,'2022-09-08 23:48:22',389,10,9,8,15),(988,'2022-09-08 23:48:27',390,10,9,8,15),(989,'2022-09-08 23:48:40',388,10,9,8,15),(990,'2022-09-08 23:48:55',1083,9,9,8,14),(991,'2022-09-08 23:49:01',112,9,9,8,14),(992,'2022-09-08 23:49:24',89,9,9,8,14),(993,'2022-09-08 23:49:34',910,9,9,8,14),(994,'2022-09-08 23:49:45',917,9,9,8,14),(995,'2022-09-08 23:49:48',314,10,9,8,15),(996,'2022-09-08 23:50:00',355,10,9,8,15),(997,'2022-09-08 23:50:05',353,10,9,8,15),(998,'2022-09-08 23:50:10',354,10,9,8,15),(999,'2022-09-08 23:50:47',715,10,8,9,15),(1000,'2022-09-08 23:51:06',606,9,9,8,14),(1001,'2022-09-08 23:51:15',740,9,9,8,14),(1002,'2022-09-08 23:52:26',1071,9,9,8,14),(1003,'2022-09-08 23:53:36',1112,9,9,8,14),(1004,'2022-09-08 23:53:53',921,10,9,8,15),(1005,'2022-09-08 23:54:26',71,9,9,8,14),(1006,'2022-09-08 23:54:27',1457,10,8,9,15),(1007,'2022-09-08 23:54:52',594,9,9,8,14),(1008,'2022-09-08 23:54:57',607,9,8,9,14),(1009,'2022-09-08 23:56:58',154,9,9,8,14),(1010,'2022-09-08 23:57:22',96,9,8,9,14),(1011,'2022-09-08 23:58:15',399,10,9,8,15),(1012,'2022-09-08 23:58:26',722,9,9,8,14),(1013,'2022-09-08 23:58:44',731,9,8,9,14),(1014,'2022-09-08 23:58:52',1030,9,9,8,14),(1015,'2022-09-08 23:59:11',397,9,9,8,14),(1016,'2022-09-08 23:59:51',184,9,8,9,14),(1017,'2022-09-08 23:59:59',171,9,9,8,14),(1018,'2022-09-09 00:00:23',178,9,8,9,14),(1019,'2022-09-09 00:00:27',320,10,9,8,15),(1020,'2022-09-09 00:00:42',322,10,9,8,15),(1021,'2022-09-09 00:00:50',321,10,9,8,15),(1022,'2022-09-09 00:01:17',415,9,9,8,14),(1023,'2022-09-09 00:01:25',414,9,9,8,14),(1024,'2022-09-09 00:01:31',171,9,8,9,14),(1025,'2022-09-09 00:01:32',924,10,9,8,15),(1026,'2022-09-09 00:01:40',88,9,8,9,14),(1027,'2022-09-09 00:01:48',919,9,9,8,14),(1028,'2022-09-09 00:02:29',403,10,9,8,6),(1029,'2022-09-09 00:03:20',274,10,9,8,15),(1030,'2022-09-09 00:03:27',402,10,9,8,6),(1031,'2022-09-09 00:03:31',407,10,9,8,15),(1032,'2022-09-09 00:03:33',130,9,9,8,14),(1033,'2022-09-09 00:04:01',1457,10,9,8,6),(1034,'2022-09-09 00:04:53',638,10,9,8,15),(1035,'2022-09-09 00:05:05',652,10,9,8,15),(1036,'2022-09-09 00:05:11',664,9,9,8,14),(1037,'2022-09-09 00:05:21',689,9,9,8,14),(1038,'2022-09-09 00:05:29',726,10,9,8,6),(1039,'2022-09-09 00:06:02',1457,10,8,9,15),(1040,'2022-09-09 00:06:47',545,10,9,8,15),(1041,'2022-09-09 00:07:00',129,9,9,8,14),(1042,'2022-09-09 00:07:08',129,9,9,8,14),(1043,'2022-09-09 00:07:23',919,9,8,9,14),(1044,'2022-09-09 00:07:54',445,10,9,8,15),(1045,'2022-09-09 00:09:02',722,9,8,9,14),(1046,'2022-09-09 00:09:15',434,9,9,8,14),(1047,'2022-09-09 00:09:58',726,10,8,9,15),(1048,'2022-09-09 00:10:01',726,10,8,9,15),(1049,'2022-09-09 00:10:06',398,10,9,8,15),(1050,'2022-09-09 00:10:10',728,10,9,8,15),(1051,'2022-09-09 00:10:16',248,10,9,8,15),(1052,'2022-09-09 00:10:19',99,9,9,8,14),(1053,'2022-09-09 00:10:26',1056,9,9,8,14),(1054,'2022-09-09 00:10:37',141,9,8,9,14),(1055,'2022-09-09 00:11:52',367,10,8,9,15),(1056,'2022-09-09 00:12:25',751,9,9,8,14),(1057,'2022-09-09 00:12:35',725,9,9,8,14),(1058,'2022-09-09 00:13:30',247,10,9,8,15),(1059,'2022-09-09 00:13:49',1301,10,9,8,6),(1060,'2022-09-09 00:13:50',1294,10,9,8,15),(1061,'2022-09-09 00:13:56',1298,10,9,8,15),(1062,'2022-09-09 00:13:56',116,9,9,8,14),(1063,'2022-09-09 00:14:25',86,9,9,8,14),(1064,'2022-09-09 00:15:48',1098,9,9,8,14),(1065,'2022-09-09 00:15:53',1095,9,9,8,14),(1066,'2022-09-09 00:16:04',1095,9,8,9,14),(1067,'2022-09-09 00:16:47',915,10,9,8,15),(1068,'2022-09-09 00:17:32',381,10,9,8,15),(1069,'2022-09-09 00:17:43',383,10,9,8,15),(1070,'2022-09-09 00:17:51',533,10,9,8,15),(1071,'2022-09-09 00:18:47',514,10,8,9,15),(1072,'2022-09-09 00:18:57',515,10,8,9,15),(1073,'2022-09-09 00:19:06',514,10,9,8,15),(1074,'2022-09-09 00:19:15',515,10,9,8,15),(1075,'2022-09-09 00:19:19',457,9,9,8,14),(1076,'2022-09-09 00:19:34',1047,10,9,8,15),(1077,'2022-09-09 00:19:39',1047,10,8,9,15),(1078,'2022-09-09 00:19:41',460,9,9,8,14),(1079,'2022-09-09 00:19:47',467,9,9,8,14),(1080,'2022-09-09 00:20:19',916,9,9,8,14),(1081,'2022-09-09 00:20:26',916,9,8,9,14),(1082,'2022-09-09 00:21:38',505,9,9,8,14),(1083,'2022-09-09 00:21:58',507,9,9,8,14),(1084,'2022-09-09 00:24:24',1086,9,9,8,14),(1085,'2022-09-09 00:25:38',1047,10,9,8,15),(1086,'2022-09-09 00:25:46',1047,10,8,9,15),(1087,'2022-09-09 00:25:58',766,9,9,8,14),(1088,'2022-09-09 00:26:09',771,9,9,8,14),(1089,'2022-09-09 00:27:41',1121,9,9,8,14),(1090,'2022-09-09 00:29:56',747,10,9,8,15),(1091,'2022-09-09 00:30:03',741,10,9,8,15),(1092,'2022-09-09 00:30:32',737,10,9,8,15),(1093,'2022-09-09 00:30:42',743,10,9,8,15),(1094,'2022-09-09 00:31:39',116,9,8,9,14),(1095,'2022-09-09 00:32:11',73,10,9,8,15),(1096,'2022-09-09 00:32:17',110,9,8,9,14),(1097,'2022-09-09 00:33:14',623,10,9,8,15),(1098,'2022-09-09 00:33:42',325,10,9,8,15),(1099,'2022-09-09 00:33:49',326,10,9,8,15),(1100,'2022-09-09 00:34:28',95,9,9,8,14),(1101,'2022-09-09 00:34:55',95,10,8,9,6),(1102,'2022-09-09 00:35:05',95,10,9,8,6),(1103,'2022-09-09 00:35:19',93,10,9,8,6),(1104,'2022-09-09 00:35:32',722,10,9,8,6),(1105,'2022-09-09 00:36:13',922,10,9,8,6),(1106,'2022-09-09 00:36:58',141,9,9,8,14),(1107,'2022-09-09 00:37:45',528,9,8,9,14),(1108,'2022-09-09 00:38:00',528,9,9,8,14),(1109,'2022-09-09 00:38:57',141,9,8,9,14),(1110,'2022-09-09 00:39:19',339,10,8,9,15),(1111,'2022-09-09 00:40:05',127,10,9,8,15),(1112,'2022-09-09 00:40:20',420,9,9,8,14),(1113,'2022-09-09 00:40:38',477,9,9,8,14),(1114,'2022-09-09 00:40:46',479,9,9,8,14),(1115,'2022-09-09 00:40:55',323,10,9,8,15),(1116,'2022-09-09 00:40:58',528,9,8,9,14),(1117,'2022-09-09 00:42:22',92,9,9,8,14),(1118,'2022-09-09 00:42:29',1062,9,9,8,14),(1119,'2022-09-09 00:42:37',138,9,9,8,14),(1120,'2022-09-09 00:43:01',386,10,9,8,15),(1121,'2022-09-09 00:43:22',385,10,9,8,15),(1122,'2022-09-09 00:43:30',481,10,9,8,15),(1123,'2022-09-09 00:43:43',482,10,9,8,15),(1124,'2022-09-09 00:44:15',488,10,9,8,15),(1125,'2022-09-09 00:44:26',132,9,9,8,14),(1126,'2022-09-09 00:44:31',483,10,9,8,15),(1127,'2022-09-09 00:44:37',486,10,9,8,15),(1128,'2022-09-09 00:44:46',469,10,9,8,15),(1129,'2022-09-09 00:44:59',464,10,9,8,15),(1130,'2022-09-09 00:47:56',648,9,8,9,14),(1131,'2022-09-09 00:48:03',648,9,9,8,14),(1132,'2022-09-09 00:48:21',444,10,9,8,15),(1133,'2022-09-09 00:48:23',656,9,8,9,14),(1134,'2022-09-09 00:48:30',656,9,9,8,14),(1135,'2022-09-09 00:48:41',256,10,9,8,15),(1136,'2022-09-09 00:48:48',253,10,9,8,15),(1137,'2022-09-09 00:48:56',637,9,8,9,14),(1138,'2022-09-09 00:49:02',637,9,9,8,14),(1139,'2022-09-09 00:49:10',491,9,9,8,14),(1140,'2022-09-09 00:49:56',490,9,9,8,14),(1141,'2022-09-09 00:50:10',131,9,9,8,14),(1142,'2022-09-09 00:50:44',831,9,9,8,14),(1143,'2022-09-09 00:50:49',836,9,9,8,14),(1144,'2022-09-09 00:51:50',742,10,9,8,15),(1145,'2022-09-09 00:52:13',642,10,9,8,15),(1146,'2022-09-09 00:53:13',472,10,8,9,15),(1147,'2022-09-09 00:53:17',472,10,9,8,15),(1148,'2022-09-09 00:53:23',466,10,9,8,15),(1149,'2022-09-09 00:53:30',465,10,9,8,15),(1150,'2022-09-09 00:53:38',164,9,9,8,14),(1151,'2022-09-09 00:53:44',166,9,9,8,14),(1152,'2022-09-09 00:54:40',337,9,9,8,14),(1153,'2022-09-09 00:55:24',336,9,9,8,14),(1154,'2022-09-09 00:55:57',529,9,8,9,14),(1155,'2022-09-09 00:56:20',529,9,9,8,14),(1156,'2022-09-09 00:56:26',528,9,9,8,14),(1157,'2022-09-09 00:58:09',754,9,9,8,14),(1158,'2022-09-09 00:58:17',781,9,9,8,14),(1159,'2022-09-09 00:58:33',653,9,9,8,14),(1160,'2022-09-09 00:58:51',105,9,8,9,14),(1161,'2022-09-09 00:58:55',105,9,9,8,14),(1162,'2022-09-09 00:59:01',643,9,9,8,14),(1163,'2022-09-09 00:59:07',647,9,8,9,14),(1164,'2022-09-09 00:59:11',424,10,9,8,15),(1165,'2022-09-09 00:59:14',647,9,9,8,14),(1166,'2022-09-09 00:59:16',425,10,9,8,15),(1167,'2022-09-09 01:01:06',416,9,9,8,14),(1168,'2022-09-09 01:02:34',777,9,9,8,14),(1169,'2022-09-09 01:02:53',763,9,9,8,14),(1170,'2022-09-09 01:02:59',134,9,8,9,14),(1171,'2022-09-09 01:03:02',134,9,9,8,14),(1172,'2022-09-09 01:03:08',106,9,8,9,14),(1173,'2022-09-09 01:03:15',106,9,9,8,14),(1174,'2022-09-09 01:03:36',716,10,9,8,15),(1175,'2022-09-09 01:03:42',522,9,8,9,14),(1176,'2022-09-09 01:03:49',522,9,9,8,14),(1177,'2022-09-09 01:03:51',271,10,9,8,15),(1178,'2022-09-09 01:04:24',458,10,9,8,15),(1179,'2022-09-09 01:05:07',1105,9,9,8,14),(1180,'2022-09-09 01:05:37',437,10,9,8,15),(1181,'2022-09-09 01:05:43',441,10,9,8,15),(1182,'2022-09-09 01:09:10',600,10,9,8,6),(1183,'2022-09-09 01:09:40',435,9,9,8,14),(1184,'2022-09-09 01:09:46',431,9,9,8,14),(1185,'2022-09-09 01:10:43',126,9,9,8,14),(1186,'2022-09-09 01:11:53',748,10,9,8,15),(1187,'2022-09-09 01:12:28',722,9,8,9,14),(1188,'2022-09-09 01:12:42',722,9,9,8,14),(1189,'2022-09-09 01:12:49',749,9,9,8,14),(1190,'2022-09-09 01:13:09',133,10,9,8,15),(1191,'2022-09-09 01:13:15',732,10,9,8,15),(1192,'2022-09-09 01:13:22',694,10,9,8,15),(1193,'2022-09-09 01:15:45',79,9,9,8,14),(1194,'2022-09-09 01:16:42',634,9,8,9,14),(1195,'2022-09-09 01:16:50',634,9,9,8,14),(1196,'2022-09-09 01:16:56',636,9,9,8,14),(1197,'2022-09-09 01:17:04',368,9,9,8,14),(1198,'2022-09-09 01:17:23',133,10,8,9,15),(1199,'2022-09-09 01:18:40',526,10,8,9,15),(1200,'2022-09-09 01:18:45',526,10,9,8,15),(1201,'2022-09-09 01:19:02',630,10,9,8,15),(1202,'2022-09-09 01:19:41',541,10,8,9,15),(1203,'2022-09-09 01:19:45',541,10,9,8,15),(1204,'2022-09-09 01:19:54',539,10,8,9,15),(1205,'2022-09-09 01:19:57',539,10,9,8,15),(1206,'2022-09-09 01:20:10',516,10,9,8,15),(1207,'2022-09-09 01:20:21',1464,9,8,9,14),(1208,'2022-09-09 01:20:26',694,10,8,9,15),(1209,'2022-09-09 01:20:28',1464,9,9,8,14),(1210,'2022-09-09 01:20:35',517,9,9,8,14),(1211,'2022-09-09 01:20:55',1326,9,9,8,14),(1212,'2022-09-09 01:21:54',591,9,9,8,14),(1213,'2022-09-09 01:22:00',573,9,9,8,14),(1214,'2022-09-09 01:24:25',715,10,9,8,15),(1215,'2022-09-09 01:24:26',749,9,8,9,14),(1216,'2022-09-09 01:24:35',722,9,8,9,14),(1217,'2022-09-09 01:25:46',922,9,8,9,14),(1218,'2022-09-09 01:27:19',120,10,9,8,15),(1219,'2022-09-09 01:27:25',704,9,9,8,14),(1220,'2022-09-09 01:27:26',102,10,9,8,15),(1221,'2022-09-09 01:27:44',721,9,9,8,14),(1222,'2022-09-09 01:28:38',714,9,9,8,14),(1223,'2022-09-09 01:28:47',707,9,9,8,14),(1224,'2022-09-09 01:29:03',328,9,9,8,14),(1225,'2022-09-09 01:29:41',150,9,9,8,14),(1226,'2022-09-09 01:29:49',108,9,9,8,14),(1227,'2022-09-09 01:30:39',518,9,8,9,14),(1228,'2022-09-09 01:30:45',518,9,9,8,14),(1229,'2022-09-09 01:33:15',916,9,9,8,14),(1230,'2022-09-09 01:33:33',159,10,9,8,15),(1231,'2022-09-09 01:33:41',1073,9,9,8,14),(1232,'2022-09-09 01:34:05',169,9,9,8,14),(1233,'2022-09-09 01:34:50',736,9,9,8,14),(1234,'2022-09-09 01:35:00',750,9,8,9,14),(1235,'2022-09-09 01:35:04',750,9,9,8,14),(1236,'2022-09-09 01:35:15',920,9,9,8,14),(1237,'2022-09-09 01:35:23',734,9,9,8,14),(1238,'2022-09-09 01:35:25',131,10,8,9,6),(1239,'2022-09-09 01:36:51',518,9,8,9,14),(1240,'2022-09-09 01:38:00',518,9,9,8,14),(1241,'2022-09-09 01:38:09',752,10,9,8,15),(1242,'2022-09-09 01:39:33',722,9,9,8,14),(1243,'2022-09-09 01:39:41',749,9,9,8,14),(1244,'2022-09-09 01:40:23',596,9,9,8,14),(1245,'2022-09-09 01:41:07',603,9,8,9,14),(1246,'2022-09-09 01:41:08',589,10,9,8,15),(1247,'2022-09-09 01:41:10',603,9,9,8,14),(1248,'2022-09-09 01:41:18',621,9,9,8,14),(1249,'2022-09-09 01:41:26',1300,10,9,8,15),(1250,'2022-09-09 01:42:13',1035,9,9,8,14),(1251,'2022-09-09 01:42:31',1336,9,9,8,14),(1252,'2022-09-09 01:42:42',1302,9,9,8,14),(1253,'2022-09-09 01:42:51',380,10,9,8,15),(1254,'2022-09-09 01:42:59',470,10,9,8,15),(1255,'2022-09-09 01:46:06',618,9,8,9,14),(1256,'2022-09-09 01:46:09',618,9,9,8,14),(1257,'2022-09-09 01:47:36',157,9,9,8,14),(1258,'2022-09-09 01:47:58',596,9,8,9,14),(1259,'2022-09-09 01:48:08',621,9,8,9,14),(1260,'2022-09-09 01:48:38',152,10,9,8,15),(1261,'2022-09-09 01:48:48',738,9,8,9,14),(1262,'2022-09-09 01:48:53',738,9,9,8,14),(1263,'2022-09-09 01:49:48',644,9,8,9,14),(1264,'2022-09-09 01:49:52',644,9,9,8,14),(1265,'2022-09-09 01:52:07',451,10,9,8,15),(1266,'2022-09-09 01:52:24',154,9,8,9,14),(1267,'2022-09-09 01:52:42',453,10,9,8,15),(1268,'2022-09-09 01:56:59',711,10,9,8,15),(1269,'2022-09-09 01:57:51',222,10,9,8,15),(1270,'2022-09-09 01:57:56',228,10,9,8,15),(1271,'2022-09-09 01:58:01',232,10,9,8,15),(1272,'2022-09-09 01:58:06',234,10,9,8,15),(1273,'2022-09-09 02:00:18',122,9,9,8,14),(1274,'2022-09-09 02:00:33',151,9,9,8,14),(1275,'2022-09-09 02:01:18',702,10,9,8,15),(1276,'2022-09-09 02:04:28',722,9,8,9,14),(1277,'2022-09-09 02:05:15',1104,9,8,9,14),(1278,'2022-09-09 02:05:25',1031,9,9,8,14),(1279,'2022-09-09 02:08:50',1028,9,9,8,14),(1280,'2022-09-09 02:11:27',1103,9,8,9,14),(1281,'2022-09-09 02:11:37',1103,9,9,8,14),(1282,'2022-09-09 02:11:51',148,9,9,8,14),(1283,'2022-09-09 02:13:59',631,9,8,9,14),(1284,'2022-09-09 02:14:07',631,9,9,8,14),(1285,'2022-09-09 02:16:04',438,10,9,8,15),(1286,'2022-09-09 02:17:00',730,9,9,8,14),(1287,'2022-09-09 02:17:14',613,9,8,9,14),(1288,'2022-09-09 02:17:20',613,9,9,8,14),(1289,'2022-09-09 02:20:18',829,9,8,9,14),(1290,'2022-09-09 02:20:29',829,9,9,8,14),(1291,'2022-09-09 02:20:39',839,9,8,9,14),(1292,'2022-09-09 02:20:47',839,9,9,8,14),(1293,'2022-09-09 02:21:38',832,9,8,9,14),(1294,'2022-09-09 02:21:45',832,9,9,8,14),(1295,'2022-09-09 02:22:21',118,10,9,8,15),(1296,'2022-09-09 02:24:41',123,9,9,8,14),(1297,'2022-09-09 02:34:28',269,9,8,9,14),(1298,'2022-09-09 02:34:36',269,9,9,8,14),(1299,'2022-09-09 02:34:43',270,9,8,9,14),(1300,'2022-09-09 02:34:46',270,9,9,8,14),(1301,'2022-09-09 02:35:54',163,9,9,8,14),(1302,'2022-09-09 02:36:21',922,9,9,8,14),(1303,'2022-09-09 02:36:56',828,9,8,9,14),(1304,'2022-09-09 02:38:00',919,9,9,8,14),(1305,'2022-09-09 02:40:34',278,10,9,8,15),(1306,'2022-09-09 02:41:02',282,10,9,8,15),(1307,'2022-09-09 02:41:11',632,9,8,9,14),(1308,'2022-09-09 02:46:34',331,10,9,8,15),(1309,'2022-09-09 02:56:19',114,9,9,8,14),(1310,'2022-09-09 03:00:42',694,10,9,8,15),(1311,'2022-09-09 03:00:50',553,9,9,8,14),(1312,'2022-09-09 03:02:46',582,10,9,8,15),(1313,'2022-09-09 03:02:53',593,10,9,8,15),(1314,'2022-09-09 03:03:16',1027,10,9,8,15),(1315,'2022-09-09 03:06:34',717,10,9,8,15),(1316,'2022-09-09 03:07:52',731,9,9,8,14),(1317,'2022-09-09 03:12:59',655,9,9,8,14),(1318,'2022-09-09 03:14:59',691,9,9,8,14),(1319,'2022-09-09 03:15:16',701,9,9,8,14),(1320,'2022-09-09 03:15:56',1453,9,9,8,14),(1321,'2022-09-09 03:23:37',154,9,9,8,14),(1322,'2022-09-09 03:23:47',1025,9,9,8,14),(1323,'2022-09-09 03:37:12',1120,9,9,8,14),(1324,'2022-09-09 03:38:04',116,9,9,8,14),(1325,'2022-09-09 03:39:05',655,9,8,9,14),(1326,'2022-09-09 03:39:34',724,9,9,8,14),(1327,'2022-09-09 03:39:47',726,9,9,8,14),(1328,'2022-09-09 03:48:44',449,10,9,8,15),(1329,'2022-09-09 03:51:30',778,9,9,8,14),(1330,'2022-09-09 03:52:26',765,9,9,8,14),(1331,'2022-09-09 03:55:58',780,9,8,9,14),(1332,'2022-09-09 03:56:06',780,9,9,8,14),(1333,'2022-09-09 03:56:16',776,9,9,8,14),(1334,'2022-09-09 03:57:34',761,9,9,8,14),(1335,'2022-09-09 04:05:29',764,9,9,8,14),(1336,'2022-09-09 04:06:15',729,9,8,9,14),(1337,'2022-09-09 04:06:40',749,9,8,9,14),(1338,'2022-09-09 04:15:07',753,9,9,8,14),(1339,'2022-09-09 04:15:27',783,9,8,9,14),(1340,'2022-09-09 04:16:44',755,9,8,9,14),(1341,'2022-09-09 04:16:58',755,9,9,8,14),(1342,'2022-09-09 04:17:09',759,9,9,8,14),(1343,'2022-09-09 04:17:54',834,9,8,9,14),(1344,'2022-09-09 04:18:01',834,9,9,8,14),(1345,'2022-09-09 04:18:13',845,9,8,9,14),(1346,'2022-09-09 04:18:24',845,9,9,8,14),(1347,'2022-09-09 04:23:40',1075,9,9,8,14),(1348,'2022-09-09 04:23:47',655,9,9,8,14),(1349,'2022-09-09 04:24:02',141,9,9,8,14),(1350,'2022-09-09 04:24:28',88,9,9,8,14),(1351,'2022-09-09 04:31:38',1467,9,9,8,14),(1352,'2022-09-09 04:31:56',1466,9,9,8,14),(1353,'2022-09-09 04:32:21',70,9,9,8,14),(1354,'2022-09-09 04:32:42',133,9,9,8,14),(1355,'2022-09-09 04:36:19',96,9,9,8,14),(1356,'2022-09-09 04:38:49',911,9,9,8,14),(1357,'2022-09-09 04:40:51',88,9,8,9,14),(1358,'2022-09-09 04:40:57',909,9,9,8,14),(1359,'2022-09-09 04:49:59',161,9,9,8,14),(1360,'2022-09-09 04:52:02',181,9,9,8,14),(1361,'2022-09-09 04:52:17',110,9,9,8,14),(1362,'2022-09-09 04:52:24',170,9,9,8,14),(1363,'2022-09-09 04:52:48',608,9,9,8,14),(1364,'2022-09-09 04:53:03',1081,9,8,9,14),(1365,'2022-09-09 04:53:09',1081,9,9,8,14),(1366,'2022-09-09 04:53:36',176,9,8,9,14),(1367,'2022-09-09 04:53:54',176,9,9,8,14),(1368,'2022-09-09 05:11:57',621,10,9,8,15),(1369,'2022-09-09 05:23:31',595,10,9,8,15),(1370,'2022-09-09 10:43:03',1103,10,8,9,15),(1371,'2022-09-09 10:43:11',127,10,8,9,15),(1372,'2022-09-09 10:43:17',148,10,8,9,15),(1373,'2022-09-09 11:06:16',142,10,8,9,15),(1374,'2022-09-09 11:28:09',1044,9,9,8,10),(1375,'2022-09-09 11:53:01',1044,9,8,9,10),(1376,'2022-09-09 11:53:01',1044,9,8,9,10),(1377,'2022-09-09 12:08:02',182,9,8,9,10),(1378,'2022-09-09 13:17:40',296,9,8,9,6),(1379,'2022-09-09 13:17:51',299,9,8,9,6),(1380,'2022-09-09 13:19:38',62,9,9,8,14),(1381,'2022-09-09 13:19:44',62,9,8,9,14),(1382,'2022-09-09 13:21:04',1116,9,8,9,6),(1383,'2022-09-09 14:00:25',279,9,9,8,14),(1384,'2022-09-09 14:00:42',277,9,9,8,14),(1385,'2022-09-09 14:00:47',276,9,9,8,14),(1386,'2022-09-09 14:00:54',283,9,9,8,14),(1387,'2022-09-09 14:03:23',550,9,8,9,14),(1388,'2022-09-09 14:03:29',546,9,8,9,14),(1389,'2022-09-09 14:04:33',771,9,8,9,14),(1390,'2022-09-09 14:12:58',103,9,8,9,14),(1391,'2022-09-09 14:13:54',94,9,9,8,14),(1392,'2022-09-09 14:15:13',1340,9,8,9,14),(1393,'2022-09-09 14:15:22',1338,9,8,9,14),(1394,'2022-09-09 14:17:35',103,9,9,8,14),(1395,'2022-09-09 14:19:17',678,9,8,9,14),(1396,'2022-09-09 14:19:33',675,9,9,8,14),(1397,'2022-09-09 14:22:46',651,9,9,8,14),(1398,'2022-09-09 14:25:38',738,9,8,9,14),(1399,'2022-09-09 14:26:52',837,9,8,9,14),(1400,'2022-09-09 14:26:59',828,9,9,8,14),(1401,'2022-09-09 14:27:06',841,9,8,9,14),(1402,'2022-09-09 14:27:29',845,9,8,9,14),(1403,'2022-09-09 14:30:42',595,9,8,9,14),(1404,'2022-09-09 14:30:50',571,9,9,8,14),(1405,'2022-09-09 14:33:01',1453,9,8,9,14),(1406,'2022-09-09 14:33:14',547,9,8,9,14),(1407,'2022-09-09 14:37:09',1469,9,8,9,6),(1408,'2022-09-09 14:39:43',724,9,8,9,14),(1409,'2022-09-09 14:41:05',550,9,9,8,14),(1410,'2022-09-09 14:41:11',546,9,9,8,14),(1411,'2022-09-09 14:44:32',97,10,9,8,15),(1412,'2022-09-09 14:44:44',97,10,8,9,15),(1413,'2022-09-09 14:44:52',248,10,8,9,15),(1414,'2022-09-09 14:46:45',676,9,8,9,14),(1415,'2022-09-09 14:50:36',1467,9,8,9,14),(1416,'2022-09-09 14:50:43',1466,9,8,9,14),(1417,'2022-09-09 14:54:27',681,9,8,9,14),(1418,'2022-09-09 14:55:34',663,9,8,9,14),(1419,'2022-09-09 14:55:57',761,9,8,9,14),(1420,'2022-09-09 15:00:43',771,9,9,8,14),(1421,'2022-09-09 15:02:59',520,9,8,9,14),(1422,'2022-09-09 15:03:05',522,9,8,9,14),(1423,'2022-09-09 15:03:38',733,9,8,9,14),(1424,'2022-09-09 15:04:34',837,9,9,8,14),(1425,'2022-09-09 15:04:42',828,9,8,9,14),(1426,'2022-09-09 15:05:02',146,9,8,9,6),(1427,'2022-09-09 15:05:43',175,9,8,9,14),(1428,'2022-09-09 15:05:49',175,9,8,9,14),(1429,'2022-09-09 15:09:07',837,9,8,9,14),(1430,'2022-09-09 15:09:21',734,9,8,9,14),(1431,'2022-09-09 15:09:52',546,9,8,9,14),(1432,'2022-09-09 15:10:00',550,9,8,9,14),(1433,'2022-09-09 15:15:38',729,9,9,8,14),(1434,'2022-09-09 15:15:49',734,9,9,8,14),(1435,'2022-09-09 15:15:54',722,9,9,8,14),(1436,'2022-09-09 15:15:58',749,9,9,8,14),(1437,'2022-09-09 15:19:32',253,10,8,9,15),(1438,'2022-09-09 15:19:44',771,9,8,9,14),(1439,'2022-09-09 15:20:32',1303,9,8,9,14),(1440,'2022-09-09 15:20:41',642,10,8,9,15),(1441,'2022-09-09 15:25:18',707,9,8,9,14),(1442,'2022-09-09 15:25:34',691,9,8,9,14),(1443,'2022-09-09 15:26:32',642,9,9,8,14),(1444,'2022-09-09 15:26:59',681,9,9,8,14),(1445,'2022-09-09 15:27:05',660,9,9,8,14),(1446,'2022-09-09 15:27:12',663,9,9,8,14),(1447,'2022-09-09 15:29:07',154,9,8,9,14),(1448,'2022-09-09 15:29:21',734,9,8,9,14),(1449,'2022-09-09 15:29:33',722,9,8,9,14),(1450,'2022-09-09 15:29:40',729,9,8,9,14),(1451,'2022-09-09 15:29:52',749,9,8,9,14),(1452,'2022-09-09 15:32:01',552,9,8,9,14),(1453,'2022-09-09 15:32:51',771,9,9,8,14),(1454,'2022-09-09 15:33:38',165,9,8,9,14),(1455,'2022-09-09 15:34:29',328,9,8,9,14),(1456,'2022-09-09 15:34:41',329,9,8,9,14),(1457,'2022-09-09 15:38:55',591,9,8,9,14),(1458,'2022-09-09 15:40:22',691,9,9,8,14),(1459,'2022-09-09 15:40:32',97,10,9,8,15),(1460,'2022-09-09 15:41:31',707,9,9,8,14),(1461,'2022-09-09 15:41:54',667,9,8,9,14),(1462,'2022-09-09 15:43:47',1038,9,8,9,10),(1463,'2022-09-09 15:45:19',329,9,9,8,14),(1464,'2022-09-09 15:45:23',328,9,9,8,14),(1465,'2022-09-09 15:47:39',425,9,8,9,14),(1466,'2022-09-09 15:49:08',244,9,8,9,14),(1467,'2022-09-09 15:52:05',603,9,8,9,14),(1468,'2022-09-09 15:52:13',625,9,8,9,14),(1469,'2022-09-09 15:57:08',541,9,8,9,14),(1470,'2022-09-09 15:57:29',694,10,8,9,15),(1471,'2022-09-09 16:01:32',244,9,9,8,14),(1472,'2022-09-09 16:02:09',1471,9,8,9,14),(1473,'2022-09-09 16:02:16',1471,9,9,8,14),(1474,'2022-09-09 16:02:34',171,9,9,8,14),(1475,'2022-09-09 16:04:45',761,9,9,8,14),(1476,'2022-09-09 16:04:50',1090,9,8,9,14),(1477,'2022-09-09 16:06:53',183,9,9,8,14),(1478,'2022-09-09 16:06:58',173,9,9,8,14),(1479,'2022-09-09 16:09:55',704,9,8,9,14),(1480,'2022-09-09 16:11:21',739,9,8,9,14),(1481,'2022-09-09 16:12:46',550,9,9,8,14),(1482,'2022-09-09 16:12:50',546,9,9,8,14),(1483,'2022-09-09 16:14:41',663,9,8,9,14),(1484,'2022-09-09 16:14:45',681,9,8,9,14),(1485,'2022-09-09 16:14:51',660,9,8,9,14),(1486,'2022-09-09 16:15:05',183,9,8,9,14),(1487,'2022-09-09 16:15:09',183,9,8,9,14),(1488,'2022-09-09 16:15:12',173,9,8,9,14),(1489,'2022-09-09 16:15:38',114,9,8,9,14),(1490,'2022-09-09 16:15:55',170,9,8,9,14),(1491,'2022-09-09 16:16:03',181,9,8,9,14),(1492,'2022-09-09 16:16:23',522,9,9,8,14),(1493,'2022-09-09 16:16:30',556,9,8,9,14),(1494,'2022-09-09 16:24:35',1471,9,8,9,14),(1495,'2022-09-09 16:24:54',171,9,8,9,14),(1496,'2022-09-09 16:25:19',671,10,8,9,15),(1497,'2022-09-09 16:25:35',690,10,8,9,15),(1498,'2022-09-09 16:26:24',631,9,8,9,14),(1499,'2022-09-09 16:26:30',642,9,8,9,14),(1500,'2022-09-09 16:26:34',644,9,8,9,14),(1501,'2022-09-09 16:26:58',1303,9,9,8,14),(1502,'2022-09-09 16:27:06',1472,9,8,9,14),(1503,'2022-09-09 16:27:45',248,10,9,8,15),(1504,'2022-09-09 16:28:43',674,9,8,9,14),(1505,'2022-09-09 16:28:55',670,9,8,9,14),(1506,'2022-09-09 16:29:42',642,9,9,8,14),(1507,'2022-09-09 16:29:54',631,9,9,8,14),(1508,'2022-09-09 16:31:54',591,9,9,8,14),(1509,'2022-09-09 16:34:25',425,9,9,8,14),(1510,'2022-09-09 16:35:57',169,9,8,9,6),(1511,'2022-09-09 16:37:02',566,10,8,9,15),(1512,'2022-09-09 16:37:40',566,10,9,8,15),(1513,'2022-09-09 16:37:47',566,10,8,9,15),(1514,'2022-09-09 16:37:51',631,9,8,9,14),(1515,'2022-09-09 16:37:55',642,9,8,9,14),(1516,'2022-09-09 16:38:02',413,10,8,9,15),(1517,'2022-09-09 16:41:25',177,9,9,8,14),(1518,'2022-09-09 16:42:17',130,9,8,9,14),(1519,'2022-09-09 16:42:40',561,9,8,9,14),(1520,'2022-09-09 16:42:40',561,9,8,9,14),(1521,'2022-09-09 16:44:10',546,9,8,9,14),(1522,'2022-09-09 16:44:16',550,9,8,9,14),(1523,'2022-09-09 16:48:06',1033,9,8,9,14),(1524,'2022-09-09 16:48:21',141,9,8,9,14),(1525,'2022-09-09 16:48:39',642,9,9,8,14),(1526,'2022-09-09 16:49:31',142,10,9,8,15),(1527,'2022-09-09 16:49:42',1052,9,8,9,6),(1528,'2022-09-09 16:52:03',1031,9,8,9,14),(1529,'2022-09-09 16:54:58',1329,9,8,9,14),(1530,'2022-09-09 16:57:11',548,9,8,9,14),(1531,'2022-09-09 16:57:24',750,9,8,9,14),(1532,'2022-09-09 16:59:11',593,10,8,9,15),(1533,'2022-09-09 16:59:39',671,10,9,8,15),(1534,'2022-09-09 17:00:11',526,10,8,9,15),(1535,'2022-09-09 17:00:24',1466,9,9,8,14),(1536,'2022-09-09 17:00:34',1467,9,9,8,14),(1537,'2022-09-09 17:02:36',1028,10,8,9,15),(1538,'2022-09-09 17:02:52',1326,9,8,9,14),(1539,'2022-09-09 17:03:05',359,10,8,9,15),(1540,'2022-09-09 17:03:16',357,10,8,9,15),(1541,'2022-09-09 17:03:17',275,9,8,9,14),(1542,'2022-09-09 17:03:22',273,9,8,9,14),(1543,'2022-09-09 17:03:28',271,9,8,9,14),(1544,'2022-09-09 17:05:21',548,9,9,8,14),(1545,'2022-09-09 17:05:37',591,9,8,9,14),(1546,'2022-09-09 17:05:54',127,10,9,8,15),(1547,'2022-09-09 17:05:59',127,10,8,9,15),(1548,'2022-09-09 17:06:11',754,10,8,9,15),(1549,'2022-09-09 17:06:41',779,10,8,9,15),(1550,'2022-09-09 17:06:52',782,10,8,9,15),(1551,'2022-09-09 17:07:01',736,9,8,9,14),(1552,'2022-09-09 17:08:41',524,10,8,9,15),(1553,'2022-09-09 17:09:02',1453,9,9,8,14),(1554,'2022-09-09 17:09:07',525,10,8,9,15),(1555,'2022-09-09 17:09:25',547,9,9,8,14),(1556,'2022-09-09 17:09:39',146,9,9,8,14),(1557,'2022-09-09 17:09:40',779,10,9,8,15),(1558,'2022-09-09 17:09:53',270,10,8,9,15),(1559,'2022-09-09 17:09:59',269,10,8,9,15),(1560,'2022-09-09 17:10:06',118,10,8,9,15),(1561,'2022-09-09 17:11:21',151,9,8,9,14),(1562,'2022-09-09 17:11:35',122,9,8,9,14),(1563,'2022-09-09 17:11:50',593,10,9,8,15),(1564,'2022-09-09 17:11:52',461,9,8,9,14),(1565,'2022-09-09 17:12:13',70,10,8,9,15),(1566,'2022-09-09 17:12:22',357,10,9,8,15),(1567,'2022-09-09 17:12:28',359,10,9,8,15),(1568,'2022-09-09 17:14:54',515,10,8,9,15),(1569,'2022-09-09 17:16:10',248,10,8,9,15),(1570,'2022-09-09 17:16:36',515,10,9,8,15),(1571,'2022-09-09 17:16:42',515,10,8,9,15),(1572,'2022-09-09 17:17:43',514,10,8,9,15),(1573,'2022-09-09 17:17:56',92,9,8,9,14),(1574,'2022-09-09 17:19:13',94,9,8,9,14),(1575,'2022-09-09 17:19:22',1052,9,9,8,14),(1576,'2022-09-09 17:19:53',525,10,9,8,15),(1577,'2022-09-09 17:22:30',1114,9,8,9,10),(1578,'2022-09-09 17:22:59',550,9,9,8,14),(1579,'2022-09-09 17:23:00',159,10,8,9,15),(1580,'2022-09-09 17:23:06',546,9,9,8,14),(1581,'2022-09-09 17:23:14',631,9,9,8,14),(1582,'2022-09-09 17:23:24',159,10,9,8,15),(1583,'2022-09-09 17:24:38',177,9,8,9,14),(1584,'2022-09-09 17:24:39',177,9,8,9,14),(1585,'2022-09-09 17:24:46',724,9,9,8,14),(1586,'2022-09-09 17:27:47',1057,9,8,9,10),(1587,'2022-09-09 17:28:52',660,9,9,8,14),(1588,'2022-09-09 17:29:00',663,9,9,8,14),(1589,'2022-09-09 17:29:38',729,9,9,8,14),(1590,'2022-09-09 17:33:28',637,9,8,9,14),(1591,'2022-09-09 17:33:56',1109,9,8,9,14),(1592,'2022-09-09 17:34:12',546,9,8,9,14),(1593,'2022-09-09 17:34:20',550,9,8,9,14),(1594,'2022-09-09 17:34:39',631,9,8,9,14),(1595,'2022-09-09 17:35:19',1453,9,8,9,14),(1596,'2022-09-09 17:36:29',101,9,8,9,14),(1597,'2022-09-09 17:39:02',132,9,8,9,14),(1598,'2022-09-09 17:39:35',593,10,8,9,15),(1599,'2022-09-09 17:40:20',522,9,8,9,14),(1600,'2022-09-09 17:41:11',74,10,8,9,15),(1601,'2022-09-09 17:42:07',642,9,8,9,14),(1602,'2022-09-09 17:42:32',1119,9,8,9,14),(1603,'2022-09-09 17:42:41',1035,9,8,9,14),(1604,'2022-09-09 17:42:46',1118,9,8,9,14),(1605,'2022-09-09 17:43:08',482,10,8,9,15),(1606,'2022-09-09 17:44:11',93,9,8,9,14),(1607,'2022-09-09 17:45:59',95,9,8,9,14),(1608,'2022-09-09 17:46:04',256,10,8,9,15),(1609,'2022-09-09 17:46:14',566,10,9,8,15),(1610,'2022-09-09 17:47:01',1052,9,8,9,14),(1611,'2022-09-09 17:47:51',302,9,8,9,14),(1612,'2022-09-09 17:48:11',1038,9,9,8,14),(1613,'2022-09-09 17:49:45',279,9,8,9,14),(1614,'2022-09-09 17:50:04',276,9,8,9,14),(1615,'2022-09-09 17:50:24',745,9,8,9,10),(1616,'2022-09-09 17:50:25',109,9,8,9,14),(1617,'2022-09-09 17:50:30',135,9,8,9,14),(1618,'2022-09-09 17:50:35',643,9,8,9,14),(1619,'2022-09-09 17:50:38',407,9,8,9,10),(1620,'2022-09-09 17:50:40',655,9,8,9,14),(1621,'2022-09-09 17:50:44',393,9,8,9,14),(1622,'2022-09-09 17:50:57',374,9,8,9,10),(1623,'2022-09-09 17:50:59',178,9,9,8,14),(1624,'2022-09-09 17:52:07',179,9,8,9,14),(1625,'2022-09-09 17:52:43',409,10,8,9,15),(1626,'2022-09-09 17:52:55',409,10,9,8,15),(1627,'2022-09-09 17:53:18',413,10,9,8,15),(1628,'2022-09-09 17:53:38',553,9,8,9,10),(1629,'2022-09-09 17:54:35',322,9,8,9,10),(1630,'2022-09-09 17:55:04',323,9,8,9,10),(1631,'2022-09-09 17:55:16',302,9,9,8,14),(1632,'2022-09-09 17:55:31',1293,9,8,9,14),(1633,'2022-09-09 17:55:49',834,10,8,9,15),(1634,'2022-09-09 17:55:59',834,10,9,8,15),(1635,'2022-09-09 17:56:53',596,9,9,8,14),(1636,'2022-09-09 17:57:03',614,9,9,8,14),(1637,'2022-09-09 17:57:21',625,9,9,8,14),(1638,'2022-09-09 17:58:06',680,9,8,9,14),(1639,'2022-09-09 17:58:19',663,9,8,9,14),(1640,'2022-09-09 17:58:21',389,10,8,9,15),(1641,'2022-09-09 17:58:25',391,10,8,9,15),(1642,'2022-09-09 17:58:27',660,9,8,9,14),(1643,'2022-09-09 17:58:31',390,10,8,9,15),(1644,'2022-09-09 17:59:07',1064,9,8,9,14),(1645,'2022-09-09 17:59:41',516,10,8,9,15),(1646,'2022-09-09 18:01:05',438,10,8,9,15),(1647,'2022-09-09 18:01:12',178,9,8,9,14),(1648,'2022-09-09 18:01:22',443,10,8,9,15),(1649,'2022-09-09 18:02:28',1079,9,8,9,14),(1650,'2022-09-09 18:02:56',406,9,8,9,14),(1651,'2022-09-09 18:02:57',102,10,8,9,15),(1652,'2022-09-09 18:03:04',120,10,8,9,15),(1653,'2022-09-09 18:03:13',1069,9,8,9,14),(1654,'2022-09-09 18:03:42',647,9,8,9,14),(1655,'2022-09-09 18:04:37',402,10,8,9,15),(1656,'2022-09-09 18:04:42',403,10,8,9,15),(1657,'2022-09-09 18:04:49',400,10,8,9,15),(1658,'2022-09-09 18:04:51',103,9,8,9,14),(1659,'2022-09-09 18:04:57',152,9,8,9,14),(1660,'2022-09-09 18:05:19',553,10,9,8,15),(1661,'2022-09-09 18:06:13',110,10,8,9,15),(1662,'2022-09-09 18:06:37',74,10,9,8,15),(1663,'2022-09-09 18:06:41',1056,9,8,9,14),(1664,'2022-09-09 18:06:44',73,10,8,9,15),(1665,'2022-09-09 18:06:52',82,9,8,9,14),(1666,'2022-09-09 18:07:15',147,9,8,9,14),(1667,'2022-09-09 18:07:59',1123,9,8,9,14),(1668,'2022-09-09 18:08:14',369,9,8,9,14),(1669,'2022-09-09 18:08:22',368,9,8,9,14),(1670,'2022-09-09 18:08:28',629,9,8,9,14),(1671,'2022-09-09 18:08:48',370,9,8,9,14),(1672,'2022-09-09 18:09:03',110,10,9,8,14),(1673,'2022-09-09 18:09:11',169,9,9,8,14),(1674,'2022-09-09 18:09:16',110,10,8,9,14),(1675,'2022-09-09 18:09:23',499,10,9,8,14),(1676,'2022-09-09 18:09:44',149,10,8,9,14),(1677,'2022-09-09 18:09:49',733,9,9,8,14),(1678,'2022-09-09 18:10:23',342,10,8,9,14),(1679,'2022-09-09 18:10:32',606,10,8,9,14),(1680,'2022-09-09 18:11:24',401,10,9,8,14),(1681,'2022-09-09 18:11:48',340,10,8,9,14),(1682,'2022-09-09 18:11:54',628,10,8,9,14),(1683,'2022-09-09 18:12:05',529,10,8,9,14),(1684,'2022-09-09 18:12:09',1050,10,8,9,14),(1685,'2022-09-09 18:12:15',528,10,8,9,14),(1686,'2022-09-09 18:12:34',442,10,8,9,14),(1687,'2022-09-09 18:12:51',316,10,8,9,14),(1688,'2022-09-09 18:12:54',316,10,8,9,14),(1689,'2022-09-09 18:13:14',419,10,8,9,14),(1690,'2022-09-09 18:13:21',99,10,8,9,14),(1691,'2022-09-09 18:13:29',716,10,8,9,14),(1692,'2022-09-09 18:13:32',635,10,8,9,14),(1693,'2022-09-09 18:13:41',396,10,8,9,14),(1694,'2022-09-09 18:13:48',397,10,8,9,14),(1695,'2022-09-09 18:13:56',924,10,8,9,14),(1696,'2022-09-09 18:13:59',429,10,8,9,14),(1697,'2022-09-09 18:14:03',426,10,8,9,14),(1698,'2022-09-09 18:14:33',834,10,8,9,14),(1699,'2022-09-09 18:15:16',1067,10,8,9,14),(1700,'2022-09-09 18:15:44',711,10,8,9,14),(1701,'2022-09-09 18:15:50',1469,10,9,8,14),(1702,'2022-09-09 18:15:55',1116,10,9,8,14),(1703,'2022-09-09 18:16:34',361,10,8,9,14),(1704,'2022-09-09 18:16:39',363,10,8,9,14),(1705,'2022-09-09 18:17:20',717,10,8,9,14),(1706,'2022-09-09 18:19:04',691,10,8,9,14),(1707,'2022-09-09 18:19:06',399,10,8,9,14),(1708,'2022-09-09 18:19:20',668,10,8,9,14),(1709,'2022-09-09 18:19:33',726,10,8,9,14),(1710,'2022-09-09 18:20:22',408,10,8,9,14),(1711,'2022-09-09 18:20:39',1123,10,9,8,14),(1712,'2022-09-09 18:20:49',440,10,8,9,14),(1713,'2022-09-09 18:21:02',437,10,8,9,14),(1714,'2022-09-09 18:21:18',566,10,8,9,14),(1715,'2022-09-09 18:21:23',589,10,8,9,14),(1716,'2022-09-09 18:21:32',527,10,8,9,14),(1717,'2022-09-09 18:21:45',466,10,8,9,14),(1718,'2022-09-09 18:22:07',745,10,9,8,14),(1719,'2022-09-09 18:22:40',734,10,9,8,14),(1720,'2022-09-09 18:22:46',722,10,9,8,14),(1721,'2022-09-09 18:24:31',1068,10,8,9,14),(1722,'2022-09-09 18:25:08',1049,10,8,9,14),(1723,'2022-09-09 18:25:39',717,10,9,8,14),(1724,'2022-09-09 18:26:06',440,10,9,8,14),(1725,'2022-09-09 18:26:34',630,10,8,9,14),(1726,'2022-09-09 18:26:49',408,10,9,8,14),(1727,'2022-09-09 18:27:06',252,10,8,9,14),(1728,'2022-09-09 18:27:15',250,10,8,9,14),(1729,'2022-09-09 18:28:11',388,10,8,9,14),(1730,'2022-09-09 18:28:49',365,10,8,9,14),(1731,'2022-09-09 18:28:56',385,10,8,9,14),(1732,'2022-09-09 18:29:18',513,10,9,8,14),(1733,'2022-09-09 18:29:25',513,10,8,9,14),(1734,'2022-09-09 18:29:39',872,10,8,9,14),(1735,'2022-09-09 18:29:47',764,10,8,9,14),(1736,'2022-09-09 18:30:05',1453,10,9,8,14),(1737,'2022-09-09 18:30:09',589,10,9,8,14),(1738,'2022-09-09 18:30:58',688,10,8,9,14),(1739,'2022-09-09 18:31:07',1298,10,8,9,14),(1740,'2022-09-09 18:31:11',689,10,8,9,14),(1741,'2022-09-09 18:31:11',1294,10,8,9,14),(1742,'2022-09-09 18:31:16',664,10,8,9,14),(1743,'2022-09-09 18:31:20',1301,10,8,9,14),(1744,'2022-09-09 18:31:26',591,10,9,8,14),(1745,'2022-09-09 18:31:30',1295,10,9,8,14),(1746,'2022-09-09 18:31:36',1295,10,8,9,14),(1747,'2022-09-09 18:31:56',742,10,8,9,14),(1748,'2022-09-09 18:32:02',656,10,8,9,14),(1749,'2022-09-09 18:33:31',1033,9,9,8,10),(1750,'2022-09-09 18:33:33',704,10,9,8,14),(1751,'2022-09-09 18:34:21',770,10,8,9,14),(1752,'2022-09-09 18:34:58',443,10,9,8,14),(1753,'2022-09-09 18:35:07',443,10,8,9,14),(1754,'2022-09-09 18:35:14',443,10,9,8,14),(1755,'2022-09-09 18:35:49',156,10,8,9,14),(1756,'2022-09-09 18:35:54',663,10,9,8,14),(1757,'2022-09-09 18:35:57',660,10,9,8,14),(1758,'2022-09-09 18:36:18',1108,10,8,9,14),(1759,'2022-09-09 18:36:31',734,10,8,9,14),(1760,'2022-09-09 18:36:35',722,10,8,9,14),(1761,'2022-09-09 18:37:01',550,10,9,8,14),(1762,'2022-09-09 18:37:10',546,10,9,8,14),(1763,'2022-09-09 18:37:53',1453,10,8,9,14),(1764,'2022-09-09 18:37:58',589,10,8,9,14),(1765,'2022-09-09 18:38:05',529,10,9,8,14),(1766,'2022-09-09 18:38:28',1090,10,9,8,14),(1767,'2022-09-09 18:40:03',444,10,8,9,14),(1768,'2022-09-09 18:40:17',150,10,8,9,14),(1769,'2022-09-09 18:40:23',108,10,8,9,14),(1770,'2022-09-09 18:40:35',734,10,9,8,14),(1771,'2022-09-09 18:40:40',722,10,9,8,14),(1772,'2022-09-09 18:40:54',1090,10,8,9,14),(1773,'2022-09-09 18:41:00',745,10,8,9,14),(1774,'2022-09-09 18:41:13',872,10,9,8,14),(1775,'2022-09-09 18:41:56',269,10,9,8,14),(1776,'2022-09-09 18:42:01',596,10,8,9,14),(1777,'2022-09-09 18:42:05',614,10,8,9,14),(1778,'2022-09-09 18:42:09',625,10,8,9,14),(1779,'2022-09-09 18:42:35',1054,10,8,9,14),(1780,'2022-09-09 18:43:05',408,10,8,9,14),(1781,'2022-09-09 18:43:05',730,10,8,9,14),(1782,'2022-09-09 18:43:14',1027,10,8,9,14),(1783,'2022-09-09 18:43:47',1098,10,8,9,14),(1784,'2022-09-09 18:44:36',1093,10,8,9,14),(1785,'2022-09-09 18:44:51',434,10,8,9,14),(1786,'2022-09-09 18:45:03',759,10,8,9,14),(1787,'2022-09-09 18:45:08',269,10,8,9,14),(1788,'2022-09-09 18:45:38',1095,10,9,8,14),(1789,'2022-09-09 18:45:41',1095,10,8,9,14),(1790,'2022-09-09 18:45:55',759,10,9,8,14),(1791,'2022-09-09 18:45:59',759,10,8,9,14),(1792,'2022-09-09 18:46:12',564,10,8,9,14),(1793,'2022-09-09 18:46:18',1075,10,8,9,14),(1794,'2022-09-09 18:46:25',255,10,8,9,14),(1795,'2022-09-09 18:47:13',1033,9,8,9,10),(1796,'2022-09-09 18:47:14',831,10,8,9,14),(1797,'2022-09-09 18:47:21',724,10,8,9,14),(1798,'2022-09-09 18:47:48',770,10,9,8,14),(1799,'2022-09-09 18:48:21',337,10,8,9,14),(1800,'2022-09-09 18:48:25',673,10,8,9,14),(1801,'2022-09-09 18:48:57',1218,10,8,9,14),(1802,'2022-09-09 18:48:57',464,10,8,9,14),(1803,'2022-09-09 18:49:04',1216,10,8,9,14),(1804,'2022-09-09 18:50:05',1123,10,8,9,14),(1805,'2022-09-09 18:50:13',1469,10,8,9,14),(1806,'2022-09-09 18:50:16',1116,10,8,9,14),(1807,'2022-09-09 18:50:26',333,10,8,9,14),(1808,'2022-09-09 18:50:32',332,10,8,9,14),(1809,'2022-09-09 18:50:38',334,10,8,9,14),(1810,'2022-09-09 18:50:46',479,10,8,9,14),(1811,'2022-09-09 18:51:35',365,10,9,8,14),(1812,'2022-09-09 18:52:02',487,10,8,9,14),(1813,'2022-09-09 18:53:48',1044,9,9,8,14),(1814,'2022-09-09 18:53:59',1044,9,8,9,14),(1815,'2022-09-09 18:54:02',1062,10,8,9,14),(1816,'2022-09-09 18:54:30',759,10,9,8,14),(1817,'2022-09-09 18:55:07',754,10,9,8,14),(1818,'2022-09-09 18:55:29',648,10,8,9,14),(1819,'2022-09-09 18:55:54',540,10,9,8,14),(1820,'2022-09-09 18:55:55',642,10,9,8,14),(1821,'2022-09-09 18:56:01',540,10,8,9,14),(1822,'2022-09-09 18:57:04',80,10,8,9,14),(1823,'2022-09-09 18:57:07',125,10,8,9,14),(1824,'2022-09-09 18:57:13',529,10,8,9,14),(1825,'2022-09-09 18:58:48',759,10,8,9,14),(1826,'2022-09-09 18:59:30',1299,10,8,9,14),(1827,'2022-09-09 19:02:34',122,10,9,8,14),(1828,'2022-09-09 19:02:36',247,10,8,9,14),(1829,'2022-09-09 19:02:45',370,10,9,8,14),(1830,'2022-09-09 19:03:15',89,10,8,9,14),(1831,'2022-09-09 19:03:58',663,10,8,9,14),(1832,'2022-09-09 19:04:03',660,10,8,9,14),(1833,'2022-09-09 19:04:11',79,10,8,9,14),(1834,'2022-09-09 19:04:26',1120,10,8,9,14),(1835,'2022-09-09 19:04:45',573,10,8,9,14),(1836,'2022-09-09 19:04:49',591,10,8,9,14),(1837,'2022-09-09 19:05:05',594,10,8,9,14),(1838,'2022-09-09 19:05:12',477,10,8,9,14),(1839,'2022-09-09 19:07:09',441,10,8,9,15),(1840,'2022-09-09 19:07:18',440,10,8,9,15),(1841,'2022-09-09 19:07:21',486,10,8,9,15),(1842,'2022-09-09 19:08:10',665,10,8,9,14),(1843,'2022-09-09 19:10:43',1112,10,8,9,15),(1844,'2022-09-09 19:10:50',469,10,8,9,15),(1845,'2022-09-09 19:10:54',456,10,8,9,15),(1846,'2022-09-09 19:10:59',328,10,8,9,14),(1847,'2022-09-09 19:11:12',331,10,8,9,15),(1848,'2022-09-09 19:12:02',642,10,8,9,14),(1849,'2022-09-09 19:12:36',122,10,8,9,14),(1850,'2022-09-09 19:13:29',672,10,8,9,14),(1851,'2022-09-09 19:13:34',683,10,8,9,14),(1852,'2022-09-09 19:13:54',550,10,8,9,14),(1853,'2022-09-09 19:14:02',546,10,8,9,14),(1854,'2022-09-09 19:15:51',486,11,9,8,15),(1855,'2022-09-09 19:16:08',423,11,8,9,15),(1856,'2022-09-09 19:16:14',311,11,8,9,15),(1857,'2022-09-09 19:16:19',309,11,8,9,15),(1858,'2022-09-09 19:16:27',309,11,9,8,15),(1859,'2022-09-09 19:16:33',707,11,8,9,15),(1860,'2022-09-09 19:16:40',749,10,9,8,14),(1861,'2022-09-09 19:16:42',365,11,8,9,15),(1862,'2022-09-09 19:16:52',453,11,8,9,15),(1863,'2022-09-09 19:16:59',451,11,8,9,15),(1864,'2022-09-09 19:17:08',1304,11,8,9,15),(1865,'2022-09-09 19:17:13',345,11,8,9,15),(1866,'2022-09-09 19:17:18',347,11,8,9,15),(1867,'2022-09-09 19:17:24',251,11,8,9,15),(1868,'2022-09-09 19:17:35',249,11,8,9,15),(1869,'2022-09-09 19:18:08',278,11,8,9,15),(1870,'2022-09-09 19:18:14',282,11,8,9,15),(1871,'2022-09-09 19:18:29',172,10,8,9,14),(1872,'2022-09-09 19:19:36',617,10,9,8,14),(1873,'2022-09-09 19:19:59',278,11,9,8,15),(1874,'2022-09-09 19:20:05',282,11,9,8,15),(1875,'2022-09-09 19:20:50',763,10,8,9,14),(1876,'2022-09-09 19:21:57',308,11,8,9,15),(1877,'2022-09-09 19:23:42',83,10,8,9,14),(1878,'2022-09-09 19:24:05',157,11,8,9,15),(1879,'2022-09-09 19:24:06',157,11,8,9,15),(1880,'2022-09-09 19:24:07',457,10,8,9,14),(1881,'2022-09-09 19:24:23',749,10,8,9,14),(1882,'2022-09-09 19:25:53',533,11,8,9,15),(1883,'2022-09-09 19:26:20',355,11,8,9,15),(1884,'2022-09-09 19:26:22',460,10,8,9,14),(1885,'2022-09-09 19:26:25',539,11,8,9,15),(1886,'2022-09-09 19:26:27',467,10,8,9,14),(1887,'2022-09-09 19:26:36',714,11,8,9,15),(1888,'2022-09-09 19:26:50',733,10,8,9,14),(1889,'2022-09-09 19:26:53',613,10,8,9,14),(1890,'2022-09-09 19:28:36',327,11,8,9,15),(1891,'2022-09-09 19:28:43',1471,10,9,8,14),(1892,'2022-09-09 19:28:45',171,10,9,8,14),(1893,'2022-09-09 19:28:59',1068,10,9,8,14),(1894,'2022-09-09 19:29:09',1046,10,8,9,14),(1895,'2022-09-09 19:29:34',783,10,9,8,14),(1896,'2022-09-09 19:30:18',633,11,8,9,15),(1897,'2022-09-09 19:30:38',466,9,9,8,14),(1898,'2022-09-09 19:30:53',354,11,8,9,15),(1899,'2022-09-09 19:31:06',753,10,8,9,14),(1900,'2022-09-09 19:31:09',780,10,8,9,14),(1901,'2022-09-09 19:31:18',353,11,8,9,15),(1902,'2022-09-09 19:31:23',340,11,9,8,15),(1903,'2022-09-09 19:31:24',776,10,8,9,14),(1904,'2022-09-09 19:33:04',704,10,8,9,14),(1905,'2022-09-09 19:33:40',550,10,9,8,14),(1906,'2022-09-09 19:33:44',546,10,9,8,14),(1907,'2022-09-09 19:34:05',485,11,8,9,15),(1908,'2022-09-09 19:34:10',484,11,8,9,15),(1909,'2022-09-09 19:34:16',488,11,8,9,15),(1910,'2022-09-09 19:34:20',489,11,8,9,15),(1911,'2022-09-09 19:34:26',486,11,8,9,15),(1912,'2022-09-09 19:34:32',483,11,8,9,15),(1913,'2022-09-09 19:34:37',340,11,8,9,15),(1914,'2022-09-09 19:34:49',611,10,8,9,14),(1915,'2022-09-09 19:35:01',491,11,8,9,15),(1916,'2022-09-09 19:35:12',255,11,9,8,15),(1917,'2022-09-09 19:35:45',564,10,9,8,14),(1918,'2022-09-09 19:36:23',593,11,9,8,15),(1919,'2022-09-09 19:37:15',425,11,8,9,15),(1920,'2022-09-09 19:37:30',354,11,9,8,15),(1921,'2022-09-09 19:37:34',354,11,8,9,15),(1922,'2022-09-09 19:37:41',505,10,8,9,14),(1923,'2022-09-09 19:37:53',502,10,8,9,14),(1924,'2022-09-09 19:38:21',352,11,8,9,15),(1925,'2022-09-09 19:40:21',440,10,9,8,14),(1926,'2022-09-09 19:40:47',405,10,8,9,14),(1927,'2022-09-09 19:41:29',440,10,8,9,14),(1928,'2022-09-09 19:41:33',439,10,8,9,14),(1929,'2022-09-09 19:42:05',1471,10,8,9,14),(1930,'2022-09-09 19:42:09',171,10,8,9,14),(1931,'2022-09-09 19:42:14',88,10,9,8,14),(1932,'2022-09-09 19:42:22',88,10,8,9,14),(1933,'2022-09-09 19:42:34',653,10,8,9,14),(1934,'2022-09-09 19:42:39',650,10,8,9,14),(1935,'2022-09-09 19:42:48',420,10,8,9,14),(1936,'2022-09-09 19:42:52',414,10,8,9,14),(1937,'2022-09-09 19:42:59',150,10,9,8,14),(1938,'2022-09-09 19:43:34',617,10,8,9,14),(1939,'2022-09-09 19:43:38',596,10,9,8,14),(1940,'2022-09-09 19:44:04',450,10,8,9,14),(1941,'2022-09-09 19:45:51',1466,10,8,9,14),(1942,'2022-09-09 19:45:56',1467,10,8,9,14),(1943,'2022-09-09 19:46:02',779,11,8,9,15),(1944,'2022-09-09 19:46:02',466,9,8,9,14),(1945,'2022-09-09 19:46:15',779,11,9,8,15),(1946,'2022-09-09 19:46:36',725,10,8,9,14),(1947,'2022-09-09 19:46:55',365,11,9,8,15),(1948,'2022-09-09 19:47:02',548,10,8,9,14),(1949,'2022-09-09 19:47:02',706,11,8,9,15),(1950,'2022-09-09 19:47:31',432,10,9,8,14),(1951,'2022-09-09 19:47:32',330,11,8,9,15),(1952,'2022-09-09 19:47:58',450,10,9,8,14),(1953,'2022-09-09 19:48:57',156,10,9,8,14),(1954,'2022-09-09 19:49:38',365,11,8,9,15),(1955,'2022-09-09 19:49:42',314,11,8,9,15),(1956,'2022-09-09 19:49:58',518,10,8,9,14),(1957,'2022-09-09 19:50:31',470,11,8,9,15),(1958,'2022-09-09 19:50:55',142,11,8,9,15),(1959,'2022-09-09 19:51:34',548,10,9,8,14),(1960,'2022-09-09 19:51:39',1072,10,8,9,14),(1961,'2022-09-09 19:51:44',160,10,9,8,14),(1962,'2022-09-09 19:51:55',160,10,8,9,14),(1963,'2022-09-09 19:51:59',1043,10,8,9,14),(1964,'2022-09-09 19:52:22',1300,11,8,9,15),(1965,'2022-09-09 19:52:34',435,10,8,9,14),(1966,'2022-09-09 19:52:39',431,10,8,9,14),(1967,'2022-09-09 19:52:49',777,10,8,9,14),(1968,'2022-09-09 19:53:02',387,11,8,9,15),(1969,'2022-09-09 19:53:27',452,11,8,9,15),(1970,'2022-09-09 19:53:36',448,11,8,9,15),(1971,'2022-09-09 19:54:07',638,10,8,9,14),(1972,'2022-09-09 19:54:11',554,10,8,9,14),(1973,'2022-09-09 19:54:16',652,10,8,9,14),(1974,'2022-09-09 19:54:19',652,10,8,9,14),(1975,'2022-09-09 19:54:25',450,10,8,9,14),(1976,'2022-09-09 19:54:25',450,10,8,9,14),(1977,'2022-09-09 19:54:30',450,10,8,9,14),(1978,'2022-09-09 19:54:37',302,10,8,9,14),(1979,'2022-09-09 19:55:44',314,11,9,8,15),(1980,'2022-09-09 19:56:15',593,11,8,9,15),(1981,'2022-09-09 19:56:21',1329,10,9,8,14),(1982,'2022-09-09 19:56:48',106,10,8,9,14),(1983,'2022-09-09 19:57:45',123,10,8,9,14),(1984,'2022-09-09 19:57:56',144,10,8,9,14),(1985,'2022-09-09 19:57:58',568,10,8,9,14),(1986,'2022-09-09 19:58:04',549,10,8,9,14),(1987,'2022-09-09 19:58:22',608,10,8,9,14),(1988,'2022-09-09 19:58:27',150,10,8,9,14),(1989,'2022-09-09 19:58:40',71,10,8,9,14),(1990,'2022-09-09 19:59:44',1039,10,8,9,14),(1991,'2022-09-09 20:00:03',729,10,8,9,14),(1992,'2022-09-09 20:00:20',519,10,8,9,14),(1993,'2022-09-09 20:00:32',623,10,8,9,14),(1994,'2022-09-09 20:01:16',734,10,8,9,14),(1995,'2022-09-09 20:01:19',722,10,8,9,14),(1996,'2022-09-09 20:01:27',343,10,8,9,14),(1997,'2022-09-09 20:02:35',107,10,8,9,14),(1998,'2022-09-09 20:02:53',1117,10,8,9,14),(1999,'2022-09-09 20:03:14',455,10,8,9,14),(2000,'2022-09-09 20:04:05',765,10,8,9,14),(2001,'2022-09-09 20:05:48',308,10,9,8,14),(2002,'2022-09-09 20:05:54',714,10,9,8,14),(2003,'2022-09-09 20:05:57',582,10,8,9,14),(2004,'2022-09-09 20:06:23',1281,9,8,9,14),(2005,'2022-09-09 20:06:25',1083,10,8,9,14),(2006,'2022-09-09 20:06:30',112,10,8,9,14),(2007,'2022-09-09 20:07:29',112,10,9,8,14),(2008,'2022-09-09 20:08:11',718,10,8,9,14),(2009,'2022-09-09 20:08:38',464,10,9,8,14),(2010,'2022-09-09 20:09:50',313,10,9,8,14),(2011,'2022-09-09 20:09:55',313,10,8,9,14),(2012,'2022-09-09 20:10:13',459,10,8,9,14),(2013,'2022-09-09 20:10:17',308,10,8,9,14),(2014,'2022-09-09 20:10:58',457,10,9,8,14),(2015,'2022-09-09 20:11:07',753,10,9,8,14),(2016,'2022-09-09 20:11:10',780,10,9,8,14),(2017,'2022-09-09 20:11:18',1120,10,9,8,14),(2018,'2022-09-09 20:11:54',420,10,9,8,14),(2019,'2022-09-09 20:12:46',313,10,9,8,14),(2020,'2022-09-09 20:13:13',777,10,9,8,14),(2021,'2022-09-09 20:13:20',310,10,8,9,14),(2022,'2022-09-09 20:13:33',302,10,9,8,14),(2023,'2022-09-09 20:13:40',342,10,9,8,14),(2024,'2022-09-09 20:14:02',462,10,8,9,14),(2025,'2022-09-09 20:14:15',464,10,8,9,14),(2026,'2022-09-09 20:14:15',464,10,8,9,14),(2027,'2022-09-09 20:14:17',759,10,9,8,14),(2028,'2022-09-09 20:14:20',752,10,8,9,14),(2029,'2022-09-09 20:14:21',764,10,9,8,14),(2030,'2022-09-09 20:14:31',783,10,8,9,14),(2031,'2022-09-09 20:14:34',435,10,9,8,14),(2032,'2022-09-09 20:14:36',753,10,8,9,14),(2033,'2022-09-09 20:14:39',431,10,9,8,14),(2034,'2022-09-09 20:14:44',780,10,8,9,14),(2035,'2022-09-09 20:14:51',457,10,8,9,14),(2036,'2022-09-09 20:14:59',302,10,8,9,14),(2037,'2022-09-09 20:14:59',100,9,9,8,14),(2038,'2022-09-09 20:15:02',461,10,9,8,14),(2039,'2022-09-09 20:15:07',469,10,9,8,14),(2040,'2022-09-09 20:15:16',420,10,8,9,14),(2041,'2022-09-09 20:15:46',469,10,8,9,14),(2042,'2022-09-09 20:16:04',1120,10,8,9,14),(2043,'2022-09-09 20:16:10',380,10,8,9,14),(2044,'2022-09-09 20:17:22',472,10,8,9,14),(2045,'2022-09-09 20:17:28',465,10,8,9,14),(2046,'2022-09-09 20:18:06',361,10,9,8,14),(2047,'2022-09-09 20:19:16',329,10,8,9,14),(2048,'2022-09-09 20:19:27',430,10,8,9,15),(2049,'2022-09-09 20:19:35',431,10,8,9,15),(2050,'2022-09-09 20:19:39',435,10,8,9,14),(2051,'2022-09-09 20:19:49',313,10,8,9,15),(2052,'2022-09-09 20:20:00',346,10,8,9,14),(2053,'2022-09-09 20:21:27',546,10,8,9,14),(2054,'2022-09-09 20:22:27',550,10,8,9,14),(2055,'2022-09-09 20:23:22',424,10,8,9,15),(2056,'2022-09-09 20:23:33',1105,10,8,9,14),(2057,'2022-09-09 20:24:22',735,10,8,9,15),(2058,'2022-09-09 20:25:22',296,10,9,8,15),(2059,'2022-09-09 20:25:55',361,10,8,9,14),(2060,'2022-09-09 20:26:45',165,10,9,8,14),(2061,'2022-09-09 20:27:29',1080,10,8,9,14),(2062,'2022-09-09 20:28:08',591,10,9,8,15),(2063,'2022-09-09 20:28:52',296,10,8,9,15),(2064,'2022-09-09 20:29:18',1083,10,9,8,14),(2065,'2022-09-09 20:29:55',602,10,8,9,14),(2066,'2022-09-09 20:30:03',602,10,9,8,14),(2067,'2022-09-09 20:30:26',121,10,8,9,14),(2068,'2022-09-09 20:30:59',1080,10,9,8,15),(2069,'2022-09-09 20:31:46',1080,10,8,9,15),(2070,'2022-09-09 20:34:04',722,10,9,8,14),(2071,'2022-09-09 20:34:10',734,10,9,8,14),(2072,'2022-09-09 20:34:23',1272,10,8,9,14),(2073,'2022-09-09 20:34:29',168,10,8,9,14),(2074,'2022-09-09 20:34:30',1275,10,8,9,14),(2075,'2022-09-09 20:34:34',1284,9,8,9,14),(2076,'2022-09-09 20:34:35',1273,10,8,9,14),(2077,'2022-09-09 20:34:38',370,10,8,9,14),(2078,'2022-09-09 20:34:38',1290,10,8,9,14),(2079,'2022-09-09 20:34:43',1287,10,8,9,14),(2080,'2022-09-09 20:34:46',371,10,8,9,14),(2081,'2022-09-09 20:34:46',1286,9,8,9,14),(2082,'2022-09-09 20:34:57',719,10,8,9,14),(2083,'2022-09-09 20:35:00',1285,10,8,9,14),(2084,'2022-09-09 20:35:01',591,10,8,9,15),(2085,'2022-09-09 20:35:10',342,10,8,9,15),(2086,'2022-09-09 20:35:27',569,10,8,9,15),(2087,'2022-09-09 20:35:38',719,10,9,8,14),(2088,'2022-09-09 20:36:11',562,10,8,9,14),(2089,'2022-09-09 20:36:19',124,10,8,9,14),(2090,'2022-09-09 20:37:21',782,10,9,8,15),(2091,'2022-09-09 20:38:15',414,10,9,8,14),(2092,'2022-09-09 20:38:57',414,10,8,9,14),(2093,'2022-09-09 20:39:06',417,10,8,9,14),(2094,'2022-09-09 20:39:10',469,10,9,8,15),(2095,'2022-09-09 20:39:33',589,10,9,8,14),(2096,'2022-09-09 20:39:41',1453,10,9,8,14),(2097,'2022-09-09 20:39:49',469,10,8,9,15),(2098,'2022-09-09 20:39:56',461,10,8,9,15),(2099,'2022-09-09 20:40:22',457,10,9,8,14),(2100,'2022-09-09 20:40:32',396,10,9,8,14),(2101,'2022-09-09 20:40:33',408,9,9,8,14),(2102,'2022-09-09 20:41:05',396,10,8,9,14),(2103,'2022-09-09 20:41:11',457,10,8,9,14),(2104,'2022-09-09 20:41:27',510,10,8,9,14),(2105,'2022-09-09 20:41:33',1223,10,8,9,15),(2106,'2022-09-09 20:41:39',1222,10,8,9,15),(2107,'2022-09-09 20:42:04',621,10,8,9,15),(2108,'2022-09-09 20:42:09',384,10,8,9,15),(2109,'2022-09-09 20:42:45',1299,10,9,8,14),(2110,'2022-09-09 20:42:49',1299,10,8,9,14),(2111,'2022-09-09 20:42:59',722,10,8,9,14),(2112,'2022-09-09 20:43:14',734,10,8,9,14),(2113,'2022-09-09 20:43:57',635,10,9,8,14),(2114,'2022-09-09 20:45:33',562,10,9,8,14),(2115,'2022-09-09 20:47:10',589,10,8,9,14),(2116,'2022-09-09 20:47:19',1453,10,8,9,14),(2117,'2022-09-09 20:47:53',1302,10,8,9,14),(2118,'2022-09-09 20:47:59',1336,10,8,9,14),(2119,'2022-09-09 20:48:24',1299,10,9,8,14),(2120,'2022-09-09 20:49:13',336,10,8,9,14),(2121,'2022-09-09 20:49:18',366,10,8,9,15),(2122,'2022-09-09 20:49:27',364,10,8,9,15),(2123,'2022-09-09 20:49:54',336,10,9,8,14),(2124,'2022-09-09 20:50:50',458,10,8,9,15),(2125,'2022-09-09 20:51:15',77,10,8,9,15),(2126,'2022-09-09 20:51:35',1299,10,8,9,15),(2127,'2022-09-09 20:51:44',1299,10,9,8,15),(2128,'2022-09-09 20:51:59',1060,10,8,9,14),(2129,'2022-09-09 20:52:46',663,10,9,8,14),(2130,'2022-09-09 20:52:56',660,10,9,8,14),(2131,'2022-09-09 20:53:27',1299,10,8,9,15),(2132,'2022-09-09 20:54:37',381,10,8,9,15),(2133,'2022-09-09 20:55:03',169,10,8,9,14),(2134,'2022-09-09 20:55:12',523,10,9,8,14),(2135,'2022-09-09 20:55:24',1100,10,8,9,15),(2136,'2022-09-09 20:55:24',523,10,8,9,14),(2137,'2022-09-09 20:55:44',537,10,8,9,14),(2138,'2022-09-09 20:58:05',486,10,9,8,15),(2139,'2022-09-09 20:58:10',483,10,9,8,15),(2140,'2022-09-09 20:58:19',834,10,9,8,14),(2141,'2022-09-09 20:59:08',486,10,8,9,15),(2142,'2022-09-09 20:59:10',480,10,8,9,15),(2143,'2022-09-09 20:59:14',483,10,8,9,15),(2144,'2022-09-09 20:59:24',126,10,8,9,14),(2145,'2022-09-09 20:59:36',84,10,8,9,14),(2146,'2022-09-09 20:59:53',437,10,9,8,15),(2147,'2022-09-09 21:01:04',746,10,8,9,15),(2148,'2022-09-09 21:02:08',834,10,8,9,14),(2149,'2022-09-09 21:02:29',1073,10,8,9,14),(2150,'2022-09-09 21:02:45',447,10,8,9,15),(2151,'2022-09-09 21:05:44',1458,9,8,9,14),(2152,'2022-09-09 21:05:49',151,10,9,8,14),(2153,'2022-09-09 21:06:09',70,10,9,8,15),(2154,'2022-09-09 21:06:12',70,10,9,8,15),(2155,'2022-09-09 21:06:39',383,10,8,9,15),(2156,'2022-09-09 21:06:45',1028,10,9,8,15),(2157,'2022-09-09 21:07:38',161,10,8,9,15),(2158,'2022-09-09 21:08:20',1451,10,8,9,15),(2159,'2022-09-09 21:09:20',413,10,8,9,15),(2160,'2022-09-09 21:09:29',437,10,8,9,15),(2161,'2022-09-09 21:11:25',1028,10,8,9,15),(2162,'2022-09-09 21:11:31',341,10,8,9,15),(2163,'2022-09-09 21:11:52',1458,9,9,8,14),(2164,'2022-09-09 21:12:29',702,10,8,9,15),(2165,'2022-09-09 21:13:18',517,10,8,9,15),(2166,'2022-09-09 21:13:40',165,10,8,9,15),(2167,'2022-09-09 21:14:59',70,10,8,9,15),(2168,'2022-09-09 21:15:29',444,10,9,8,15),(2169,'2022-09-09 21:15:31',760,10,8,9,15),(2170,'2022-09-09 21:15:39',778,10,8,9,15),(2171,'2022-09-09 21:15:46',445,10,8,9,15),(2172,'2022-09-09 21:15:53',446,10,8,9,15),(2173,'2022-09-09 21:17:22',369,10,9,8,15),(2174,'2022-09-09 21:17:27',444,10,8,9,15),(2175,'2022-09-09 21:17:28',368,10,9,8,15),(2176,'2022-09-09 21:17:45',1451,10,9,8,15),(2177,'2022-09-09 21:18:51',431,10,9,8,15),(2178,'2022-09-09 21:19:15',1220,10,8,9,15),(2179,'2022-09-09 21:19:47',368,10,8,9,15),(2180,'2022-09-09 21:19:57',369,10,8,9,15),(2181,'2022-09-09 21:20:11',739,10,9,8,15),(2182,'2022-09-09 21:20:39',1222,10,9,8,15),(2183,'2022-09-09 21:21:07',1464,10,8,9,15),(2184,'2022-09-09 21:23:24',118,10,9,8,15),(2185,'2022-09-09 21:23:30',1114,10,9,8,15),(2186,'2022-09-09 21:23:37',1222,10,8,9,15),(2187,'2022-09-09 21:24:09',1333,10,8,9,15),(2188,'2022-09-09 21:24:18',526,10,9,8,15),(2189,'2022-09-09 21:26:56',870,10,8,9,15),(2190,'2022-09-09 21:27:09',526,10,8,9,15),(2191,'2022-09-09 21:27:17',123,10,9,8,15),(2192,'2022-09-09 21:28:27',1060,10,9,8,15),(2193,'2022-09-09 21:28:57',585,10,8,9,15),(2194,'2022-09-09 21:29:53',526,10,9,8,15),(2195,'2022-09-09 21:31:32',526,10,8,9,15),(2196,'2022-09-09 21:31:39',509,9,8,9,14),(2197,'2022-09-09 21:33:49',1292,9,8,9,14),(2198,'2022-09-09 21:34:34',488,10,9,8,15),(2199,'2022-09-09 21:35:43',316,9,9,8,14),(2200,'2022-09-09 21:35:47',1060,10,8,9,15),(2201,'2022-09-09 21:35:56',1114,10,8,9,15),(2202,'2022-09-09 21:36:01',118,10,8,9,15),(2203,'2022-09-09 21:36:29',1343,10,8,9,15),(2204,'2022-09-09 21:36:38',255,10,8,9,15),(2205,'2022-09-09 21:36:48',254,10,8,9,15),(2206,'2022-09-09 21:37:25',242,9,8,9,14),(2207,'2022-09-09 21:38:09',225,9,8,9,14),(2208,'2022-09-09 21:38:14',224,9,8,9,14),(2209,'2022-09-09 21:38:24',217,10,8,9,15),(2210,'2022-09-09 21:38:30',229,10,8,9,15),(2211,'2022-09-09 21:38:43',244,10,8,9,15),(2212,'2022-09-09 21:39:10',102,10,9,8,15),(2213,'2022-09-09 21:39:16',120,10,9,8,15),(2214,'2022-09-09 21:39:31',754,10,8,9,15),(2215,'2022-09-09 21:39:36',781,10,8,9,15),(2216,'2022-09-09 21:39:49',151,9,8,9,14),(2217,'2022-09-09 21:40:42',703,10,8,9,15),(2218,'2022-09-09 21:41:29',591,10,9,8,15),(2219,'2022-09-09 21:41:48',675,9,8,9,14),(2220,'2022-09-09 21:42:02',676,9,9,8,14),(2221,'2022-09-09 21:43:43',591,10,8,9,15),(2222,'2022-09-09 21:43:49',553,10,8,9,15),(2223,'2022-09-09 21:44:24',600,10,8,9,15),(2224,'2022-09-09 21:44:40',405,9,9,8,14),(2225,'2022-09-09 21:44:48',607,9,9,8,14),(2226,'2022-09-09 21:44:52',607,9,8,9,14),(2227,'2022-09-09 21:45:47',607,9,9,8,14),(2228,'2022-09-09 21:45:48',488,10,8,9,15),(2229,'2022-09-09 21:45:57',662,9,8,9,14),(2230,'2022-09-09 21:45:59',481,10,8,9,15),(2231,'2022-09-09 21:46:51',431,10,8,9,15),(2232,'2022-09-09 21:48:04',361,9,9,8,14),(2233,'2022-09-09 21:49:05',591,9,9,8,14),(2234,'2022-09-09 21:49:28',721,9,8,9,14),(2235,'2022-09-09 21:49:42',1110,9,8,9,14),(2236,'2022-09-09 21:49:44',1066,9,8,9,10),(2237,'2022-09-09 21:49:49',1110,9,9,8,14),(2238,'2022-09-09 21:49:53',1110,9,8,9,14),(2239,'2022-09-09 21:50:07',312,10,8,9,15),(2240,'2022-09-09 21:50:18',314,10,8,9,15),(2241,'2022-09-09 21:50:48',1280,9,8,9,14),(2242,'2022-09-09 21:51:08',147,9,9,8,14),(2243,'2022-09-09 21:53:24',546,9,9,8,14),(2244,'2022-09-09 21:53:33',550,10,9,8,15),(2245,'2022-09-09 21:53:38',1222,10,9,8,15),(2246,'2022-09-09 21:53:43',1223,10,9,8,15),(2247,'2022-09-09 21:54:01',324,10,8,9,15),(2248,'2022-09-09 21:54:07',326,10,8,9,15),(2249,'2022-09-09 21:54:57',693,9,8,9,14),(2250,'2022-09-09 21:55:44',693,9,9,8,14),(2251,'2022-09-09 21:55:50',693,9,8,9,14),(2252,'2022-09-09 21:56:25',591,9,8,9,14),(2253,'2022-09-09 21:56:36',689,9,9,8,14),(2254,'2022-09-09 21:56:55',689,9,8,9,14),(2255,'2022-09-09 21:57:15',1110,9,9,8,14),(2256,'2022-09-09 21:57:29',337,9,9,8,14),(2257,'2022-09-09 21:57:37',361,9,8,9,14),(2258,'2022-09-09 21:57:46',92,9,9,8,14),(2259,'2022-09-09 21:58:28',316,9,8,9,14),(2260,'2022-09-09 21:59:50',1328,9,8,9,14),(2261,'2022-09-09 22:00:56',337,9,8,9,14),(2262,'2022-09-09 22:01:02',338,9,8,9,14),(2263,'2022-09-09 22:01:05',1468,10,8,9,15),(2264,'2022-09-09 22:01:28',1325,10,8,9,15),(2265,'2022-09-09 22:03:13',341,10,9,8,15),(2266,'2022-09-09 22:03:40',111,9,9,8,14),(2267,'2022-09-09 22:04:47',593,10,9,8,15),(2268,'2022-09-09 22:06:40',702,10,9,8,15),(2269,'2022-09-09 22:07:57',96,10,8,9,15),(2270,'2022-09-09 22:08:12',761,9,8,9,14),(2271,'2022-09-09 22:09:55',1463,9,8,9,14),(2272,'2022-09-09 22:10:12',301,9,8,9,14),(2273,'2022-09-09 22:11:31',702,10,8,9,15),(2274,'2022-09-09 22:11:41',1110,10,8,9,15),(2275,'2022-09-09 22:11:46',591,10,9,8,15),(2276,'2022-09-09 22:11:56',429,10,9,8,15),(2277,'2022-09-09 22:14:26',698,10,8,9,15),(2278,'2022-09-09 22:14:34',1292,9,9,8,14),(2279,'2022-09-09 22:15:44',596,9,8,9,14),(2280,'2022-09-09 22:15:51',617,9,9,8,14),(2281,'2022-09-09 22:15:56',617,9,8,9,14),(2282,'2022-09-09 22:16:32',618,9,8,9,14),(2283,'2022-09-09 22:16:40',618,9,9,8,14),(2284,'2022-09-09 22:16:44',618,9,8,9,14),(2285,'2022-09-09 22:17:22',550,9,8,9,14),(2286,'2022-09-09 22:17:30',546,9,8,9,14),(2287,'2022-09-09 22:17:51',1292,9,8,9,14),(2288,'2022-09-09 22:17:58',242,9,9,8,14),(2289,'2022-09-09 22:18:39',1114,9,9,8,14),(2290,'2022-09-09 22:18:47',118,9,9,8,14),(2291,'2022-09-09 22:18:57',753,9,9,8,14),(2292,'2022-09-09 22:18:58',1028,10,9,8,15),(2293,'2022-09-09 22:19:23',449,10,8,9,15),(2294,'2022-09-09 22:20:56',1028,10,8,9,15),(2295,'2022-09-09 22:22:27',591,10,8,9,15),(2296,'2022-09-09 22:23:09',320,10,8,9,15),(2297,'2022-09-09 22:23:20',321,10,8,9,15),(2298,'2022-09-09 22:23:21',1329,9,8,9,14),(2299,'2022-09-09 22:23:51',627,10,8,9,15),(2300,'2022-09-09 22:24:22',593,10,8,9,15),(2301,'2022-09-09 22:24:26',764,9,8,9,14),(2302,'2022-09-09 22:24:28',584,10,8,9,15),(2303,'2022-09-09 22:24:33',777,9,8,9,14),(2304,'2022-09-09 22:24:35',587,10,8,9,15),(2305,'2022-09-09 22:24:38',728,9,8,9,14),(2306,'2022-09-09 22:24:40',588,10,8,9,15),(2307,'2022-09-09 22:24:45',473,10,8,9,15),(2308,'2022-09-09 22:26:17',1108,9,9,8,14),(2309,'2022-09-09 22:27:19',1124,9,8,9,14),(2310,'2022-09-09 22:27:23',468,10,8,9,6),(2311,'2022-09-09 22:27:53',366,10,9,8,6),(2312,'2022-09-09 22:27:59',364,10,9,8,6),(2313,'2022-09-09 22:28:07',249,10,9,8,6),(2314,'2022-09-09 22:28:14',251,10,9,8,6),(2315,'2022-09-09 22:28:45',164,9,8,9,14),(2316,'2022-09-09 22:28:54',1288,9,8,9,14),(2317,'2022-09-09 22:29:01',138,9,8,9,14),(2318,'2022-09-09 22:29:52',671,10,8,9,6),(2319,'2022-09-09 22:30:10',1114,9,8,9,14),(2320,'2022-09-09 22:30:16',118,9,8,9,14),(2321,'2022-09-09 22:30:20',484,10,9,8,6),(2322,'2022-09-09 22:30:23',753,9,8,9,14),(2323,'2022-09-09 22:30:24',485,10,9,8,6),(2324,'2022-09-09 22:30:42',249,10,8,9,15),(2325,'2022-09-09 22:31:47',441,10,9,8,15),(2326,'2022-09-09 22:34:11',228,10,8,9,15),(2327,'2022-09-09 22:34:17',222,10,8,9,15),(2328,'2022-09-09 22:34:39',1283,9,8,9,14),(2329,'2022-09-09 22:34:46',1278,9,8,9,14),(2330,'2022-09-09 22:34:51',1282,9,8,9,14),(2331,'2022-09-09 22:35:05',1079,9,9,8,14),(2332,'2022-09-09 22:35:13',564,9,8,9,14),(2333,'2022-09-09 22:36:18',63,9,8,9,14),(2334,'2022-09-09 22:36:41',543,10,8,9,15),(2335,'2022-09-09 22:36:49',545,10,8,9,15),(2336,'2022-09-09 22:37:28',507,9,8,9,14),(2337,'2022-09-09 22:37:36',739,9,8,9,14),(2338,'2022-09-09 22:37:39',102,10,8,9,15),(2339,'2022-09-09 22:37:52',246,9,8,9,14),(2340,'2022-09-09 22:38:00',120,10,8,9,15),(2341,'2022-09-09 22:38:00',723,9,8,9,14),(2342,'2022-09-09 22:38:07',731,9,8,9,14),(2343,'2022-09-09 22:38:17',860,10,8,9,15),(2344,'2022-09-09 22:38:38',774,9,8,9,14),(2345,'2022-09-09 22:38:48',773,9,8,9,14),(2346,'2022-09-09 22:39:05',775,9,8,9,14),(2347,'2022-09-09 22:39:17',758,9,8,9,14),(2348,'2022-09-09 22:39:26',759,9,8,9,14),(2349,'2022-09-09 22:39:42',757,9,8,9,14),(2350,'2022-09-09 22:40:55',444,10,9,8,15),(2351,'2022-09-09 22:41:06',421,10,8,9,15),(2352,'2022-09-09 22:41:25',771,9,8,9,14),(2353,'2022-09-09 22:41:32',381,10,9,8,15),(2354,'2022-09-09 22:41:34',766,9,8,9,14),(2355,'2022-09-09 22:43:36',870,10,9,8,15),(2356,'2022-09-09 22:44:07',1274,10,8,9,15),(2357,'2022-09-09 22:44:19',638,9,9,8,14),(2358,'2022-09-09 22:44:44',1108,9,8,9,14),(2359,'2022-09-09 22:45:08',1279,9,8,9,14),(2360,'2022-09-09 22:46:19',1326,9,9,8,14),(2361,'2022-09-09 22:46:26',441,10,8,9,15),(2362,'2022-09-09 22:46:47',485,10,8,9,15),(2363,'2022-09-09 22:46:53',484,10,8,9,15),(2364,'2022-09-09 22:47:12',638,9,8,9,14),(2365,'2022-09-09 22:47:39',1276,9,8,9,14),(2366,'2022-09-09 22:48:13',467,9,9,8,14),(2367,'2022-09-09 22:50:10',274,10,8,9,15),(2368,'2022-09-09 22:52:29',463,10,8,9,15),(2369,'2022-09-09 22:52:30',92,9,8,9,14),(2370,'2022-09-09 22:52:43',332,10,9,8,15),(2371,'2022-09-09 22:52:56',333,10,9,8,15),(2372,'2022-09-09 22:53:01',1468,10,9,8,15),(2373,'2022-09-09 22:53:10',1325,10,9,8,15),(2374,'2022-09-09 22:53:56',332,10,8,9,15),(2375,'2022-09-09 22:55:24',712,10,8,9,15),(2376,'2022-09-09 22:56:45',249,10,9,8,15),(2377,'2022-09-09 22:58:24',527,10,9,8,15),(2378,'2022-09-09 23:00:00',1124,10,9,8,15),(2379,'2022-09-09 23:00:06',1124,10,8,9,15),(2380,'2022-09-09 23:00:21',1292,10,9,8,15),(2381,'2022-09-09 23:00:55',870,10,8,9,15),(2382,'2022-09-09 23:01:25',1453,9,9,8,14),(2383,'2022-09-09 23:02:56',486,10,9,8,15),(2384,'2022-09-09 23:03:19',1292,10,8,9,15),(2385,'2022-09-09 23:04:22',527,10,8,9,15),(2386,'2022-09-09 23:04:34',769,9,8,9,14),(2387,'2022-09-09 23:04:45',673,9,9,8,14),(2388,'2022-09-09 23:06:15',633,10,9,8,15),(2389,'2022-09-09 23:07:16',673,9,8,9,14),(2390,'2022-09-09 23:10:29',486,10,8,9,15),(2391,'2022-09-09 23:10:57',374,10,9,8,15),(2392,'2022-09-09 23:11:16',446,10,9,8,15),(2393,'2022-09-09 23:11:56',334,10,9,8,15),(2394,'2022-09-09 23:12:04',332,10,9,8,15),(2395,'2022-09-09 23:14:19',454,10,8,9,15),(2396,'2022-09-09 23:14:36',547,9,8,9,14),(2397,'2022-09-09 23:14:46',1453,9,8,9,14),(2398,'2022-09-09 23:15:46',310,10,9,8,15),(2399,'2022-09-09 23:16:00',444,10,8,9,15),(2400,'2022-09-09 23:16:02',91,9,8,9,14),(2401,'2022-09-09 23:16:02',444,10,8,9,15),(2402,'2022-09-09 23:16:06',91,9,8,9,14),(2403,'2022-09-09 23:16:10',91,9,8,9,14),(2404,'2022-09-09 23:16:13',91,9,8,9,14),(2405,'2022-09-09 23:16:14',91,9,8,9,14),(2406,'2022-09-09 23:16:15',91,9,8,9,14),(2407,'2022-09-09 23:16:15',91,9,8,9,14),(2408,'2022-09-09 23:16:16',91,9,8,9,14),(2409,'2022-09-09 23:16:16',91,9,8,9,14),(2410,'2022-09-09 23:16:45',72,9,8,9,14),(2411,'2022-09-09 23:16:56',1086,9,8,9,14),(2412,'2022-09-09 23:17:10',1086,9,9,8,14),(2413,'2022-09-09 23:17:10',1086,9,9,8,14),(2414,'2022-09-09 23:18:11',712,10,9,8,15),(2415,'2022-09-09 23:18:46',467,9,8,9,14),(2416,'2022-09-09 23:18:52',311,10,9,8,15),(2417,'2022-09-09 23:20:04',133,9,8,9,14),(2418,'2022-09-09 23:20:13',133,9,8,9,14),(2419,'2022-09-09 23:20:24',133,9,8,9,14),(2420,'2022-09-09 23:20:25',133,9,8,9,14),(2421,'2022-09-09 23:20:27',133,9,8,9,14),(2422,'2022-09-09 23:20:29',133,9,8,9,14),(2423,'2022-09-09 23:20:29',133,9,8,9,14),(2424,'2022-09-09 23:21:23',310,10,8,9,15),(2425,'2022-09-09 23:24:15',543,10,9,8,15),(2426,'2022-09-09 23:24:57',543,10,8,9,15),(2427,'2022-09-09 23:25:13',550,9,9,8,14),(2428,'2022-09-09 23:25:24',546,9,9,8,14),(2429,'2022-09-09 23:25:36',542,10,8,9,15),(2430,'2022-09-09 23:25:42',544,10,8,9,15),(2431,'2022-09-09 23:27:16',1025,9,8,9,14),(2432,'2022-09-09 23:27:30',712,10,8,9,15),(2433,'2022-09-09 23:28:02',78,9,8,9,14),(2434,'2022-09-09 23:28:05',78,9,8,9,14),(2435,'2022-09-09 23:28:15',78,9,8,9,14),(2436,'2022-09-09 23:28:15',78,9,8,9,14),(2437,'2022-09-09 23:29:43',490,10,8,9,15),(2438,'2022-09-09 23:30:11',746,10,9,8,15),(2439,'2022-09-09 23:30:27',1220,9,9,8,14),(2440,'2022-09-09 23:30:38',472,9,9,8,14),(2441,'2022-09-09 23:31:32',513,9,9,8,14),(2442,'2022-09-09 23:32:14',485,10,9,8,15),(2443,'2022-09-09 23:32:21',484,10,9,8,15),(2444,'2022-09-09 23:33:14',472,9,8,9,14),(2445,'2022-09-09 23:34:54',872,9,8,9,14),(2446,'2022-09-09 23:35:04',873,9,8,9,14),(2447,'2022-09-09 23:35:45',140,9,8,9,14),(2448,'2022-09-09 23:35:58',872,9,8,9,14),(2449,'2022-09-09 23:37:21',314,10,9,8,15),(2450,'2022-09-09 23:37:26',312,10,9,8,15),(2451,'2022-09-09 23:38:39',484,10,8,9,15),(2452,'2022-09-09 23:38:47',485,10,8,9,15),(2453,'2022-09-09 23:38:53',308,10,9,8,15),(2454,'2022-09-09 23:38:59',310,10,9,8,15),(2455,'2022-09-09 23:41:05',1066,10,9,8,15),(2456,'2022-09-09 23:41:16',1332,10,8,9,15),(2457,'2022-09-09 23:41:31',765,10,9,8,15),(2458,'2022-09-09 23:41:56',1120,10,9,8,15),(2459,'2022-09-09 23:42:39',141,10,9,8,14),(2460,'2022-09-09 23:43:10',770,10,8,9,15),(2461,'2022-09-09 23:43:17',717,10,8,9,15),(2462,'2022-09-09 23:44:27',431,10,9,8,15),(2463,'2022-09-09 23:44:33',431,10,8,9,15),(2464,'2022-09-09 23:45:21',740,10,8,9,15),(2465,'2022-09-09 23:45:54',433,10,9,8,15),(2466,'2022-09-09 23:48:32',433,10,8,9,15),(2467,'2022-09-09 23:49:01',1058,10,8,9,15),(2468,'2022-09-09 23:50:45',123,10,8,9,6),(2469,'2022-09-09 23:51:59',139,9,8,9,14),(2470,'2022-09-09 23:52:09',155,9,8,9,14),(2471,'2022-09-09 23:52:10',155,9,8,9,14),(2472,'2022-09-09 23:52:22',1109,9,9,8,14),(2473,'2022-09-09 23:52:28',1067,9,9,8,14),(2474,'2022-09-09 23:52:37',1050,9,9,8,14),(2475,'2022-09-09 23:52:46',546,9,8,9,14),(2476,'2022-09-09 23:52:53',550,9,8,9,14),(2477,'2022-09-09 23:53:15',1038,9,8,9,14),(2478,'2022-09-09 23:53:16',1038,9,8,9,14),(2479,'2022-09-09 23:53:50',472,9,9,8,14),(2480,'2022-09-09 23:54:01',472,9,8,9,14),(2481,'2022-09-09 23:55:59',122,9,9,8,14),(2482,'2022-09-09 23:56:37',382,10,8,9,15),(2483,'2022-09-09 23:56:48',151,9,9,8,14),(2484,'2022-09-09 23:57:57',909,9,8,9,14),(2485,'2022-09-10 00:00:16',141,9,8,9,14),(2486,'2022-09-10 00:00:22',399,10,9,8,15),(2487,'2022-09-10 00:00:24',1471,9,9,8,14),(2488,'2022-09-10 00:00:48',163,10,8,9,15),(2489,'2022-09-10 00:01:19',458,10,9,8,15),(2490,'2022-09-10 00:02:10',400,10,9,8,15),(2491,'2022-09-10 00:02:17',403,10,9,8,15),(2492,'2022-09-10 00:02:26',402,10,9,8,15),(2493,'2022-09-10 00:06:15',440,10,9,8,15),(2494,'2022-09-10 00:06:26',437,10,9,8,15),(2495,'2022-09-10 00:07:06',407,10,9,8,15),(2496,'2022-09-10 00:07:15',406,10,9,8,15),(2497,'2022-09-10 00:08:00',748,10,8,9,15),(2498,'2022-09-10 00:09:39',406,10,8,9,15),(2499,'2022-09-10 00:11:13',1094,9,8,9,14),(2500,'2022-09-10 00:11:22',1094,9,9,8,14),(2501,'2022-09-10 00:11:31',1070,9,8,9,14),(2502,'2022-09-10 00:11:36',1070,9,9,8,14),(2503,'2022-09-10 00:11:52',413,10,9,8,15),(2504,'2022-09-10 00:12:26',1046,9,9,8,14),(2505,'2022-09-10 00:14:27',1039,9,9,8,14),(2506,'2022-09-10 00:15:06',873,9,9,8,14),(2507,'2022-09-10 00:15:14',872,9,9,8,14),(2508,'2022-09-10 00:15:16',393,10,9,8,6),(2509,'2022-09-10 00:16:01',587,9,9,8,14),(2510,'2022-09-10 00:16:09',571,9,8,9,14),(2511,'2022-09-10 00:16:16',571,9,9,8,14),(2512,'2022-09-10 00:16:25',595,9,9,8,14),(2513,'2022-09-10 00:16:44',718,10,9,8,15),(2514,'2022-09-10 00:16:57',1056,9,9,8,14),(2515,'2022-09-10 00:17:07',327,10,9,8,15),(2516,'2022-09-10 00:17:16',324,10,9,8,15),(2517,'2022-09-10 00:17:24',80,9,9,8,14),(2518,'2022-09-10 00:17:25',326,10,9,8,15),(2519,'2022-09-10 00:17:27',80,9,9,8,14),(2520,'2022-09-10 00:17:41',103,10,9,8,6),(2521,'2022-09-10 00:17:55',599,9,9,8,14),(2522,'2022-09-10 00:17:58',599,9,8,9,14),(2523,'2022-09-10 00:19:34',371,9,9,8,14),(2524,'2022-09-10 00:20:09',1080,9,9,8,14),(2525,'2022-09-10 00:21:11',766,10,9,8,6),(2526,'2022-09-10 00:22:16',1279,9,9,8,14),(2527,'2022-09-10 00:23:30',539,10,9,8,15),(2528,'2022-09-10 00:23:56',509,9,9,8,14),(2529,'2022-09-10 00:24:10',168,10,9,8,15),(2530,'2022-09-10 00:24:49',407,9,8,9,14),(2531,'2022-09-10 00:25:21',283,10,8,9,15),(2532,'2022-09-10 00:25:57',361,9,9,8,14),(2533,'2022-09-10 00:26:04',363,9,9,8,14),(2534,'2022-09-10 00:26:31',783,9,9,8,14),(2535,'2022-09-10 00:26:38',433,10,9,8,15),(2536,'2022-09-10 00:26:40',753,9,9,8,14),(2537,'2022-09-10 00:26:47',760,9,9,8,14),(2538,'2022-09-10 00:26:53',430,10,9,8,15),(2539,'2022-09-10 00:27:05',762,9,8,9,14),(2540,'2022-09-10 00:27:30',696,9,8,9,14),(2541,'2022-09-10 00:27:33',1272,10,9,8,15),(2542,'2022-09-10 00:27:38',696,9,9,8,14),(2543,'2022-09-10 00:28:13',723,9,9,8,14),(2544,'2022-09-10 00:28:24',762,9,9,8,14),(2545,'2022-09-10 00:28:32',762,9,8,9,14),(2546,'2022-09-10 00:28:48',1072,9,9,8,14),(2547,'2022-09-10 00:29:12',706,10,9,8,15),(2548,'2022-09-10 00:30:15',696,9,8,9,14),(2549,'2022-09-10 00:30:30',302,9,9,8,14),(2550,'2022-09-10 00:30:44',254,10,9,8,15),(2551,'2022-09-10 00:31:04',255,10,9,8,15),(2552,'2022-09-10 00:31:26',757,9,9,8,14),(2553,'2022-09-10 00:31:35',440,9,8,9,14),(2554,'2022-09-10 00:31:36',515,10,9,8,15),(2555,'2022-09-10 00:31:50',759,9,9,8,14),(2556,'2022-09-10 00:31:51',514,10,9,8,15),(2557,'2022-09-10 00:32:14',337,9,9,8,14),(2558,'2022-09-10 00:32:24',766,9,8,9,14),(2559,'2022-09-10 00:32:36',233,9,8,9,14),(2560,'2022-09-10 00:33:12',759,9,8,9,14),(2561,'2022-09-10 00:33:28',337,9,8,9,14),(2562,'2022-09-10 00:34:08',73,10,9,8,15),(2563,'2022-09-10 00:34:21',696,9,9,8,14),(2564,'2022-09-10 00:36:35',765,9,8,9,14),(2565,'2022-09-10 00:36:43',1287,9,9,8,14),(2566,'2022-09-10 00:36:50',1293,9,9,8,14),(2567,'2022-09-10 00:36:59',141,10,9,8,14),(2568,'2022-09-10 00:37:09',141,10,8,9,14),(2569,'2022-09-10 00:37:11',571,9,8,9,14),(2570,'2022-09-10 00:37:17',595,9,8,9,14),(2571,'2022-09-10 00:37:27',587,9,8,9,14),(2572,'2022-09-10 00:38:19',751,9,8,9,14),(2573,'2022-09-10 00:39:02',1085,9,8,9,14),(2574,'2022-09-10 00:39:21',715,10,8,9,6),(2575,'2022-09-10 00:41:07',1287,9,8,9,14),(2576,'2022-09-10 00:42:41',458,10,8,9,15),(2577,'2022-09-10 00:42:52',718,10,8,9,15),(2578,'2022-09-10 00:43:19',1287,9,9,8,14),(2579,'2022-09-10 00:44:31',753,9,8,9,14),(2580,'2022-09-10 00:44:40',783,9,8,9,14),(2581,'2022-09-10 00:44:48',760,9,8,9,14),(2582,'2022-09-10 00:46:04',537,10,9,8,15),(2583,'2022-09-10 00:46:21',151,9,8,9,14),(2584,'2022-09-10 00:47:29',122,9,8,9,14),(2585,'2022-09-10 00:47:50',1327,9,8,9,14),(2586,'2022-09-10 00:48:21',347,10,9,8,15),(2587,'2022-09-10 00:48:23',1281,9,9,8,14),(2588,'2022-09-10 00:48:30',345,10,9,8,15),(2589,'2022-09-10 00:49:30',488,10,9,8,15),(2590,'2022-09-10 00:49:48',481,10,9,8,15),(2591,'2022-09-10 00:50:06',423,10,9,8,15),(2592,'2022-09-10 00:50:18',387,10,9,8,15),(2593,'2022-09-10 00:50:29',384,10,9,8,15),(2594,'2022-09-10 00:50:36',100,9,8,9,14),(2595,'2022-09-10 00:50:37',385,10,9,8,15),(2596,'2022-09-10 00:51:47',142,9,9,8,14),(2597,'2022-09-10 00:52:06',1031,10,9,8,15),(2598,'2022-09-10 00:52:14',1031,10,8,9,15),(2599,'2022-09-10 00:52:28',1292,9,9,8,14),(2600,'2022-09-10 00:52:35',419,9,9,8,14),(2601,'2022-09-10 00:52:47',388,10,9,8,15),(2602,'2022-09-10 00:52:58',391,10,9,8,15),(2603,'2022-09-10 00:53:06',390,10,9,8,15),(2604,'2022-09-10 00:53:17',389,10,9,8,15),(2605,'2022-09-10 00:53:43',730,10,9,8,15),(2606,'2022-09-10 00:53:49',1285,9,9,8,14),(2607,'2022-09-10 00:54:17',870,10,9,8,15),(2608,'2022-09-10 00:57:29',346,10,9,8,15),(2609,'2022-09-10 00:59:37',739,9,9,8,14),(2610,'2022-09-10 00:59:43',739,9,9,8,14),(2611,'2022-09-10 01:00:34',1463,9,9,8,14),(2612,'2022-09-10 01:00:44',301,9,9,8,14),(2613,'2022-09-10 01:01:57',71,9,9,8,14),(2614,'2022-09-10 01:02:54',1276,9,9,8,14),(2615,'2022-09-10 01:03:36',778,10,9,8,15),(2616,'2022-09-10 01:03:55',762,10,9,8,15),(2617,'2022-09-10 01:03:57',643,9,9,8,14),(2618,'2022-09-10 01:04:04',455,10,9,8,15),(2619,'2022-09-10 01:04:31',365,10,9,8,15),(2620,'2022-09-10 01:05:10',629,9,9,8,14),(2621,'2022-09-10 01:05:22',1343,10,9,8,15),(2622,'2022-09-10 01:05:32',690,10,9,8,15),(2623,'2022-09-10 01:05:43',671,10,9,8,15),(2624,'2022-09-10 01:06:16',329,9,9,8,14),(2625,'2022-09-10 01:06:26',105,9,8,9,14),(2626,'2022-09-10 01:06:28',157,10,9,8,15),(2627,'2022-09-10 01:06:37',124,9,9,8,14),(2628,'2022-09-10 01:06:57',745,9,9,8,14),(2629,'2022-09-10 01:07:05',722,9,9,8,14),(2630,'2022-09-10 01:07:34',449,10,9,8,15),(2631,'2022-09-10 01:11:17',1299,9,9,8,14),(2632,'2022-09-10 01:11:18',449,10,8,9,15),(2633,'2022-09-10 01:11:36',299,10,9,8,15),(2634,'2022-09-10 01:11:46',296,10,9,8,15),(2635,'2022-09-10 01:12:43',462,10,9,8,15),(2636,'2022-09-10 01:12:54',459,10,9,8,15),(2637,'2022-09-10 01:13:12',464,10,9,8,15),(2638,'2022-09-10 01:13:23',1333,10,9,8,15),(2639,'2022-09-10 01:13:23',316,9,9,8,14),(2640,'2022-09-10 01:14:00',105,9,9,8,14),(2641,'2022-09-10 01:14:43',417,9,9,8,14),(2642,'2022-09-10 01:14:54',464,10,8,9,15),(2643,'2022-09-10 01:14:57',414,9,9,8,14),(2644,'2022-09-10 01:15:05',420,9,9,8,14),(2645,'2022-09-10 01:15:17',670,9,9,8,14),(2646,'2022-09-10 01:15:27',674,9,9,8,14),(2647,'2022-09-10 01:15:49',1280,9,9,8,14),(2648,'2022-09-10 01:16:16',109,9,9,8,14),(2649,'2022-09-10 01:16:24',135,9,9,8,14),(2650,'2022-09-10 01:17:06',1086,9,8,9,14),(2651,'2022-09-10 01:17:11',1086,9,9,8,14),(2652,'2022-09-10 01:17:44',609,10,8,9,15),(2653,'2022-09-10 01:17:58',712,10,9,8,15),(2654,'2022-09-10 01:18:28',72,9,9,8,14),(2655,'2022-09-10 01:18:41',91,9,9,8,14),(2656,'2022-09-10 01:19:36',1119,9,9,8,14),(2657,'2022-09-10 01:20:44',330,10,9,8,15),(2658,'2022-09-10 01:20:55',587,10,9,8,15),(2659,'2022-09-10 01:21:09',584,10,9,8,15),(2660,'2022-09-10 01:21:22',588,10,9,8,15),(2661,'2022-09-10 01:22:24',84,9,9,8,14),(2662,'2022-09-10 01:23:10',383,10,9,8,15),(2663,'2022-09-10 01:23:17',627,10,9,8,15),(2664,'2022-09-10 01:23:59',82,9,9,8,14),(2665,'2022-09-10 01:24:04',82,9,9,8,14),(2666,'2022-09-10 01:24:25',543,10,9,8,15),(2667,'2022-09-10 01:24:56',722,9,8,9,14),(2668,'2022-09-10 01:25:09',745,9,8,9,14),(2669,'2022-09-10 01:25:17',533,10,9,8,15),(2670,'2022-09-10 01:25:19',728,9,9,8,14),(2671,'2022-09-10 01:26:34',426,10,9,8,15),(2672,'2022-09-10 01:26:40',396,9,9,8,14),(2673,'2022-09-10 01:26:46',397,9,9,8,14),(2674,'2022-09-10 01:26:54',860,9,9,8,14),(2675,'2022-09-10 01:27:05',1043,9,9,8,14),(2676,'2022-09-10 01:27:09',1054,10,9,8,15),(2677,'2022-09-10 01:27:13',130,9,9,8,14),(2678,'2022-09-10 01:27:28',130,9,8,9,14),(2679,'2022-09-10 01:27:35',1057,9,9,8,14),(2680,'2022-09-10 01:27:49',1057,9,8,9,14),(2681,'2022-09-10 01:28:11',93,9,9,8,14),(2682,'2022-09-10 01:28:12',89,10,9,8,15),(2683,'2022-09-10 01:28:22',95,9,9,8,14),(2684,'2022-09-10 01:28:43',343,10,9,8,15),(2685,'2022-09-10 01:28:44',1118,9,9,8,14),(2686,'2022-09-10 01:28:49',1035,9,9,8,14),(2687,'2022-09-10 01:28:49',342,10,9,8,15),(2688,'2022-09-10 01:28:57',340,10,9,8,15),(2689,'2022-09-10 01:29:27',545,10,9,8,15),(2690,'2022-09-10 01:30:21',1093,9,9,8,14),(2691,'2022-09-10 01:30:42',1332,9,9,8,14),(2692,'2022-09-10 01:31:04',450,9,9,8,14),(2693,'2022-09-10 01:32:03',1110,10,9,8,15),(2694,'2022-09-10 01:32:13',127,9,9,8,14),(2695,'2022-09-10 01:32:29',651,9,8,9,14),(2696,'2022-09-10 01:32:34',651,9,9,8,14),(2697,'2022-09-10 01:33:05',564,9,9,8,14),(2698,'2022-09-10 01:34:08',762,10,8,9,15),(2699,'2022-09-10 01:34:16',778,10,8,9,15),(2700,'2022-09-10 01:34:23',455,10,8,9,15),(2701,'2022-09-10 01:34:54',140,9,9,8,14),(2702,'2022-09-10 01:35:00',662,9,9,8,14),(2703,'2022-09-10 01:35:08',751,9,9,8,14),(2704,'2022-09-10 01:35:15',725,9,9,8,14),(2705,'2022-09-10 01:35:50',680,9,9,8,14),(2706,'2022-09-10 01:36:02',78,9,9,8,14),(2707,'2022-09-10 01:36:16',652,9,9,8,14),(2708,'2022-09-10 01:36:25',638,9,9,8,14),(2709,'2022-09-10 01:37:07',92,9,9,8,14),(2710,'2022-09-10 01:37:14',355,10,9,8,15),(2711,'2022-09-10 01:37:16',1062,9,9,8,14),(2712,'2022-09-10 01:37:27',1105,9,9,8,14),(2713,'2022-09-10 01:37:31',354,10,9,8,15),(2714,'2022-09-10 01:37:41',352,10,9,8,15),(2715,'2022-09-10 01:37:54',353,10,9,8,15),(2716,'2022-09-10 01:38:13',160,10,9,8,15),(2717,'2022-09-10 01:38:27',1303,9,8,9,14),(2718,'2022-09-10 01:38:57',99,9,9,8,14),(2719,'2022-09-10 01:39:02',83,9,9,8,14),(2720,'2022-09-10 01:39:11',106,9,9,8,14),(2721,'2022-09-10 01:39:36',84,9,8,9,14),(2722,'2022-09-10 01:40:01',106,9,8,9,14),(2723,'2022-09-10 01:40:18',370,9,9,8,14),(2724,'2022-09-10 01:40:25',369,9,9,8,14),(2725,'2022-09-10 01:40:32',368,9,9,8,14),(2726,'2022-09-10 01:41:38',510,9,9,8,14),(2727,'2022-09-10 01:41:54',233,10,9,8,15),(2728,'2022-09-10 01:42:31',1273,10,9,8,15),(2729,'2022-09-10 01:42:54',1112,10,9,8,15),(2730,'2022-09-10 01:43:20',721,9,9,8,14),(2731,'2022-09-10 01:43:27',693,9,9,8,14),(2732,'2022-09-10 01:45:37',144,9,9,8,14),(2733,'2022-09-10 01:46:49',406,9,9,8,14),(2734,'2022-09-10 01:46:59',407,9,9,8,14),(2735,'2022-09-10 01:47:03',524,10,9,8,15),(2736,'2022-09-10 01:47:57',831,9,9,8,14),(2737,'2022-09-10 01:48:42',440,9,9,8,14),(2738,'2022-09-10 01:48:49',439,9,9,8,14),(2739,'2022-09-10 01:48:56',870,10,8,9,15),(2740,'2022-09-10 01:50:56',444,10,9,8,15),(2741,'2022-09-10 01:51:04',447,10,9,8,15),(2742,'2022-09-10 01:51:11',445,10,9,8,15),(2743,'2022-09-10 01:51:37',733,10,9,8,15),(2744,'2022-09-10 01:51:45',731,10,9,8,15),(2745,'2022-09-10 01:51:46',731,10,9,8,15),(2746,'2022-09-10 01:51:46',1328,9,9,8,14),(2747,'2022-09-10 01:52:13',253,10,9,8,15),(2748,'2022-09-10 01:52:23',250,10,9,8,15),(2749,'2022-09-10 01:52:29',1450,9,9,8,14),(2750,'2022-09-10 01:52:32',256,10,9,8,15),(2751,'2022-09-10 01:52:40',252,9,9,8,14),(2752,'2022-09-10 01:52:41',248,10,9,8,15),(2753,'2022-09-10 01:52:54',247,10,9,8,15),(2754,'2022-09-10 01:53:07',150,9,9,8,14),(2755,'2022-09-10 01:53:15',108,9,9,8,14),(2756,'2022-09-10 01:53:20',924,10,9,8,15),(2757,'2022-09-10 01:54:39',675,9,9,8,14),(2758,'2022-09-10 01:54:41',442,10,9,8,15),(2759,'2022-09-10 01:56:16',1469,9,9,8,14),(2760,'2022-09-10 01:56:34',1116,9,9,8,14),(2761,'2022-09-10 01:56:53',1275,9,9,8,14),(2762,'2022-09-10 01:57:27',653,9,9,8,14),(2763,'2022-09-10 01:57:49',1327,9,9,8,14),(2764,'2022-09-10 01:58:13',424,10,9,8,15),(2765,'2022-09-10 01:58:22',425,10,9,8,15),(2766,'2022-09-10 02:01:12',707,10,9,8,15),(2767,'2022-09-10 02:01:12',707,10,9,8,15),(2768,'2022-09-10 02:04:43',94,9,9,8,14),(2769,'2022-09-10 02:05:07',729,9,9,8,14),(2770,'2022-09-10 02:05:20',1038,9,9,8,14),(2771,'2022-09-10 02:05:43',98,9,8,9,14),(2772,'2022-09-10 02:05:53',163,9,9,8,14),(2773,'2022-09-10 02:06:13',647,9,9,8,14),(2774,'2022-09-10 02:06:45',749,9,9,8,14),(2775,'2022-09-10 02:07:37',1108,9,9,8,14),(2776,'2022-09-10 02:07:51',169,9,9,8,14),(2777,'2022-09-10 02:07:53',120,10,9,8,6),(2778,'2022-09-10 02:07:58',102,10,9,8,6),(2779,'2022-09-10 02:08:06',468,10,9,8,6),(2780,'2022-09-10 02:08:08',769,9,9,8,14),(2781,'2022-09-10 02:08:30',760,9,9,8,14),(2782,'2022-09-10 02:08:53',473,10,9,8,6),(2783,'2022-09-10 02:09:06',760,9,8,9,14),(2784,'2022-09-10 02:09:40',118,9,9,8,14),(2785,'2022-09-10 02:10:01',1060,9,9,8,14),(2786,'2022-09-10 02:10:26',753,9,9,8,14),(2787,'2022-09-10 02:10:37',783,9,9,8,14),(2788,'2022-09-10 02:10:53',738,9,9,8,14),(2789,'2022-09-10 02:11:38',760,9,9,8,14),(2790,'2022-09-10 02:11:52',769,9,8,9,14),(2791,'2022-09-10 02:13:50',519,9,9,8,14),(2792,'2022-09-10 02:13:57',1060,9,8,9,14),(2793,'2022-09-10 02:14:15',518,9,9,8,14),(2794,'2022-09-10 02:14:19',748,10,9,8,6),(2795,'2022-09-10 02:14:29',499,10,8,9,6),(2796,'2022-09-10 02:14:33',118,9,8,9,14),(2797,'2022-09-10 02:14:50',499,10,9,8,6),(2798,'2022-09-10 02:15:29',663,9,8,9,14),(2799,'2022-09-10 02:15:41',675,9,8,9,14),(2800,'2022-09-10 02:15:51',660,9,8,9,14),(2801,'2022-09-10 02:16:35',1295,10,9,8,6),(2802,'2022-09-10 02:16:37',660,9,9,8,14),(2803,'2022-09-10 02:16:40',1298,10,9,8,6),(2804,'2022-09-10 02:17:03',1301,10,9,8,6),(2805,'2022-09-10 02:17:15',1294,10,9,8,6),(2806,'2022-09-10 02:17:22',382,10,9,8,6),(2807,'2022-09-10 02:17:25',477,9,9,8,14),(2808,'2022-09-10 02:17:25',380,10,9,8,6),(2809,'2022-09-10 02:18:10',516,10,9,8,6),(2810,'2022-09-10 02:19:32',606,10,9,8,15),(2811,'2022-09-10 02:20:06',740,10,9,8,15),(2812,'2022-09-10 02:20:11',522,9,9,8,14),(2813,'2022-09-10 02:20:12',339,10,9,8,15),(2814,'2022-09-10 02:20:54',452,10,9,8,15),(2815,'2022-09-10 02:21:08',448,10,9,8,15),(2816,'2022-09-10 02:21:15',752,10,9,8,15),(2817,'2022-09-10 02:22:51',783,9,8,9,14),(2818,'2022-09-10 02:23:02',753,9,8,9,14),(2819,'2022-09-10 02:24:08',517,9,9,8,14),(2820,'2022-09-10 02:24:20',1464,9,9,8,14),(2821,'2022-09-10 02:24:38',642,10,9,8,15),(2822,'2022-09-10 02:24:45',585,10,9,8,15),(2823,'2022-09-10 02:24:57',337,9,9,8,14),(2824,'2022-09-10 02:25:06',673,9,9,8,14),(2825,'2022-09-10 02:25:15',1278,10,9,8,15),(2826,'2022-09-10 02:25:39',179,9,9,8,14),(2827,'2022-09-10 02:26:20',181,9,9,8,14),(2828,'2022-09-10 02:26:37',544,10,9,8,15),(2829,'2022-09-10 02:26:44',542,10,9,8,15),(2830,'2022-09-10 02:26:51',1283,10,9,8,15),(2831,'2022-09-10 02:27:34',338,9,9,8,14),(2832,'2022-09-10 02:27:42',1282,10,9,8,15),(2833,'2022-09-10 02:28:14',490,10,9,8,15),(2834,'2022-09-10 02:28:31',491,10,9,8,15),(2835,'2022-09-10 02:29:28',441,10,9,8,15),(2836,'2022-09-10 02:30:05',623,10,9,8,15),(2837,'2022-09-10 02:30:14',603,10,9,8,15),(2838,'2022-09-10 02:30:46',1033,9,9,8,14),(2839,'2022-09-10 02:31:19',1064,10,9,8,15),(2840,'2022-09-10 02:31:50',711,10,9,8,15),(2841,'2022-09-10 02:32:01',106,9,9,8,14),(2842,'2022-09-10 02:34:21',1329,9,9,8,14),(2843,'2022-09-10 02:34:40',123,9,9,8,14),(2844,'2022-09-10 02:34:57',550,9,9,8,14),(2845,'2022-09-10 02:35:14',546,9,9,8,14),(2846,'2022-09-10 02:36:48',505,9,9,8,14),(2847,'2022-09-10 02:36:55',569,10,9,8,15),(2848,'2022-09-10 02:37:02',502,9,9,8,14),(2849,'2022-09-10 02:37:32',528,9,9,8,14),(2850,'2022-09-10 02:37:55',529,9,9,8,14),(2851,'2022-09-10 02:42:04',272,9,8,9,14),(2852,'2022-09-10 02:42:28',272,9,9,8,14),(2853,'2022-09-10 02:42:42',273,9,9,8,14),(2854,'2022-09-10 02:43:17',274,9,9,8,14),(2855,'2022-09-10 02:43:37',275,9,9,8,14),(2856,'2022-09-10 02:44:50',453,10,9,8,15),(2857,'2022-09-10 02:44:56',1304,10,9,8,15),(2858,'2022-09-10 02:47:00',742,10,9,8,15),(2859,'2022-09-10 02:48:27',484,10,9,8,15),(2860,'2022-09-10 02:48:32',485,10,9,8,15),(2861,'2022-09-10 02:48:47',487,10,9,8,15),(2862,'2022-09-10 02:49:08',486,10,9,8,15),(2863,'2022-09-10 02:49:35',480,10,9,8,15),(2864,'2022-09-10 02:49:50',489,10,9,8,15),(2865,'2022-09-10 02:50:09',482,10,9,8,15),(2866,'2022-09-10 02:50:10',119,9,8,9,14),(2867,'2022-09-10 02:50:24',483,10,9,8,15),(2868,'2022-09-10 02:50:34',731,9,8,9,14),(2869,'2022-09-10 02:51:37',702,10,9,8,15),(2870,'2022-09-10 02:51:48',118,10,9,8,15),(2871,'2022-09-10 02:51:53',1114,10,9,8,15),(2872,'2022-09-10 02:55:32',781,10,9,8,15),(2873,'2022-09-10 02:55:37',656,9,9,8,14),(2874,'2022-09-10 02:55:46',637,9,9,8,14),(2875,'2022-09-10 02:56:05',754,10,9,8,15),(2876,'2022-09-10 02:56:23',540,10,9,8,15),(2877,'2022-09-10 02:56:35',541,10,9,8,15),(2878,'2022-09-10 02:59:44',119,10,9,8,15),(2879,'2022-09-10 03:00:12',313,10,9,8,15),(2880,'2022-09-10 03:02:15',246,9,9,8,14),(2881,'2022-09-10 03:02:24',702,10,8,9,15),(2882,'2022-09-10 03:04:35',457,9,9,8,14),(2883,'2022-09-10 03:04:50',467,9,9,8,14),(2884,'2022-09-10 03:05:02',870,10,9,8,15),(2885,'2022-09-10 03:05:24',98,9,9,8,14),(2886,'2022-09-10 03:06:38',771,9,9,8,14),(2887,'2022-09-10 03:06:50',766,9,9,8,14),(2888,'2022-09-10 03:07:22',457,9,8,9,14),(2889,'2022-09-10 03:07:33',467,9,8,9,14),(2890,'2022-09-10 03:08:48',457,9,9,8,14),(2891,'2022-09-10 03:09:10',562,9,8,9,14),(2892,'2022-09-10 03:09:58',138,9,9,8,14),(2893,'2022-09-10 03:10:02',138,9,9,8,14),(2894,'2022-09-10 03:10:49',164,9,9,8,14),(2895,'2022-09-10 03:11:02',1290,9,9,8,14),(2896,'2022-09-10 03:11:12',1286,9,9,8,14),(2897,'2022-09-10 03:11:22',775,9,9,8,14),(2898,'2022-09-10 03:11:32',758,9,9,8,14),(2899,'2022-09-10 03:11:44',773,9,9,8,14),(2900,'2022-09-10 03:11:59',656,9,8,9,14),(2901,'2022-09-10 03:12:13',457,9,8,9,14),(2902,'2022-09-10 03:13:10',132,9,9,8,14),(2903,'2022-09-10 03:13:44',77,10,9,8,15),(2904,'2022-09-10 03:16:29',1060,9,9,8,14),(2905,'2022-09-10 03:17:12',320,10,9,8,15),(2906,'2022-09-10 03:17:36',625,10,9,8,15),(2907,'2022-09-10 03:18:14',77,10,8,9,15),(2908,'2022-09-10 03:19:45',322,10,9,8,15),(2909,'2022-09-10 03:19:58',321,10,9,8,15),(2910,'2022-09-10 03:20:05',323,10,9,8,15),(2911,'2022-09-10 03:20:32',591,10,9,8,15),(2912,'2022-09-10 03:21:11',175,9,9,8,14),(2913,'2022-09-10 03:21:41',152,9,9,8,14),(2914,'2022-09-10 03:22:09',181,9,8,9,14),(2915,'2022-09-10 03:22:26',116,9,8,9,14),(2916,'2022-09-10 03:23:52',724,9,9,8,14),(2917,'2022-09-10 03:25:19',591,10,8,9,15),(2918,'2022-09-10 03:25:51',85,9,9,8,14),(2919,'2022-09-10 03:26:02',554,9,9,8,14),(2920,'2022-09-10 03:26:14',154,9,9,8,14),(2921,'2022-09-10 03:26:27',1025,9,9,8,14),(2922,'2022-09-10 03:26:42',1300,10,9,8,15),(2923,'2022-09-10 03:28:40',650,9,9,8,14),(2924,'2022-09-10 03:29:11',454,10,9,8,15),(2925,'2022-09-10 03:29:19',837,9,9,8,14),(2926,'2022-09-10 03:29:40',834,9,9,8,14),(2927,'2022-09-10 03:29:51',777,9,9,8,14),(2928,'2022-09-10 03:30:06',736,9,9,8,14),(2929,'2022-09-10 03:30:19',750,9,9,8,14),(2930,'2022-09-10 03:30:42',507,9,9,8,14),(2931,'2022-09-10 03:30:56',715,9,9,8,14),(2932,'2022-09-10 03:31:08',591,10,9,8,15),(2933,'2022-09-10 03:31:37',107,10,9,8,15),(2934,'2022-09-10 03:31:44',1117,10,9,8,15),(2935,'2022-09-10 03:33:53',1302,9,9,8,14),(2936,'2022-09-10 03:34:04',1336,9,9,8,14),(2937,'2022-09-10 03:35:10',457,9,9,8,14),(2938,'2022-09-10 03:35:43',460,9,9,8,14),(2939,'2022-09-10 03:36:07',467,9,9,8,14),(2940,'2022-09-10 03:36:44',1303,9,9,8,14),(2941,'2022-09-10 03:36:54',1472,9,9,8,14),(2942,'2022-09-10 03:37:34',626,9,8,9,14),(2943,'2022-09-10 03:37:40',644,9,9,8,14),(2944,'2022-09-10 03:38:05',182,9,9,8,14),(2945,'2022-09-10 03:39:32',438,10,9,8,15),(2946,'2022-09-10 03:44:19',632,9,9,8,14),(2947,'2022-09-10 03:50:24',547,9,9,8,14),(2948,'2022-09-10 03:50:33',1453,9,9,8,14),(2949,'2022-09-10 03:51:23',77,10,9,8,15),(2950,'2022-09-10 03:53:36',630,10,9,8,15),(2951,'2022-09-10 03:56:49',648,9,9,8,14),(2952,'2022-09-10 03:56:59',656,9,9,8,14),(2953,'2022-09-10 03:58:26',1123,10,9,8,15),(2954,'2022-09-10 04:00:32',1124,10,9,8,15),(2955,'2022-09-10 04:04:07',435,9,9,8,14),(2956,'2022-09-10 04:04:53',1028,10,9,8,15),(2957,'2022-09-10 04:05:04',1100,10,9,8,15),(2958,'2022-09-10 04:05:17',1049,9,9,8,14),(2959,'2022-09-10 04:08:33',79,10,9,8,6),(2960,'2022-09-10 04:08:46',177,9,9,8,14),(2961,'2022-09-10 04:10:31',716,10,9,8,15),(2962,'2022-09-10 04:10:48',778,9,9,8,14),(2963,'2022-09-10 04:13:02',126,9,9,8,14),(2964,'2022-09-10 04:13:51',125,9,9,8,14),(2965,'2022-09-10 04:14:06',1049,9,8,9,14),(2966,'2022-09-10 04:14:15',1049,9,9,8,14),(2967,'2022-09-10 04:15:25',116,9,9,8,14),(2968,'2022-09-10 04:15:29',270,10,9,8,15),(2969,'2022-09-10 04:15:30',137,9,8,9,14),(2970,'2022-09-10 04:15:39',137,9,9,8,14),(2971,'2022-09-10 04:15:46',269,10,9,8,15),(2972,'2022-09-10 04:16:32',566,10,9,8,15),(2973,'2022-09-10 04:17:05',1058,9,9,8,14),(2974,'2022-09-10 04:18:12',1480,9,8,9,14),(2975,'2022-09-10 04:18:19',1480,9,9,8,14),(2976,'2022-09-10 04:19:03',664,9,9,8,14),(2977,'2022-09-10 04:19:11',689,9,9,8,14),(2978,'2022-09-10 04:20:56',761,9,9,8,14),(2979,'2022-09-10 04:27:10',1287,9,8,9,14),(2980,'2022-09-10 04:27:15',1287,9,9,8,14),(2981,'2022-09-10 04:29:40',172,9,9,8,14),(2982,'2022-09-10 04:29:49',1103,9,9,8,14),(2983,'2022-09-10 04:31:52',70,9,9,8,14),(2984,'2022-09-10 04:32:07',634,9,8,9,14),(2985,'2022-09-10 04:32:12',634,9,9,8,14),(2986,'2022-09-10 04:32:33',636,9,8,9,14),(2987,'2022-09-10 04:32:36',636,9,8,9,14),(2988,'2022-09-10 04:32:40',636,9,9,8,14),(2989,'2022-09-10 04:33:48',675,9,9,8,14),(2990,'2022-09-10 04:33:59',678,9,9,8,14),(2991,'2022-09-10 04:34:29',1287,10,8,9,15),(2992,'2022-09-10 04:35:36',562,9,9,8,14),(2993,'2022-09-10 04:37:33',681,9,9,8,14),(2994,'2022-09-10 04:40:04',683,9,9,8,14),(2995,'2022-09-10 04:40:16',1027,9,9,8,14),(2996,'2022-09-10 04:40:47',672,9,9,8,14),(2997,'2022-09-10 04:41:47',1287,9,9,8,14),(2998,'2022-09-10 04:41:59',472,10,9,8,15),(2999,'2022-09-10 04:42:20',466,10,9,8,15),(3000,'2022-09-10 04:42:54',465,10,9,8,15),(3001,'2022-09-10 04:43:05',470,10,9,8,15),(3002,'2022-09-10 04:43:50',114,10,9,8,15),(3003,'2022-09-10 04:44:13',735,9,9,8,14),(3004,'2022-09-10 04:44:18',599,10,9,8,15),(3005,'2022-09-10 04:44:19',718,10,9,8,15),(3006,'2022-09-10 04:44:48',1081,10,8,9,15),(3007,'2022-09-10 04:44:49',655,9,9,8,14),(3008,'2022-09-10 04:45:05',1085,10,9,8,15),(3009,'2022-09-10 04:45:07',702,10,9,8,15),(3010,'2022-09-10 04:45:23',698,10,9,8,6),(3011,'2022-09-10 04:46:16',704,10,9,8,15),(3012,'2022-09-10 04:46:35',666,9,8,9,14),(3013,'2022-09-10 04:46:43',666,9,9,8,14),(3014,'2022-09-10 04:47:03',155,10,9,8,15),(3015,'2022-09-10 04:47:08',1027,9,8,9,14),(3016,'2022-09-10 04:47:12',139,10,9,8,15),(3017,'2022-09-10 04:47:14',1027,9,9,8,14),(3018,'2022-09-10 04:50:30',668,9,9,8,14),(3019,'2022-09-10 04:50:35',665,9,9,8,14),(3020,'2022-09-10 04:51:41',660,9,8,9,14),(3021,'2022-09-10 04:51:49',663,9,9,8,14),(3022,'2022-09-10 04:52:02',682,9,8,9,14),(3023,'2022-09-10 04:52:52',122,9,9,8,14),(3024,'2022-09-10 04:52:58',151,9,9,8,14),(3025,'2022-09-10 04:53:42',63,10,9,8,15),(3026,'2022-09-10 04:54:42',469,10,9,8,15),(3027,'2022-09-10 04:54:53',461,10,9,8,15),(3028,'2022-09-10 04:55:02',456,10,9,8,15),(3029,'2022-09-10 04:55:10',464,10,9,8,15),(3030,'2022-09-10 04:55:22',278,10,8,9,15),(3031,'2022-09-10 04:55:43',282,10,8,9,15),(3032,'2022-09-10 04:57:53',328,9,9,8,14),(3033,'2022-09-10 05:00:14',726,10,9,8,15),(3034,'2022-09-10 05:00:30',331,10,9,8,15),(3035,'2022-09-10 05:03:09',607,9,8,9,14),(3036,'2022-09-10 05:06:04',589,10,9,8,15),(3037,'2022-09-10 05:06:17',607,9,9,8,14),(3038,'2022-09-10 05:06:39',607,9,8,9,14),(3039,'2022-09-10 05:16:53',228,10,9,8,15),(3040,'2022-09-10 05:22:50',163,10,8,9,15),(3041,'2022-09-10 05:23:18',717,10,9,8,15),(3042,'2022-09-10 05:23:31',694,10,9,8,15),(3043,'2022-09-10 05:23:53',593,9,9,8,14),(3044,'2022-09-10 05:26:32',613,9,9,8,14),(3045,'2022-09-10 05:26:40',731,9,9,8,14),(3046,'2022-09-10 05:28:55',722,9,9,8,14),(3047,'2022-09-10 05:29:03',734,9,9,8,14),(3048,'2022-09-10 05:32:35',608,9,9,8,14),(3049,'2022-09-10 05:35:28',1095,9,9,8,14),(3050,'2022-09-10 05:35:39',1098,9,9,8,14),(3051,'2022-09-10 05:36:04',762,9,9,8,14),(3052,'2022-09-10 05:40:13',561,9,9,8,14),(3053,'2022-09-10 05:49:27',780,9,9,8,14),(3054,'2022-09-10 05:51:23',776,9,9,8,14),(3055,'2022-09-10 05:52:58',1031,9,9,8,14),(3056,'2022-09-10 05:53:05',1104,9,9,8,14),(3057,'2022-09-10 05:56:33',774,9,9,8,14),(3058,'2022-09-10 05:57:22',688,9,9,8,14),(3059,'2022-09-10 05:57:35',455,10,9,8,15),(3060,'2022-09-10 05:58:49',769,9,9,8,14),(3061,'2022-09-10 05:59:54',1073,9,9,8,14),(3062,'2022-09-10 06:03:50',783,9,9,8,14),(3063,'2022-09-10 06:04:13',753,9,9,8,14),(3064,'2022-09-10 06:04:21',222,10,9,8,15),(3065,'2022-09-10 06:04:45',759,9,9,8,14),(3066,'2022-09-10 06:09:17',549,9,9,8,14),(3067,'2022-09-10 06:09:25',568,9,9,8,14),(3068,'2022-09-10 06:12:22',434,9,9,8,14),(3069,'2022-09-10 06:13:57',431,9,9,8,14),(3070,'2022-09-10 06:14:07',133,9,9,8,14),(3071,'2022-09-10 06:14:56',600,10,9,8,15),(3072,'2022-09-10 06:16:03',84,9,9,8,14),(3073,'2022-09-10 06:16:36',451,10,9,8,15),(3074,'2022-09-10 06:16:36',451,10,9,8,15),(3075,'2022-09-10 06:19:27',96,10,9,8,15),(3076,'2022-09-10 06:38:23',609,10,9,8,15),(3077,'2022-09-10 06:38:34',770,10,9,8,15),(3078,'2022-09-10 06:51:26',573,10,9,8,15),(3079,'2022-09-10 06:52:05',553,10,9,8,15),(3080,'2022-09-10 06:56:41',355,10,8,9,15),(3081,'2022-09-10 07:01:35',355,10,9,8,15),(3082,'2022-09-10 07:35:07',621,10,9,8,15),(3083,'2022-09-10 08:48:15',114,10,8,9,15),(3084,'2022-09-10 08:50:29',114,10,9,8,15),(3085,'2022-09-10 08:50:54',114,10,8,9,15),(3086,'2022-09-10 08:51:06',1110,10,8,9,15),(3087,'2022-09-10 09:00:35',129,10,8,9,15),(3088,'2022-09-10 09:00:42',129,10,9,8,15),(3089,'2022-09-10 09:00:46',129,10,8,9,15),(3090,'2022-09-10 09:03:16',582,10,9,8,15),(3091,'2022-09-10 09:08:58',119,10,8,9,15),(3092,'2022-09-10 09:13:40',566,10,8,9,15),(3093,'2022-09-10 09:13:49',566,10,9,8,15),(3094,'2022-09-10 09:36:04',745,10,9,8,15),(3095,'2022-09-10 09:47:43',74,10,8,9,15),(3096,'2022-09-10 09:59:38',453,10,8,9,15),(3097,'2022-09-10 10:00:11',1097,10,8,9,15),(3098,'2022-09-10 10:03:40',453,10,9,8,15),(3099,'2022-09-10 10:05:43',114,9,9,8,14),(3100,'2022-09-10 10:06:06',114,9,8,9,14),(3101,'2022-09-10 10:29:56',172,9,8,9,14),(3102,'2022-09-10 10:30:30',548,9,8,9,14),(3103,'2022-09-10 10:30:35',750,9,8,9,14),(3104,'2022-09-10 10:31:00',80,9,8,9,14),(3105,'2022-09-10 10:31:05',125,9,8,9,14),(3106,'2022-09-10 10:33:30',1029,9,8,9,14),(3107,'2022-09-10 10:36:17',156,9,8,9,14),(3108,'2022-09-10 10:42:31',644,9,8,9,14),(3109,'2022-09-10 10:44:17',84,9,8,9,14),(3110,'2022-09-10 10:45:05',548,9,9,8,14),(3111,'2022-09-10 10:50:11',644,9,9,8,14),(3112,'2022-09-10 10:50:18',626,9,9,8,14),(3113,'2022-09-10 10:53:04',1120,9,8,9,14),(3114,'2022-09-10 10:55:00',837,9,8,9,14),(3115,'2022-09-10 10:55:07',834,9,8,9,14),(3116,'2022-09-10 10:55:27',724,9,8,9,14),(3117,'2022-09-10 10:56:56',138,10,8,9,15),(3118,'2022-09-10 10:59:04',691,9,9,8,14),(3119,'2022-09-10 10:59:12',691,9,8,9,14),(3120,'2022-09-10 10:59:21',718,9,8,9,14),(3121,'2022-09-10 11:02:39',72,9,8,9,14),(3122,'2022-09-10 11:03:12',626,9,8,9,14),(3123,'2022-09-10 11:03:20',644,9,8,9,14),(3124,'2022-09-10 11:05:47',643,9,8,9,14),(3125,'2022-09-10 11:05:51',647,9,8,9,14),(3126,'2022-09-10 11:06:01',513,9,8,9,14),(3127,'2022-09-10 11:11:23',172,9,9,8,14),(3128,'2022-09-10 11:18:09',716,10,8,9,15),(3129,'2022-09-10 11:20:05',642,10,8,9,15),(3130,'2022-09-10 11:25:10',242,9,8,9,14),(3131,'2022-09-10 11:25:45',783,9,8,9,14),(3132,'2022-09-10 11:25:55',753,9,8,9,14),(3133,'2022-09-10 11:26:15',172,9,8,9,14),(3134,'2022-09-10 11:26:29',172,9,9,8,14),(3135,'2022-09-10 11:27:07',93,9,8,9,14),(3136,'2022-09-10 11:27:12',169,9,8,9,14),(3137,'2022-09-10 11:27:39',637,9,8,9,14),(3138,'2022-09-10 11:29:57',700,10,8,9,15),(3139,'2022-09-10 11:30:27',242,9,9,8,14),(3140,'2022-09-10 11:31:28',656,9,8,9,14),(3141,'2022-09-10 11:31:33',648,9,8,9,14),(3142,'2022-09-10 11:31:47',125,9,9,8,14),(3143,'2022-09-10 11:31:52',80,9,9,8,14),(3144,'2022-09-10 11:38:55',718,9,9,8,14),(3145,'2022-09-10 11:39:04',691,9,9,8,14),(3146,'2022-09-10 11:39:48',691,9,8,9,14),(3147,'2022-09-10 11:41:37',754,9,8,9,14),(3148,'2022-09-10 11:43:33',566,10,8,9,15),(3149,'2022-09-10 11:46:02',633,10,8,9,15),(3150,'2022-09-10 11:46:24',272,9,8,9,14),(3151,'2022-09-10 11:50:16',135,9,8,9,14),(3152,'2022-09-10 11:50:21',109,9,8,9,14),(3153,'2022-09-10 11:50:37',360,10,8,9,15),(3154,'2022-09-10 11:50:45',362,10,8,9,15),(3155,'2022-09-10 11:52:43',549,9,8,9,14),(3156,'2022-09-10 11:53:05',1119,9,8,9,14),(3157,'2022-09-10 11:53:10',1122,9,8,9,14),(3158,'2022-09-10 11:53:20',1038,9,8,9,14),(3159,'2022-09-10 11:53:20',1038,9,8,9,14),(3160,'2022-09-10 11:54:18',655,9,8,9,14),(3161,'2022-09-10 11:56:02',1326,9,8,9,14),(3162,'2022-09-10 11:56:13',272,9,9,8,14),(3163,'2022-09-10 11:56:28',717,10,8,9,15),(3164,'2022-09-10 11:56:29',1027,9,8,9,14),(3165,'2022-09-10 11:56:38',1031,9,8,9,14),(3166,'2022-09-10 11:57:42',1114,10,8,9,15),(3167,'2022-09-10 11:57:54',164,9,8,9,14),(3168,'2022-09-10 11:57:54',164,9,8,9,14),(3169,'2022-09-10 12:00:53',434,9,8,9,14),(3170,'2022-09-10 12:01:00',431,9,8,9,14),(3171,'2022-09-10 12:01:03',735,9,8,9,14),(3172,'2022-09-10 12:05:14',1326,9,9,8,14),(3173,'2022-09-10 12:05:50',691,9,9,8,14),(3174,'2022-09-10 12:06:04',1123,9,8,9,14),(3175,'2022-09-10 12:06:39',548,9,8,9,14),(3176,'2022-09-10 12:07:09',736,9,8,9,14),(3177,'2022-09-10 12:07:51',114,10,9,8,15),(3178,'2022-09-10 12:08:14',114,10,8,9,15),(3179,'2022-09-10 12:08:48',725,9,8,9,14),(3180,'2022-09-10 12:11:55',548,9,9,8,14),(3181,'2022-09-10 12:14:00',650,9,8,9,14),(3182,'2022-09-10 12:14:15',342,10,8,9,15),(3183,'2022-09-10 12:14:20',342,10,9,8,15),(3184,'2022-09-10 12:14:31',340,10,8,9,15),(3185,'2022-09-10 12:14:43',342,10,8,9,15),(3186,'2022-09-10 12:16:34',83,9,8,9,14),(3187,'2022-09-10 12:16:41',434,9,9,8,14),(3188,'2022-09-10 12:16:44',431,9,9,8,14),(3189,'2022-09-10 12:17:43',566,10,9,8,15),(3190,'2022-09-10 12:17:59',566,10,8,9,15),(3191,'2022-09-10 12:18:14',86,10,8,9,15),(3192,'2022-09-10 12:18:25',735,9,9,8,14),(3193,'2022-09-10 12:18:34',726,10,8,9,15),(3194,'2022-09-10 12:18:38',1026,9,8,9,14),(3195,'2022-09-10 12:19:47',84,9,9,8,14),(3196,'2022-09-10 12:19:58',876,9,8,9,14),(3197,'2022-09-10 12:20:08',95,9,8,9,14),(3198,'2022-09-10 12:20:20',860,9,8,9,14),(3199,'2022-09-10 12:20:35',753,9,9,8,14),(3200,'2022-09-10 12:20:48',783,9,9,8,14),(3201,'2022-09-10 12:21:30',1100,10,8,9,15),(3202,'2022-09-10 12:22:08',524,10,8,9,15),(3203,'2022-09-10 12:22:42',691,9,8,9,14),(3204,'2022-09-10 12:22:50',703,9,9,8,14),(3205,'2022-09-10 12:22:54',703,9,8,9,14),(3206,'2022-09-10 12:23:51',1041,9,8,9,14),(3207,'2022-09-10 12:24:04',94,9,8,9,14),(3208,'2022-09-10 12:24:12',119,10,9,8,15),(3209,'2022-09-10 12:24:21',860,9,9,8,14),(3210,'2022-09-10 12:25:05',661,9,8,9,14),(3211,'2022-09-10 12:25:18',660,9,9,8,14),(3212,'2022-09-10 12:25:26',660,9,8,9,14),(3213,'2022-09-10 12:25:31',663,9,8,9,14),(3214,'2022-09-10 12:26:00',860,9,8,9,14),(3215,'2022-09-10 12:26:09',734,9,8,9,14),(3216,'2022-09-10 12:26:13',722,9,8,9,14),(3217,'2022-09-10 12:26:47',556,9,9,8,14),(3218,'2022-09-10 12:26:52',556,9,8,9,14),(3219,'2022-09-10 12:27:15',860,9,9,8,14),(3220,'2022-09-10 12:27:23',860,9,8,9,14),(3221,'2022-09-10 12:27:35',860,9,9,8,14),(3222,'2022-09-10 12:28:29',650,9,9,8,14),(3223,'2022-09-10 12:28:33',1034,9,8,9,14),(3224,'2022-09-10 12:29:40',171,9,9,8,14),(3225,'2022-09-10 12:29:50',1471,9,8,9,14),(3226,'2022-09-10 12:29:58',171,9,8,9,14),(3227,'2022-09-10 12:30:14',129,9,9,8,14),(3228,'2022-09-10 12:33:59',464,10,8,9,15),(3229,'2022-09-10 12:36:04',172,9,8,9,14),(3230,'2022-09-10 12:36:10',172,9,8,9,14),(3231,'2022-09-10 12:37:30',735,9,8,9,14),(3232,'2022-09-10 12:39:00',734,9,9,8,14),(3233,'2022-09-10 12:39:08',722,9,9,8,14),(3234,'2022-09-10 12:40:29',718,9,8,9,14),(3235,'2022-09-10 12:41:48',661,9,9,8,14),(3236,'2022-09-10 12:41:54',663,9,9,8,14),(3237,'2022-09-10 12:41:57',1110,10,9,8,15),(3238,'2022-09-10 12:42:01',660,9,9,8,14),(3239,'2022-09-10 12:45:43',568,9,8,9,14),(3240,'2022-09-10 12:45:49',562,9,8,9,14),(3241,'2022-09-10 12:46:27',86,10,9,8,15),(3242,'2022-09-10 12:47:37',74,10,9,8,15),(3243,'2022-09-10 12:49:34',86,10,8,9,15),(3244,'2022-09-10 12:49:44',876,9,9,8,14),(3245,'2022-09-10 12:49:50',326,10,8,9,15),(3246,'2022-09-10 12:50:00',555,10,8,9,15),(3247,'2022-09-10 12:51:12',1217,9,8,9,14),(3248,'2022-09-10 12:51:20',1218,9,9,8,14),(3249,'2022-09-10 12:51:25',1216,9,9,8,14),(3250,'2022-09-10 12:52:37',722,9,8,9,14),(3251,'2022-09-10 12:52:42',734,9,8,9,14),(3252,'2022-09-10 12:53:55',703,9,9,8,14),(3253,'2022-09-10 12:55:01',454,9,8,9,14),(3254,'2022-09-10 12:55:11',1025,9,8,9,14),(3255,'2022-09-10 12:58:01',725,9,9,8,14),(3256,'2022-09-10 12:58:02',728,10,8,9,15),(3257,'2022-09-10 12:58:13',126,10,8,9,15),(3258,'2022-09-10 13:00:35',163,10,9,8,15),(3259,'2022-09-10 13:00:40',163,10,8,9,15),(3260,'2022-09-10 13:01:12',725,9,8,9,14),(3261,'2022-09-10 13:01:51',163,10,9,8,15),(3262,'2022-09-10 13:01:57',654,10,8,9,15),(3263,'2022-09-10 13:04:46',513,9,9,8,14),(3264,'2022-09-10 13:05:30',548,9,8,9,14),(3265,'2022-09-10 13:05:35',326,10,9,8,15),(3266,'2022-09-10 13:06:13',650,9,8,9,14),(3267,'2022-09-10 13:06:59',1326,9,8,9,14),(3268,'2022-09-10 13:09:12',269,9,8,9,14),(3269,'2022-09-10 13:09:21',270,9,8,9,14),(3270,'2022-09-10 13:09:31',1217,9,9,8,14),(3271,'2022-09-10 13:09:40',1218,9,8,9,14),(3272,'2022-09-10 13:13:37',64,9,9,8,14),(3273,'2022-09-10 13:13:44',64,9,8,9,14),(3274,'2022-09-10 13:14:28',64,9,9,8,14),(3275,'2022-09-10 13:14:33',729,9,8,9,14),(3276,'2022-09-10 13:14:35',64,9,8,9,14),(3277,'2022-09-10 13:14:42',1253,9,8,9,14),(3278,'2022-09-10 13:14:50',461,9,8,9,14),(3279,'2022-09-10 13:15:01',1081,9,9,8,14),(3280,'2022-09-10 13:15:07',1085,9,8,9,14),(3281,'2022-09-10 13:15:13',122,9,8,9,14),(3282,'2022-09-10 13:15:18',151,9,8,9,14),(3283,'2022-09-10 13:17:33',1451,10,8,9,15),(3284,'2022-09-10 13:18:56',876,9,8,9,14),(3285,'2022-09-10 13:20:23',473,10,8,9,15),(3286,'2022-09-10 13:21:38',711,10,8,9,15),(3287,'2022-09-10 13:21:43',705,10,8,9,15),(3288,'2022-09-10 13:23:44',876,9,9,8,14),(3289,'2022-09-10 13:23:59',840,9,8,9,14),(3290,'2022-09-10 13:24:04',1447,9,8,9,14),(3291,'2022-09-10 13:24:10',839,9,8,9,14),(3292,'2022-09-10 13:24:57',1120,9,9,8,14),(3293,'2022-09-10 13:25:37',380,10,8,9,15),(3294,'2022-09-10 13:27:08',549,9,9,8,14),(3295,'2022-09-10 13:27:59',172,9,9,8,14),(3296,'2022-09-10 13:30:27',116,9,8,9,14),(3297,'2022-09-10 13:31:06',141,9,9,8,14),(3298,'2022-09-10 13:31:34',595,9,9,8,14),(3299,'2022-09-10 13:31:40',571,9,9,8,14),(3300,'2022-09-10 13:32:23',1453,9,8,9,14),(3301,'2022-09-10 13:32:32',549,9,8,9,14),(3302,'2022-09-10 13:34:10',336,9,8,9,14),(3303,'2022-09-10 13:36:14',468,10,8,9,15),(3304,'2022-09-10 13:37:47',1217,9,8,9,14),(3305,'2022-09-10 13:38:26',172,9,8,9,14),(3306,'2022-09-10 13:38:57',470,10,8,9,15),(3307,'2022-09-10 13:39:24',1027,10,9,8,15),(3308,'2022-09-10 13:40:13',752,10,8,9,15),(3309,'2022-09-10 13:40:15',102,9,8,9,14),(3310,'2022-09-10 13:40:29',184,9,9,8,14),(3311,'2022-09-10 13:40:36',178,9,9,8,14),(3312,'2022-09-10 13:40:50',754,9,9,8,14),(3313,'2022-09-10 13:41:34',269,9,9,8,14),(3314,'2022-09-10 13:42:04',573,9,8,9,14),(3315,'2022-09-10 13:42:25',724,9,9,8,14),(3316,'2022-09-10 13:45:18',127,10,8,9,15),(3317,'2022-09-10 13:46:27',269,9,8,9,14),(3318,'2022-09-10 13:46:39',328,9,8,9,14),(3319,'2022-09-10 13:46:49',595,9,8,9,14),(3320,'2022-09-10 13:47:27',651,9,8,9,14),(3321,'2022-09-10 13:47:47',566,10,9,8,15),(3322,'2022-09-10 13:50:24',1451,10,9,8,15),(3323,'2022-09-10 13:50:27',1451,10,9,8,15),(3324,'2022-09-10 13:51:07',573,9,9,8,14),(3325,'2022-09-10 13:51:58',582,9,8,9,14),(3326,'2022-09-10 13:53:27',553,9,8,9,14),(3327,'2022-09-10 13:54:01',752,10,9,8,15),(3328,'2022-09-10 13:55:08',650,9,9,8,14),(3329,'2022-09-10 13:55:37',331,10,8,9,15),(3330,'2022-09-10 13:55:37',337,9,8,9,14),(3331,'2022-09-10 13:55:47',673,9,8,9,14),(3332,'2022-09-10 13:57:14',549,9,9,8,14),(3333,'2022-09-10 13:57:19',1453,9,9,8,14),(3334,'2022-09-10 13:57:20',752,10,8,9,15),(3335,'2022-09-10 13:57:27',556,9,9,8,14),(3336,'2022-09-10 13:57:49',752,10,9,8,15),(3337,'2022-09-10 13:58:05',340,10,9,8,15),(3338,'2022-09-10 13:58:17',342,10,9,8,15),(3339,'2022-09-10 13:58:34',374,10,8,9,15),(3340,'2022-09-10 13:59:28',553,9,9,8,14),(3341,'2022-09-10 14:01:58',650,9,8,9,14),(3342,'2022-09-10 14:02:06',777,9,8,9,14),(3343,'2022-09-10 14:07:17',330,10,8,9,15),(3344,'2022-09-10 14:09:19',771,9,8,9,14),(3345,'2022-09-10 14:10:27',553,9,8,9,14),(3346,'2022-09-10 14:10:28',425,10,8,9,15),(3347,'2022-09-10 14:11:57',74,10,8,9,15),(3348,'2022-09-10 14:14:11',116,9,9,8,14),(3349,'2022-09-10 14:17:44',628,10,9,8,15),(3350,'2022-09-10 14:18:33',654,10,9,8,15),(3351,'2022-09-10 14:18:38',1041,9,9,8,14),(3352,'2022-09-10 14:19:20',94,9,9,8,14),(3353,'2022-09-10 14:19:20',628,10,8,9,15),(3354,'2022-09-10 14:19:40',549,9,8,9,14),(3355,'2022-09-10 14:19:53',1453,9,8,9,14),(3356,'2022-09-10 14:20:21',1450,9,8,9,14),(3357,'2022-09-10 14:21:22',116,9,8,9,14),(3358,'2022-09-10 14:21:33',135,10,9,8,15),(3359,'2022-09-10 14:22:15',761,9,8,9,14),(3360,'2022-09-10 14:22:54',1120,9,8,9,14),(3361,'2022-09-10 14:25:43',1120,9,9,8,14),(3362,'2022-09-10 14:25:53',181,9,9,8,14),(3363,'2022-09-10 14:25:57',116,9,9,8,14),(3364,'2022-09-10 14:28:44',460,9,8,9,14),(3365,'2022-09-10 14:28:50',457,9,8,9,14),(3366,'2022-09-10 14:30:18',427,9,8,9,14),(3367,'2022-09-10 14:31:02',248,10,8,9,15),(3368,'2022-09-10 14:31:11',250,10,8,9,15),(3369,'2022-09-10 14:33:16',771,9,9,8,14),(3370,'2022-09-10 14:34:13',668,9,8,9,14),(3371,'2022-09-10 14:34:18',667,9,9,8,14),(3372,'2022-09-10 14:34:24',667,9,8,9,14),(3373,'2022-09-10 14:36:03',540,9,8,9,14),(3374,'2022-09-10 14:36:10',541,9,8,9,14),(3375,'2022-09-10 14:37:32',739,9,8,9,14),(3376,'2022-09-10 14:38:24',277,9,8,9,14),(3377,'2022-09-10 14:39:46',666,9,8,9,14),(3378,'2022-09-10 14:40:08',78,9,8,9,14),(3379,'2022-09-10 14:42:14',522,9,8,9,14),(3380,'2022-09-10 14:42:23',370,9,8,9,14),(3381,'2022-09-10 14:46:48',1111,9,8,9,14),(3382,'2022-09-10 14:46:54',91,9,8,9,14),(3383,'2022-09-10 14:47:19',562,9,9,8,14),(3384,'2022-09-10 14:47:26',555,9,9,8,14),(3385,'2022-09-10 14:47:31',555,9,8,9,14),(3386,'2022-09-10 14:50:14',628,9,9,8,10),(3387,'2022-09-10 14:50:32',86,9,9,8,10),(3388,'2022-09-10 14:51:02',1464,9,8,9,14),(3389,'2022-09-10 14:51:02',1464,9,8,9,14),(3390,'2022-09-10 14:54:10',923,9,8,9,14),(3391,'2022-09-10 14:54:22',924,9,8,9,14),(3392,'2022-09-10 14:54:37',924,9,9,8,14),(3393,'2022-09-10 14:54:44',924,9,8,9,14),(3394,'2022-09-10 14:54:55',1464,9,9,8,14),(3395,'2022-09-10 14:55:03',324,9,8,9,14),(3396,'2022-09-10 14:59:54',1042,9,8,9,14),(3397,'2022-09-10 15:00:01',1042,9,9,8,14),(3398,'2022-09-10 15:02:23',1042,9,8,9,14),(3399,'2022-09-10 15:02:33',429,9,8,9,14),(3400,'2022-09-10 15:02:47',281,9,8,9,14),(3401,'2022-09-10 15:03:21',445,9,8,9,14),(3402,'2022-09-10 15:04:23',446,9,8,9,14),(3403,'2022-09-10 15:05:05',1095,10,8,9,6),(3404,'2022-09-10 15:05:12',678,10,8,9,6),(3405,'2022-09-10 15:05:21',675,10,8,9,6),(3406,'2022-09-10 15:05:26',250,9,9,8,14),(3407,'2022-09-10 15:06:19',603,9,8,9,10),(3408,'2022-09-10 15:06:20',77,9,8,9,14),(3409,'2022-09-10 15:06:33',714,10,8,9,6),(3410,'2022-09-10 15:06:51',401,9,8,9,14),(3411,'2022-09-10 15:07:01',402,9,8,9,14),(3412,'2022-09-10 15:07:10',400,9,8,9,14),(3413,'2022-09-10 15:07:16',403,9,8,9,14),(3414,'2022-09-10 15:07:28',398,9,8,9,14),(3415,'2022-09-10 15:07:32',1081,9,8,9,14),(3416,'2022-09-10 15:07:36',399,9,8,9,14),(3417,'2022-09-10 15:07:40',1081,9,9,8,14),(3418,'2022-09-10 15:07:47',1085,9,9,8,14),(3419,'2022-09-10 15:07:54',764,10,9,8,6),(3420,'2022-09-10 15:08:14',250,9,8,9,14),(3421,'2022-09-10 15:08:57',1100,9,9,8,14),(3422,'2022-09-10 15:09:09',458,9,9,8,14),(3423,'2022-09-10 15:09:53',1464,9,8,9,14),(3424,'2022-09-10 15:10:01',1464,9,9,8,14),(3425,'2022-09-10 15:10:54',326,9,8,9,14),(3426,'2022-09-10 15:11:02',327,9,8,9,14),(3427,'2022-09-10 15:11:45',513,10,8,9,6),(3428,'2022-09-10 15:11:49',755,10,8,9,6),(3429,'2022-09-10 15:13:06',714,10,9,8,6),(3430,'2022-09-10 15:13:53',571,10,8,9,6),(3431,'2022-09-10 15:14:17',1027,9,8,9,14),(3432,'2022-09-10 15:15:34',568,10,9,8,6),(3433,'2022-09-10 15:17:41',632,9,8,9,14),(3434,'2022-09-10 15:18:31',714,9,8,9,14),(3435,'2022-09-10 15:18:50',423,9,8,9,14),(3436,'2022-09-10 15:20:40',515,9,8,9,14),(3437,'2022-09-10 15:20:45',1120,9,8,9,14),(3438,'2022-09-10 15:20:47',514,9,8,9,14),(3439,'2022-09-10 15:21:56',628,9,8,9,14),(3440,'2022-09-10 15:22:36',749,9,8,9,14),(3441,'2022-09-10 15:23:04',151,9,9,8,14),(3442,'2022-09-10 15:23:09',122,9,9,8,14),(3443,'2022-09-10 15:23:34',70,9,8,9,14),(3444,'2022-09-10 15:24:20',1114,9,9,8,14),(3445,'2022-09-10 15:24:52',1085,9,8,9,14),(3446,'2022-09-10 15:24:58',1081,9,8,9,14),(3447,'2022-09-10 15:29:43',574,9,8,9,15),(3448,'2022-09-10 15:30:48',1041,9,8,9,14),(3449,'2022-09-10 15:30:53',1041,9,8,9,14),(3450,'2022-09-10 15:31:14',442,9,8,9,14),(3451,'2022-09-10 15:31:41',94,9,8,9,14),(3452,'2022-09-10 15:32:29',717,9,9,8,14),(3453,'2022-09-10 15:32:48',184,9,8,9,14),(3454,'2022-09-10 15:33:30',175,9,8,9,14),(3455,'2022-09-10 15:34:04',1450,9,9,8,14),(3456,'2022-09-10 15:36:13',1253,9,9,8,14),(3457,'2022-09-10 15:36:19',461,9,9,8,14),(3458,'2022-09-10 15:37:17',1028,9,8,9,14),(3459,'2022-09-10 15:37:42',391,9,8,9,14),(3460,'2022-09-10 15:37:49',388,9,8,9,14),(3461,'2022-09-10 15:38:45',582,9,9,8,14),(3462,'2022-09-10 15:38:56',663,9,8,9,14),(3463,'2022-09-10 15:39:28',660,9,8,9,14),(3464,'2022-09-10 15:39:34',1090,9,9,8,14),(3465,'2022-09-10 15:40:41',1121,9,8,9,14),(3466,'2022-09-10 15:40:50',395,9,8,9,14),(3467,'2022-09-10 15:41:40',710,9,8,9,14),(3468,'2022-09-10 15:42:15',548,9,9,8,14),(3469,'2022-09-10 15:42:49',582,9,8,9,14),(3470,'2022-09-10 15:43:28',735,9,9,8,14),(3471,'2022-09-10 15:44:22',482,9,8,9,14),(3472,'2022-09-10 15:44:40',72,9,9,8,14),(3473,'2022-09-10 15:45:56',454,9,9,8,14),(3474,'2022-09-10 15:47:46',1329,9,8,9,14),(3475,'2022-09-10 15:48:38',337,9,9,8,14),(3476,'2022-09-10 15:49:30',337,9,8,9,14),(3477,'2022-09-10 15:50:05',127,9,9,8,14),(3478,'2022-09-10 15:51:11',97,9,8,9,14),(3479,'2022-09-10 15:51:53',1119,9,9,8,14),(3480,'2022-09-10 15:54:02',591,9,8,9,14),(3481,'2022-09-10 15:54:09',573,9,8,9,14),(3482,'2022-09-10 15:54:14',573,9,9,8,14),(3483,'2022-09-10 15:55:41',1043,9,8,9,14),(3484,'2022-09-10 15:55:49',1067,9,8,9,14),(3485,'2022-09-10 15:55:59',548,9,8,9,14),(3486,'2022-09-10 15:56:40',733,9,8,9,14),(3487,'2022-09-10 15:56:53',633,9,9,8,14),(3488,'2022-09-10 15:57:01',643,9,9,8,14),(3489,'2022-09-10 15:57:08',428,9,8,9,14),(3490,'2022-09-10 15:57:30',457,9,9,8,14),(3491,'2022-09-10 15:57:38',460,9,9,8,14),(3492,'2022-09-10 15:58:15',337,9,9,8,14),(3493,'2022-09-10 15:58:18',310,9,8,9,14),(3494,'2022-09-10 15:58:24',311,9,8,9,14),(3495,'2022-09-10 15:58:25',673,9,9,8,14),(3496,'2022-09-10 15:59:13',77,9,9,8,14),(3497,'2022-09-10 15:59:29',371,9,8,9,14),(3498,'2022-09-10 16:00:34',87,9,8,9,14),(3499,'2022-09-10 16:01:18',643,9,8,9,14),(3500,'2022-09-10 16:01:24',633,9,8,9,14),(3501,'2022-09-10 16:01:38',96,9,8,9,14),(3502,'2022-09-10 16:02:43',446,9,9,8,14),(3503,'2022-09-10 16:03:04',181,9,8,9,14),(3504,'2022-09-10 16:03:09',116,9,8,9,14),(3505,'2022-09-10 16:03:14',88,9,9,8,14),(3506,'2022-09-10 16:03:20',681,9,8,9,14),(3507,'2022-09-10 16:03:39',137,9,8,9,14),(3508,'2022-09-10 16:04:00',722,9,9,8,14),(3509,'2022-09-10 16:05:09',464,9,9,8,14),(3510,'2022-09-10 16:05:24',1001,9,8,9,14),(3511,'2022-09-10 16:05:34',168,9,8,9,14),(3512,'2022-09-10 16:05:39',1025,9,9,8,14),(3513,'2022-09-10 16:06:38',1034,9,9,8,15),(3514,'2022-09-10 16:06:41',340,9,8,9,14),(3515,'2022-09-10 16:06:47',342,9,8,9,14),(3516,'2022-09-10 16:06:48',156,9,9,8,15),(3517,'2022-09-10 16:06:56',335,9,8,9,14),(3518,'2022-09-10 16:07:01',333,9,8,9,14),(3519,'2022-09-10 16:07:27',140,9,8,9,14),(3520,'2022-09-10 16:07:41',127,9,8,9,14),(3521,'2022-09-10 16:07:46',561,9,8,9,14),(3522,'2022-09-10 16:08:15',1098,9,8,9,14),(3523,'2022-09-10 16:10:07',317,9,8,9,14),(3524,'2022-09-10 16:11:09',135,9,8,9,14),(3525,'2022-09-10 16:11:18',553,9,9,8,14),(3526,'2022-09-10 16:11:22',1123,9,9,8,14),(3527,'2022-09-10 16:11:28',1123,9,8,9,14),(3528,'2022-09-10 16:12:17',326,9,9,8,14),(3529,'2022-09-10 16:12:41',663,9,9,8,14),(3530,'2022-09-10 16:12:44',660,9,9,8,14),(3531,'2022-09-10 16:12:49',675,9,9,8,14),(3532,'2022-09-10 16:12:59',327,9,9,8,14),(3533,'2022-09-10 16:13:19',328,9,9,8,14),(3534,'2022-09-10 16:13:35',1079,9,8,9,14),(3535,'2022-09-10 16:14:37',532,9,8,9,14),(3536,'2022-09-10 16:15:10',405,9,8,9,14),(3537,'2022-09-10 16:15:13',406,9,8,9,14),(3538,'2022-09-10 16:16:18',102,9,9,8,14),(3539,'2022-09-10 16:16:18',102,9,9,8,14),(3540,'2022-09-10 16:16:37',446,9,8,9,14),(3541,'2022-09-10 16:16:54',548,9,9,8,14),(3542,'2022-09-10 16:17:47',561,9,9,8,14),(3543,'2022-09-10 16:18:29',1468,9,8,9,14),(3544,'2022-09-10 16:19:46',627,9,8,9,14),(3545,'2022-09-10 16:20:00',741,9,8,9,14),(3546,'2022-09-10 16:21:42',722,9,8,9,14),(3547,'2022-09-10 16:23:15',629,9,8,9,14),(3548,'2022-09-10 16:25:00',644,9,9,8,14),(3549,'2022-09-10 16:25:05',626,9,9,8,14),(3550,'2022-09-10 16:25:29',683,9,8,9,14),(3551,'2022-09-10 16:26:46',387,9,8,9,14),(3552,'2022-09-10 16:26:46',387,9,8,9,14),(3553,'2022-09-10 16:27:10',385,9,8,9,14),(3554,'2022-09-10 16:27:36',696,9,8,9,14),(3555,'2022-09-10 16:27:44',724,9,8,9,14),(3556,'2022-09-10 16:28:08',380,9,9,8,14),(3557,'2022-09-10 16:28:08',380,9,9,8,14),(3558,'2022-09-10 16:28:51',422,9,8,9,14),(3559,'2022-09-10 16:29:08',499,9,8,9,14),(3560,'2022-09-10 16:29:14',163,10,8,9,6),(3561,'2022-09-10 16:29:19',163,10,9,8,6),(3562,'2022-09-10 16:30:29',553,9,8,9,14),(3563,'2022-09-10 16:31:21',606,9,8,9,14),(3564,'2022-09-10 16:31:50',441,9,8,9,14),(3565,'2022-09-10 16:31:50',441,9,8,9,14),(3566,'2022-09-10 16:32:12',438,9,8,9,14),(3567,'2022-09-10 16:35:03',172,9,9,8,14),(3568,'2022-09-10 16:37:23',634,9,8,9,14),(3569,'2022-09-10 16:37:59',722,9,9,8,14),(3570,'2022-09-10 16:38:03',734,9,9,8,14),(3571,'2022-09-10 16:38:33',442,9,9,8,14),(3572,'2022-09-10 16:38:42',482,9,9,8,14),(3573,'2022-09-10 16:38:47',528,9,8,9,14),(3574,'2022-09-10 16:38:50',529,9,8,9,14),(3575,'2022-09-10 16:38:54',1480,9,8,9,14),(3576,'2022-09-10 16:39:03',643,9,9,8,14),(3577,'2022-09-10 16:39:51',482,9,8,9,14),(3578,'2022-09-10 16:40:10',364,9,8,9,14),(3579,'2022-09-10 16:41:11',1123,9,9,8,14),(3580,'2022-09-10 16:41:17',1088,9,8,9,14),(3581,'2022-09-10 16:41:24',1088,9,9,8,14),(3582,'2022-09-10 16:41:25',635,9,8,9,14),(3583,'2022-09-10 16:41:40',126,9,9,8,14),(3584,'2022-09-10 16:41:51',1038,9,9,8,14),(3585,'2022-09-10 16:41:58',138,9,9,8,14),(3586,'2022-09-10 16:42:50',468,9,9,8,14),(3587,'2022-09-10 16:43:03',473,9,9,8,14),(3588,'2022-09-10 16:43:26',481,9,8,9,14),(3589,'2022-09-10 16:43:45',574,9,9,8,14),(3590,'2022-09-10 16:45:03',133,9,8,9,14),(3591,'2022-09-10 16:47:06',272,10,8,9,6),(3592,'2022-09-10 16:47:19',274,10,8,9,6),(3593,'2022-09-10 16:47:27',275,10,8,9,6),(3594,'2022-09-10 16:49:53',336,9,9,8,14),(3595,'2022-09-10 16:50:19',504,9,8,9,14),(3596,'2022-09-10 16:51:12',542,9,8,9,14),(3597,'2022-09-10 16:51:19',611,9,9,8,14),(3598,'2022-09-10 16:51:23',611,9,8,9,14),(3599,'2022-09-10 16:51:30',749,9,9,8,14),(3600,'2022-09-10 16:52:05',273,9,8,9,14),(3601,'2022-09-10 16:52:34',1003,9,8,9,14),(3602,'2022-09-10 16:52:55',364,9,9,8,14),(3603,'2022-09-10 16:53:17',660,9,8,9,14),(3604,'2022-09-10 16:53:21',663,9,8,9,14),(3605,'2022-09-10 16:53:25',675,9,8,9,14),(3606,'2022-09-10 16:54:40',1122,9,9,8,14),(3607,'2022-09-10 16:55:09',364,9,8,9,14),(3608,'2022-09-10 16:55:19',328,9,8,9,14),(3609,'2022-09-10 16:55:33',516,9,8,9,14),(3610,'2022-09-10 16:56:30',574,9,8,9,14),(3611,'2022-09-10 16:56:39',1465,9,8,9,14),(3612,'2022-09-10 16:56:41',771,9,8,9,14),(3613,'2022-09-10 16:56:48',663,9,9,8,14),(3614,'2022-09-10 16:57:17',1450,9,8,9,14),(3615,'2022-09-10 16:57:25',252,9,8,9,14),(3616,'2022-09-10 16:59:53',322,9,8,9,14),(3617,'2022-09-10 17:00:09',504,9,9,8,14),(3618,'2022-09-10 17:00:55',109,9,9,8,14),(3619,'2022-09-10 17:01:56',679,9,8,9,14),(3620,'2022-09-10 17:02:10',687,9,8,9,14),(3621,'2022-09-10 17:02:30',504,9,8,9,14),(3622,'2022-09-10 17:02:38',752,9,8,9,14),(3623,'2022-09-10 17:03:24',172,9,8,9,14),(3624,'2022-09-10 17:04:48',722,9,8,9,14),(3625,'2022-09-10 17:04:52',734,9,8,9,14),(3626,'2022-09-10 17:04:53',365,9,8,9,14),(3627,'2022-09-10 17:05:21',716,9,9,8,14),(3628,'2022-09-10 17:05:40',554,9,8,9,14),(3629,'2022-09-10 17:06:39',1481,9,8,9,14),(3630,'2022-09-10 17:07:27',741,9,9,8,14),(3631,'2022-09-10 17:08:21',95,9,9,8,14),(3632,'2022-09-10 17:08:25',93,9,9,8,14),(3633,'2022-09-10 17:09:31',783,9,8,9,14),(3634,'2022-09-10 17:09:34',753,9,8,9,14),(3635,'2022-09-10 17:10:14',238,9,8,9,14),(3636,'2022-09-10 17:10:19',242,9,8,9,14),(3637,'2022-09-10 17:10:41',218,9,8,9,14),(3638,'2022-09-10 17:10:43',87,9,9,8,14),(3639,'2022-09-10 17:10:52',1031,9,9,8,14),(3640,'2022-09-10 17:12:30',611,9,9,8,14),(3641,'2022-09-10 17:13:26',1081,9,9,8,14),(3642,'2022-09-10 17:13:31',1085,9,9,8,14),(3643,'2022-09-10 17:13:32',255,9,8,9,14),(3644,'2022-09-10 17:13:58',503,9,8,9,14),(3645,'2022-09-10 17:14:10',661,9,8,9,14),(3646,'2022-09-10 17:14:15',663,9,8,9,14),(3647,'2022-09-10 17:14:21',690,9,8,9,14),(3648,'2022-09-10 17:14:42',644,9,8,9,14),(3649,'2022-09-10 17:14:46',626,9,8,9,14),(3650,'2022-09-10 17:15:01',749,9,8,9,14),(3651,'2022-09-10 17:16:07',352,9,8,9,14),(3652,'2022-09-10 17:16:18',761,9,9,8,14),(3653,'2022-09-10 17:18:09',161,9,9,8,14),(3654,'2022-09-10 17:18:40',649,9,8,9,14),(3655,'2022-09-10 17:20:02',753,9,9,8,14),(3656,'2022-09-10 17:20:07',777,9,9,8,14),(3657,'2022-09-10 17:21:11',714,9,9,8,14),(3658,'2022-09-10 17:21:31',1082,9,8,9,14),(3659,'2022-09-10 17:24:10',643,9,8,9,14),(3660,'2022-09-10 17:24:27',1218,9,9,8,14),(3661,'2022-09-10 17:25:10',154,9,8,9,14),(3662,'2022-09-10 17:25:11',591,9,9,8,14),(3663,'2022-09-10 17:26:40',718,9,9,8,14),(3664,'2022-09-10 17:27:07',691,9,9,8,14),(3665,'2022-09-10 17:27:07',691,9,9,8,14),(3666,'2022-09-10 17:27:08',691,9,9,8,14),(3667,'2022-09-10 17:27:14',248,9,9,8,14),(3668,'2022-09-10 17:27:25',255,9,9,8,14),(3669,'2022-09-10 17:27:32',691,9,9,8,14),(3670,'2022-09-10 17:27:48',705,9,9,8,14),(3671,'2022-09-10 17:27:51',705,9,9,8,14),(3672,'2022-09-10 17:27:52',705,9,9,8,14),(3673,'2022-09-10 17:27:52',705,9,9,8,14),(3674,'2022-09-10 17:27:53',705,9,9,8,14),(3675,'2022-09-10 17:27:53',705,9,9,8,14),(3676,'2022-09-10 17:27:54',705,9,9,8,14),(3677,'2022-09-10 17:27:54',705,9,9,8,14),(3678,'2022-09-10 17:27:54',705,9,9,8,14),(3679,'2022-09-10 17:27:55',705,9,9,8,14),(3680,'2022-09-10 17:27:55',705,9,9,8,14),(3681,'2022-09-10 17:28:31',741,9,8,9,14),(3682,'2022-09-10 17:28:32',649,9,9,8,14),(3683,'2022-09-10 17:28:38',631,9,9,8,14),(3684,'2022-09-10 17:29:02',218,9,9,8,14),(3685,'2022-09-10 17:29:34',142,9,8,9,14),(3686,'2022-09-10 17:29:35',1453,9,9,8,14),(3687,'2022-09-10 17:30:30',491,9,8,9,14),(3688,'2022-09-10 17:30:41',113,9,8,9,14),(3689,'2022-09-10 17:30:43',490,9,8,9,14),(3690,'2022-09-10 17:31:34',527,9,9,8,14),(3691,'2022-09-10 17:31:41',218,9,8,9,14),(3692,'2022-09-10 17:31:42',527,9,8,9,14),(3693,'2022-09-10 17:32:04',771,9,9,8,14),(3694,'2022-09-10 17:32:22',589,9,8,9,14),(3695,'2022-09-10 17:32:44',484,9,8,9,14),(3696,'2022-09-10 17:33:34',714,9,8,9,14),(3697,'2022-09-10 17:33:44',168,9,9,8,14),(3698,'2022-09-10 17:33:53',154,9,9,8,14),(3699,'2022-09-10 17:34:28',663,9,9,8,14),(3700,'2022-09-10 17:34:41',660,9,9,8,14),(3701,'2022-09-10 17:34:55',104,9,8,9,14),(3702,'2022-09-10 17:37:08',1109,9,8,9,14),(3703,'2022-09-10 17:39:48',242,9,9,8,14),(3704,'2022-09-10 17:39:51',218,9,9,8,14),(3705,'2022-09-10 17:40:02',728,9,9,8,14),(3706,'2022-09-10 17:40:08',722,9,9,8,14),(3707,'2022-09-10 17:40:14',734,9,9,8,14),(3708,'2022-09-10 17:40:18',734,9,9,8,14),(3709,'2022-09-10 17:40:37',676,9,8,9,14),(3710,'2022-09-10 17:40:43',688,9,8,9,14),(3711,'2022-09-10 17:42:41',74,9,9,8,14),(3712,'2022-09-10 17:43:32',425,9,9,8,14),(3713,'2022-09-10 17:43:39',422,9,9,8,14),(3714,'2022-09-10 17:44:02',364,9,9,8,14),(3715,'2022-09-10 17:44:19',353,9,8,9,14),(3716,'2022-09-10 17:44:25',354,9,8,9,14),(3717,'2022-09-10 17:45:37',77,9,8,9,14),(3718,'2022-09-10 17:45:44',425,9,8,9,14),(3719,'2022-09-10 17:46:15',611,9,8,9,14),(3720,'2022-09-10 17:46:34',714,9,9,8,14),(3721,'2022-09-10 17:47:22',450,9,8,9,14),(3722,'2022-09-10 17:48:08',591,9,8,9,14),(3723,'2022-09-10 17:48:59',132,9,8,9,14),(3724,'2022-09-10 17:49:49',479,9,9,8,14),(3725,'2022-09-10 17:50:01',479,9,8,9,14),(3726,'2022-09-10 17:50:14',477,9,8,9,14),(3727,'2022-09-10 17:50:38',764,9,8,9,14),(3728,'2022-09-10 17:51:50',577,9,8,9,14),(3729,'2022-09-10 17:52:34',1120,9,9,8,14),(3730,'2022-09-10 17:52:46',82,9,8,9,14),(3731,'2022-09-10 17:52:50',256,9,8,9,14),(3732,'2022-09-10 17:53:09',453,9,8,9,14),(3733,'2022-09-10 17:53:11',550,9,8,9,14),(3734,'2022-09-10 17:53:19',546,9,8,9,14),(3735,'2022-09-10 17:54:16',1071,9,8,9,14),(3736,'2022-09-10 17:54:23',85,9,8,9,14),(3737,'2022-09-10 17:54:40',777,9,8,9,14),(3738,'2022-09-10 17:54:46',753,9,8,9,14),(3739,'2022-09-10 17:54:55',144,9,8,9,14),(3740,'2022-09-10 17:55:05',238,9,9,8,14),(3741,'2022-09-10 17:56:06',1042,9,9,8,14),(3742,'2022-09-10 17:56:29',611,9,9,8,14),(3743,'2022-09-10 17:57:02',631,9,8,9,14),(3744,'2022-09-10 17:57:09',649,9,8,9,14),(3745,'2022-09-10 17:57:17',129,9,8,9,14),(3746,'2022-09-10 17:58:20',95,9,8,9,14),(3747,'2022-09-10 17:58:25',93,9,8,9,14),(3748,'2022-09-10 17:59:32',421,9,9,8,14),(3749,'2022-09-10 17:59:43',421,9,8,9,14),(3750,'2022-09-10 17:59:57',73,9,8,9,14),(3751,'2022-09-10 18:00:08',526,9,9,8,14),(3752,'2022-09-10 18:00:14',526,9,8,9,14),(3753,'2022-09-10 18:00:42',644,9,9,8,14),(3754,'2022-09-10 18:00:47',626,9,9,8,14),(3755,'2022-09-10 18:01:04',84,9,8,9,14),(3756,'2022-09-10 18:01:23',752,9,9,8,14),(3757,'2022-09-10 18:01:28',752,9,8,9,14),(3758,'2022-09-10 18:01:37',119,9,8,9,14),(3759,'2022-09-10 18:01:42',119,9,9,8,14),(3760,'2022-09-10 18:01:45',547,9,8,9,14),(3761,'2022-09-10 18:01:51',464,9,8,9,14),(3762,'2022-09-10 18:01:54',1453,9,8,9,14),(3763,'2022-09-10 18:01:58',479,9,9,8,14),(3764,'2022-09-10 18:02:18',247,9,8,9,14),(3765,'2022-09-10 18:02:41',253,9,8,9,14),(3766,'2022-09-10 18:02:43',613,9,8,9,14),(3767,'2022-09-10 18:03:04',1060,9,8,9,14),(3768,'2022-09-10 18:03:11',423,9,9,8,14),(3769,'2022-09-10 18:03:25',103,9,8,9,14),(3770,'2022-09-10 18:03:30',152,9,8,9,14),(3771,'2022-09-10 18:03:35',80,9,8,9,14),(3772,'2022-09-10 18:03:38',125,9,8,9,14),(3773,'2022-09-10 18:03:47',764,9,9,8,14),(3774,'2022-09-10 18:03:51',755,9,9,8,14),(3775,'2022-09-10 18:03:57',1293,9,8,9,14),(3776,'2022-09-10 18:04:03',75,9,8,9,14),(3777,'2022-09-10 18:04:08',72,9,8,9,14),(3778,'2022-09-10 18:04:15',1086,9,8,9,14),(3779,'2022-09-10 18:04:23',658,9,8,9,14),(3780,'2022-09-10 18:04:26',924,9,9,8,14),(3781,'2022-09-10 18:05:05',663,9,8,9,14),(3782,'2022-09-10 18:05:10',660,9,8,9,14),(3783,'2022-09-10 18:05:50',550,9,9,8,14),(3784,'2022-09-10 18:06:02',546,9,9,8,14),(3785,'2022-09-10 18:06:07',92,9,8,9,14),(3786,'2022-09-10 18:06:56',755,9,8,9,14),(3787,'2022-09-10 18:07:00',764,9,8,9,14),(3788,'2022-09-10 18:07:16',1059,9,8,9,14),(3789,'2022-09-10 18:07:28',1033,9,8,9,14),(3790,'2022-09-10 18:07:50',97,9,9,8,14),(3791,'2022-09-10 18:07:57',313,9,8,9,14),(3792,'2022-09-10 18:08:55',1118,9,8,9,14),(3793,'2022-09-10 18:09:00',1035,9,8,9,14),(3794,'2022-09-10 18:09:08',611,9,8,9,14),(3795,'2022-09-10 18:09:17',337,9,8,9,14),(3796,'2022-09-10 18:09:22',673,9,8,9,14),(3797,'2022-09-10 18:09:26',164,9,9,8,14),(3798,'2022-09-10 18:09:53',764,9,9,8,14),(3799,'2022-09-10 18:10:23',165,9,9,8,14),(3800,'2022-09-10 18:10:37',1064,9,8,9,14),(3801,'2022-09-10 18:11:16',547,9,9,8,14),(3802,'2022-09-10 18:11:25',1453,9,9,8,14),(3803,'2022-09-10 18:12:23',302,9,8,9,14),(3804,'2022-09-10 18:12:36',644,9,8,9,14),(3805,'2022-09-10 18:12:41',626,9,8,9,14),(3806,'2022-09-10 18:12:55',663,9,9,8,14),(3807,'2022-09-10 18:13:00',668,9,9,8,14),(3808,'2022-09-10 18:13:06',660,9,9,8,14),(3809,'2022-09-10 18:13:14',764,9,8,9,14),(3810,'2022-09-10 18:15:07',1028,9,9,8,14),(3811,'2022-09-10 18:15:17',1078,9,8,9,14),(3812,'2022-09-10 18:15:36',88,9,8,9,14),(3813,'2022-09-10 18:16:08',1062,9,8,9,14),(3814,'2022-09-10 18:16:15',876,9,8,9,14),(3815,'2022-09-10 18:17:16',722,9,8,9,14),(3816,'2022-09-10 18:17:32',734,9,8,9,14),(3817,'2022-09-10 18:17:49',470,9,9,8,14),(3818,'2022-09-10 18:18:07',1304,9,8,9,14),(3819,'2022-09-10 18:18:17',553,9,9,8,14),(3820,'2022-09-10 18:19:02',1453,9,8,9,14),(3821,'2022-09-10 18:19:09',547,9,8,9,14),(3822,'2022-09-10 18:19:13',562,9,8,9,14),(3823,'2022-09-10 18:19:16',380,9,8,9,14),(3824,'2022-09-10 18:21:30',1050,9,8,9,14),(3825,'2022-09-10 18:21:39',1469,9,8,9,14),(3826,'2022-09-10 18:21:43',1116,9,8,9,14),(3827,'2022-09-10 18:22:17',503,9,9,8,14),(3828,'2022-09-10 18:23:14',74,9,8,9,14),(3829,'2022-09-10 18:23:37',668,9,8,9,14),(3830,'2022-09-10 18:23:44',660,9,8,9,14),(3831,'2022-09-10 18:24:00',336,9,8,9,14),(3832,'2022-09-10 18:24:58',1083,9,8,9,14),(3833,'2022-09-10 18:25:03',112,9,8,9,14),(3834,'2022-09-10 18:25:29',554,9,9,8,14),(3835,'2022-09-10 18:25:42',553,9,8,9,14),(3836,'2022-09-10 18:26:28',250,9,9,8,14),(3837,'2022-09-10 18:27:09',78,9,9,8,14),(3838,'2022-09-10 18:27:14',479,9,8,9,14),(3839,'2022-09-10 18:28:34',503,9,8,9,14),(3840,'2022-09-10 18:28:53',272,9,9,8,14),(3841,'2022-09-10 18:30:27',413,9,8,9,14),(3842,'2022-09-10 18:33:11',714,9,8,9,14),(3843,'2022-09-10 18:33:18',457,9,8,9,14),(3844,'2022-09-10 18:33:40',764,9,9,8,14),(3845,'2022-09-10 18:34:02',734,9,9,8,14),(3846,'2022-09-10 18:34:08',722,9,9,8,14),(3847,'2022-09-10 18:34:29',712,9,8,9,14),(3848,'2022-09-10 18:34:50',335,9,9,8,14),(3849,'2022-09-10 18:35:31',343,9,8,9,14),(3850,'2022-09-10 18:35:47',1329,9,9,8,14),(3851,'2022-09-10 18:35:47',341,9,8,9,14),(3852,'2022-09-10 18:35:54',341,9,9,8,14),(3853,'2022-09-10 18:36:02',336,9,9,8,14),(3854,'2022-09-10 18:36:05',123,9,8,9,14),(3855,'2022-09-10 18:36:15',565,9,8,9,14),(3856,'2022-09-10 18:37:17',105,9,8,9,14),(3857,'2022-09-10 18:37:46',574,9,9,8,14),(3858,'2022-09-10 18:38:34',1074,9,8,9,14),(3859,'2022-09-10 18:38:38',1076,9,8,9,14),(3860,'2022-09-10 18:38:59',179,9,8,9,14),(3861,'2022-09-10 18:39:24',649,9,9,8,14),(3862,'2022-09-10 18:39:48',428,9,9,8,14),(3863,'2022-09-10 18:39:53',182,9,8,9,14),(3864,'2022-09-10 18:40:03',90,9,8,9,14),(3865,'2022-09-10 18:41:23',535,9,8,9,14),(3866,'2022-09-10 18:41:49',630,9,8,9,14),(3867,'2022-09-10 18:42:05',250,9,8,9,14),(3868,'2022-09-10 18:42:36',617,9,9,8,14),(3869,'2022-09-10 18:42:40',596,9,9,8,14),(3870,'2022-09-10 18:43:06',764,9,8,9,14),(3871,'2022-09-10 18:44:00',368,9,8,9,14),(3872,'2022-09-10 18:45:21',831,9,8,9,14),(3873,'2022-09-10 18:45:41',160,9,8,9,14),(3874,'2022-09-10 18:46:00',1111,9,9,8,14),(3875,'2022-09-10 18:46:00',1111,9,9,8,14),(3876,'2022-09-10 18:46:14',77,9,9,8,14),(3877,'2022-09-10 18:46:15',109,9,8,9,14),(3878,'2022-09-10 18:46:21',91,9,9,8,14),(3879,'2022-09-10 18:46:30',91,9,8,9,14),(3880,'2022-09-10 18:46:30',1055,9,8,9,14),(3881,'2022-09-10 18:46:45',876,9,9,8,14),(3882,'2022-09-10 18:46:46',730,9,8,9,14),(3883,'2022-09-10 18:47:10',649,9,8,9,14),(3884,'2022-09-10 18:47:35',1093,9,8,9,14),(3885,'2022-09-10 18:47:49',716,9,8,9,14),(3886,'2022-09-10 18:47:59',159,9,8,9,14),(3887,'2022-09-10 18:48:04',754,9,8,9,14),(3888,'2022-09-10 18:48:05',1054,9,8,9,14),(3889,'2022-09-10 18:48:09',781,9,8,9,14),(3890,'2022-09-10 18:48:43',370,9,9,8,14),(3891,'2022-09-10 18:51:23',500,9,8,9,14),(3892,'2022-09-10 18:51:32',501,9,8,9,14),(3893,'2022-09-10 18:51:39',673,9,9,8,14),(3894,'2022-09-10 18:51:43',498,9,8,9,14),(3895,'2022-09-10 18:52:04',496,9,8,9,14),(3896,'2022-09-10 18:52:31',673,9,8,9,14),(3897,'2022-09-10 18:52:43',684,9,8,9,14),(3898,'2022-09-10 18:53:34',649,9,9,8,14),(3899,'2022-09-10 18:54:12',722,9,8,9,14),(3900,'2022-09-10 18:54:15',734,9,8,9,14),(3901,'2022-09-10 18:55:15',128,9,8,9,14),(3902,'2022-09-10 18:56:12',347,9,8,9,14),(3903,'2022-09-10 18:56:31',439,9,8,9,14),(3904,'2022-09-10 18:56:40',723,9,8,9,14),(3905,'2022-09-10 18:56:48',727,9,8,9,14),(3906,'2022-09-10 18:57:04',79,9,8,9,14),(3907,'2022-09-10 18:57:47',1003,9,9,8,14),(3908,'2022-09-10 18:58:02',539,9,8,9,14),(3909,'2022-09-10 18:58:08',680,9,8,9,14),(3910,'2022-09-10 19:01:25',649,9,8,9,14),(3911,'2022-09-10 19:05:31',783,9,9,8,14),(3912,'2022-09-10 19:05:34',753,9,9,8,14),(3913,'2022-09-10 19:05:40',391,9,9,8,14),(3914,'2022-09-10 19:05:50',601,9,9,8,14),(3915,'2022-09-10 19:05:56',601,9,8,9,14),(3916,'2022-09-10 19:05:56',388,9,9,8,14),(3917,'2022-09-10 19:06:02',599,9,8,9,14),(3918,'2022-09-10 19:06:05',451,9,8,9,14),(3919,'2022-09-10 19:07:07',102,9,8,9,14),(3920,'2022-09-10 19:07:14',120,9,8,9,14),(3921,'2022-09-10 19:07:28',120,9,9,8,14),(3922,'2022-09-10 19:09:35',442,9,8,9,14),(3923,'2022-09-10 19:10:31',364,9,8,9,14),(3924,'2022-09-10 19:10:33',653,9,8,9,14),(3925,'2022-09-10 19:10:42',158,9,8,9,14),(3926,'2022-09-10 19:11:35',423,9,8,9,14),(3927,'2022-09-10 19:11:46',689,9,8,9,14),(3928,'2022-09-10 19:11:51',664,9,8,9,14),(3929,'2022-09-10 19:12:00',577,9,9,8,14),(3930,'2022-09-10 19:12:19',616,9,8,9,14),(3931,'2022-09-10 19:12:27',327,9,8,9,14),(3932,'2022-09-10 19:12:53',712,9,9,8,14),(3933,'2022-09-10 19:13:09',554,9,8,9,14),(3934,'2022-09-10 19:13:11',434,9,8,9,14),(3935,'2022-09-10 19:14:05',618,9,9,8,14),(3936,'2022-09-10 19:14:16',544,9,8,9,14),(3937,'2022-09-10 19:15:31',718,9,8,9,14),(3938,'2022-09-10 19:15:44',370,9,8,9,14),(3939,'2022-09-10 19:16:02',172,9,9,8,14),(3940,'2022-09-10 19:16:41',609,9,8,9,14),(3941,'2022-09-10 19:17:25',342,9,9,8,14),(3942,'2022-09-10 19:17:28',342,9,8,9,14),(3943,'2022-09-10 19:17:55',439,9,9,8,14),(3944,'2022-09-10 19:18:03',439,9,8,9,14),(3945,'2022-09-10 19:18:16',437,9,8,9,14),(3946,'2022-09-10 19:18:38',753,9,8,9,14),(3947,'2022-09-10 19:18:44',783,9,8,9,14),(3948,'2022-09-10 19:19:17',574,9,8,9,14),(3949,'2022-09-10 19:19:27',591,9,9,8,14),(3950,'2022-09-10 19:19:36',1001,9,9,8,14),(3951,'2022-09-10 19:19:38',577,9,8,9,14),(3952,'2022-09-10 19:19:45',365,9,9,8,14),(3953,'2022-09-10 19:20:07',1034,9,8,9,14),(3954,'2022-09-10 19:20:21',509,9,8,9,14),(3955,'2022-09-10 19:20:27',701,9,8,9,14),(3956,'2022-09-10 19:20:29',511,9,8,9,14),(3957,'2022-09-10 19:20:37',691,9,8,9,14),(3958,'2022-09-10 19:21:58',876,9,8,9,14),(3959,'2022-09-10 19:21:59',621,9,8,9,14),(3960,'2022-09-10 19:22:18',418,9,8,9,14),(3961,'2022-09-10 19:22:19',89,9,8,9,14),(3962,'2022-09-10 19:22:22',414,9,8,9,14),(3963,'2022-09-10 19:22:27',417,9,8,9,14),(3964,'2022-09-10 19:23:07',596,9,8,9,14),(3965,'2022-09-10 19:23:12',617,9,8,9,14),(3966,'2022-09-10 19:23:27',708,9,8,9,14),(3967,'2022-09-10 19:23:41',591,9,8,9,14),(3968,'2022-09-10 19:23:54',1299,9,8,9,14),(3969,'2022-09-10 19:24:09',446,9,9,8,14),(3970,'2022-09-10 19:24:14',722,9,9,8,14),(3971,'2022-09-10 19:24:18',734,9,9,8,14),(3972,'2022-09-10 19:25:34',503,10,9,8,6),(3973,'2022-09-10 19:25:41',446,10,8,9,6),(3974,'2022-09-10 19:25:49',761,9,8,9,14),(3975,'2022-09-10 19:26:07',566,10,8,9,6),(3976,'2022-09-10 19:26:17',513,9,9,8,14),(3977,'2022-09-10 19:26:21',326,10,8,9,6),(3978,'2022-09-10 19:26:48',123,10,9,8,6),(3979,'2022-09-10 19:27:15',876,9,9,8,14),(3980,'2022-09-10 19:28:05',638,9,8,9,14),(3981,'2022-09-10 19:28:09',652,9,8,9,14),(3982,'2022-09-10 19:28:13',665,9,8,9,14),(3983,'2022-09-10 19:28:18',672,9,8,9,14),(3984,'2022-09-10 19:28:21',407,10,8,9,15),(3985,'2022-09-10 19:28:28',172,9,8,9,14),(3986,'2022-09-10 19:28:34',1484,9,8,9,14),(3987,'2022-09-10 19:28:49',106,9,8,9,14),(3988,'2022-09-10 19:28:52',593,10,8,9,15),(3989,'2022-09-10 19:29:28',1100,9,8,9,14),(3990,'2022-09-10 19:29:34',1028,9,8,9,14),(3991,'2022-09-10 19:29:48',365,10,8,9,15),(3992,'2022-09-10 19:30:31',623,10,8,9,15),(3993,'2022-09-10 19:30:41',1031,10,8,9,15),(3994,'2022-09-10 19:30:51',325,10,8,9,15),(3995,'2022-09-10 19:30:57',154,9,8,9,14),(3996,'2022-09-10 19:31:02',1452,10,8,9,15),(3997,'2022-09-10 19:31:03',1025,9,8,9,14),(3998,'2022-09-10 19:31:11',336,9,8,9,14),(3999,'2022-09-10 19:34:24',1112,10,8,9,15),(4000,'2022-09-10 19:34:37',272,9,8,9,14),(4001,'2022-09-10 19:36:56',339,10,8,9,15),(4002,'2022-09-10 19:37:10',447,9,8,9,14),(4003,'2022-09-10 19:37:43',417,9,9,8,14),(4004,'2022-09-10 19:39:10',383,10,8,9,15),(4005,'2022-09-10 19:40:14',590,9,8,9,10),(4006,'2022-09-10 19:40:19',427,9,9,8,14),(4007,'2022-09-10 19:40:52',1122,9,8,9,14),(4008,'2022-09-10 19:41:14',296,10,8,9,15),(4009,'2022-09-10 19:41:21',299,10,8,9,15),(4010,'2022-09-10 19:42:45',561,9,8,9,14),(4011,'2022-09-10 19:44:30',635,9,9,8,14),(4012,'2022-09-10 19:45:35',649,9,9,8,14),(4013,'2022-09-10 19:45:46',638,9,9,8,14),(4014,'2022-09-10 19:45:49',1253,10,8,9,15),(4015,'2022-09-10 19:46:13',456,10,8,9,15),(4016,'2022-09-10 19:46:20',461,10,8,9,15),(4017,'2022-09-10 19:46:31',386,10,8,9,15),(4018,'2022-09-10 19:46:39',447,10,9,8,15),(4019,'2022-09-10 19:47:29',671,10,8,9,15),(4020,'2022-09-10 19:47:53',428,10,8,9,15),(4021,'2022-09-10 19:49:06',432,9,8,9,14),(4022,'2022-09-10 19:49:33',447,10,8,9,15),(4023,'2022-09-10 19:49:50',281,10,9,8,15),(4024,'2022-09-10 19:50:06',1068,9,8,9,14),(4025,'2022-09-10 19:50:39',673,10,9,8,15),(4026,'2022-09-10 19:50:54',105,9,9,8,14),(4027,'2022-09-10 19:51:14',673,10,8,9,15),(4028,'2022-09-10 19:51:20',669,10,8,9,15),(4029,'2022-09-10 19:51:25',338,10,8,9,15),(4030,'2022-09-10 19:51:31',686,10,8,9,15),(4031,'2022-09-10 19:51:38',473,10,8,9,15),(4032,'2022-09-10 19:51:49',468,10,8,9,15),(4033,'2022-09-10 19:51:54',711,10,9,8,15),(4034,'2022-09-10 19:52:15',281,10,8,9,15),(4035,'2022-09-10 19:52:58',126,9,8,9,14),(4036,'2022-09-10 19:53:16',1298,10,8,9,15),(4037,'2022-09-10 19:53:20',618,9,8,9,14),(4038,'2022-09-10 19:53:23',1301,10,8,9,15),(4039,'2022-09-10 19:53:29',1294,10,8,9,15),(4040,'2022-09-10 19:53:34',1295,10,8,9,15),(4041,'2022-09-10 19:55:10',649,9,8,9,14),(4042,'2022-09-10 19:56:11',638,9,8,9,14),(4043,'2022-09-10 19:56:49',569,10,8,9,15),(4044,'2022-09-10 19:57:15',577,9,9,8,14),(4045,'2022-09-10 19:57:31',507,9,8,9,14),(4046,'2022-09-10 19:57:36',715,9,8,9,14),(4047,'2022-09-10 19:58:22',460,9,8,9,14),(4048,'2022-09-10 19:58:28',467,9,8,9,14),(4049,'2022-09-10 19:59:08',312,10,8,9,15),(4050,'2022-09-10 19:59:14',314,10,8,9,15),(4051,'2022-09-10 19:59:39',598,9,8,9,14),(4052,'2022-09-10 19:59:45',610,9,8,9,14),(4053,'2022-09-10 20:01:14',702,10,8,9,15),(4054,'2022-09-10 20:01:34',453,10,9,8,15),(4055,'2022-09-10 20:01:48',163,10,8,9,15),(4056,'2022-09-10 20:01:59',600,10,8,9,15),(4057,'2022-09-10 20:02:13',693,9,8,9,14),(4058,'2022-09-10 20:02:19',721,9,8,9,14),(4059,'2022-09-10 20:02:42',681,9,9,8,14),(4060,'2022-09-10 20:03:23',483,10,8,9,15),(4061,'2022-09-10 20:03:29',486,10,8,9,15),(4062,'2022-09-10 20:04:05',574,10,9,8,15),(4063,'2022-09-10 20:05:06',426,10,8,9,15),(4064,'2022-09-10 20:05:18',426,10,9,8,15),(4065,'2022-09-10 20:05:26',425,10,9,8,15),(4066,'2022-09-10 20:05:33',1105,10,8,9,15),(4067,'2022-09-10 20:05:40',335,10,8,9,15),(4068,'2022-09-10 20:06:27',769,9,8,9,14),(4069,'2022-09-10 20:06:34',760,9,8,9,14),(4070,'2022-09-10 20:06:41',369,9,8,9,14),(4071,'2022-09-10 20:06:55',636,9,8,9,14),(4072,'2022-09-10 20:07:44',320,9,8,9,14),(4073,'2022-09-10 20:08:01',321,9,8,9,14),(4074,'2022-09-10 20:08:09',323,9,8,9,14),(4075,'2022-09-10 20:08:17',425,9,8,9,14),(4076,'2022-09-10 20:09:22',312,9,9,8,14),(4077,'2022-09-10 20:09:29',172,9,9,8,14),(4078,'2022-09-10 20:09:29',314,9,9,8,14),(4079,'2022-09-10 20:09:43',780,9,8,9,14),(4080,'2022-09-10 20:09:49',774,9,8,9,14),(4081,'2022-09-10 20:10:45',577,9,8,9,14),(4082,'2022-09-10 20:11:06',471,9,8,9,14),(4083,'2022-09-10 20:11:26',172,9,8,9,14),(4084,'2022-09-10 20:11:35',1075,9,9,8,14),(4085,'2022-09-10 20:12:13',1224,9,8,9,14),(4086,'2022-09-10 20:12:24',1222,9,8,9,14),(4087,'2022-09-10 20:12:36',384,9,8,9,14),(4088,'2022-09-10 20:12:46',571,9,9,8,14),(4089,'2022-09-10 20:12:51',595,9,9,8,14),(4090,'2022-09-10 20:12:58',593,9,9,8,14),(4091,'2022-09-10 20:14:38',444,9,8,9,14),(4092,'2022-09-10 20:15:25',482,9,9,8,14),(4093,'2022-09-10 20:15:35',453,9,8,9,14),(4094,'2022-09-10 20:15:48',748,9,8,9,14),(4095,'2022-09-10 20:16:00',550,9,8,9,14),(4096,'2022-09-10 20:16:05',546,9,8,9,14),(4097,'2022-09-10 20:16:05',1264,9,8,9,14),(4098,'2022-09-10 20:17:02',585,9,8,9,14),(4099,'2022-09-10 20:17:29',722,9,8,9,14),(4100,'2022-09-10 20:17:36',734,9,8,9,14),(4101,'2022-09-10 20:17:52',116,9,9,8,14),(4102,'2022-09-10 20:18:02',110,9,9,8,14),(4103,'2022-09-10 20:19:20',574,9,8,9,14),(4104,'2022-09-10 20:19:38',1001,9,8,9,14),(4105,'2022-09-10 20:21:30',374,9,9,8,14),(4106,'2022-09-10 20:22:24',435,9,8,9,14),(4107,'2022-09-10 20:24:34',602,9,8,9,14),(4108,'2022-09-10 20:25:38',1080,9,8,9,14),(4109,'2022-09-10 20:25:57',118,9,8,9,14),(4110,'2022-09-10 20:27:16',141,9,8,9,14),(4111,'2022-09-10 20:27:30',746,9,8,9,14),(4112,'2022-09-10 20:28:11',503,9,8,9,14),(4113,'2022-09-10 20:28:14',1220,9,8,9,14),(4114,'2022-09-10 20:28:17',503,9,8,9,14),(4115,'2022-09-10 20:28:33',681,9,8,9,14),(4116,'2022-09-10 20:29:00',424,9,8,9,14),(4117,'2022-09-10 20:29:21',1471,9,9,8,14),(4118,'2022-09-10 20:29:36',716,9,9,8,14),(4119,'2022-09-10 20:29:59',1067,9,9,8,14),(4120,'2022-09-10 20:30:07',366,9,8,9,14),(4121,'2022-09-10 20:30:22',1253,9,9,8,14),(4122,'2022-09-10 20:30:33',458,9,8,9,14),(4123,'2022-09-10 20:31:36',1028,9,9,8,14),(4124,'2022-09-10 20:31:48',310,9,9,8,14),(4125,'2022-09-10 20:31:55',556,9,8,9,14),(4126,'2022-09-10 20:32:14',1067,9,8,9,14),(4127,'2022-09-10 20:32:54',1325,9,8,9,14),(4128,'2022-09-10 20:33:13',1253,9,8,9,14),(4129,'2022-09-10 20:33:28',1028,9,8,9,14),(4130,'2022-09-10 20:33:44',469,9,8,9,14),(4131,'2022-09-10 20:33:54',466,9,8,9,14),(4132,'2022-09-10 20:34:02',470,9,8,9,14),(4133,'2022-09-10 20:35:37',310,9,8,9,14),(4134,'2022-09-10 20:35:56',749,9,9,8,14),(4135,'2022-09-10 20:36:36',746,9,9,8,14),(4136,'2022-09-10 20:37:33',571,9,8,9,14),(4137,'2022-09-10 20:37:42',595,9,8,9,14),(4138,'2022-09-10 20:37:54',593,9,8,9,14),(4139,'2022-09-10 20:39:53',745,9,8,9,14),(4140,'2022-09-10 20:40:26',97,9,8,9,14),(4141,'2022-09-10 20:42:31',452,9,8,9,14),(4142,'2022-09-10 20:42:35',452,9,8,9,14),(4143,'2022-09-10 20:42:43',663,9,8,9,14),(4144,'2022-09-10 20:43:05',448,9,8,9,14),(4145,'2022-09-10 20:43:18',136,9,8,9,14),(4146,'2022-09-10 20:43:31',1246,9,8,9,14),(4147,'2022-09-10 20:43:39',167,9,8,9,14),(4148,'2022-09-10 20:44:45',497,9,8,9,14),(4149,'2022-09-10 20:44:53',64,9,9,8,14),(4150,'2022-09-10 20:44:58',62,9,9,8,14),(4151,'2022-09-10 20:45:15',1042,9,8,9,14),(4152,'2022-09-10 20:46:02',627,9,9,8,14),(4153,'2022-09-10 20:46:10',741,9,9,8,14),(4154,'2022-09-10 20:46:20',565,9,9,8,14),(4155,'2022-09-10 20:46:41',1067,9,9,8,14),(4156,'2022-09-10 20:47:00',387,9,9,8,14),(4157,'2022-09-10 20:47:07',385,9,9,8,14),(4158,'2022-09-10 20:47:17',374,9,8,9,14),(4159,'2022-09-10 20:49:20',156,9,8,9,14),(4160,'2022-09-10 20:50:42',749,9,8,9,14),(4161,'2022-09-10 20:50:52',1063,9,8,9,14),(4162,'2022-09-10 20:52:34',763,9,9,8,14),(4163,'2022-09-10 20:52:42',161,9,8,9,14),(4164,'2022-09-10 20:53:26',559,9,8,9,14),(4165,'2022-09-10 20:53:42',602,9,9,8,14),(4166,'2022-09-10 20:54:04',1238,10,8,9,15),(4167,'2022-09-10 20:56:51',77,9,8,9,14),(4168,'2022-09-10 20:57:22',356,9,8,9,14),(4169,'2022-09-10 20:57:28',358,9,8,9,14),(4170,'2022-09-10 20:58:31',1067,9,8,9,14),(4171,'2022-09-10 21:01:13',1452,10,9,8,15),(4172,'2022-09-10 21:01:36',184,9,9,8,14),(4173,'2022-09-10 21:02:48',300,9,8,9,14),(4174,'2022-09-10 21:05:16',722,9,9,8,14),(4175,'2022-09-10 21:05:16',360,10,9,8,15),(4176,'2022-09-10 21:05:35',745,9,9,8,14),(4177,'2022-09-10 21:06:41',441,10,9,8,15),(4178,'2022-09-10 21:07:38',437,10,9,8,15),(4179,'2022-09-10 21:07:46',340,10,9,8,15),(4180,'2022-09-10 21:07:57',828,10,9,8,15),(4181,'2022-09-10 21:08:08',590,10,9,8,15),(4182,'2022-09-10 21:08:42',1124,10,8,9,15),(4183,'2022-09-10 21:09:49',1096,10,8,9,15),(4184,'2022-09-10 21:09:52',1096,10,8,9,15),(4185,'2022-09-10 21:10:22',585,9,9,8,14),(4186,'2022-09-10 21:10:43',1463,9,8,9,14),(4187,'2022-09-10 21:15:15',1328,9,8,9,14),(4188,'2022-09-10 21:15:48',870,10,8,9,15),(4189,'2022-09-10 21:18:07',662,9,8,9,14),(4190,'2022-09-10 21:18:31',770,10,8,9,15),(4191,'2022-09-10 21:19:27',1255,9,8,9,14),(4192,'2022-09-10 21:20:16',722,9,8,9,14),(4193,'2022-09-10 21:20:20',745,9,8,9,14),(4194,'2022-09-10 21:20:37',663,9,9,8,14),(4195,'2022-09-10 21:20:49',585,9,8,9,14),(4196,'2022-09-10 21:21:05',441,10,8,9,15),(4197,'2022-09-10 21:21:11',437,10,8,9,15),(4198,'2022-09-10 21:21:23',480,10,8,9,15),(4199,'2022-09-10 21:21:32',164,9,8,9,14),(4200,'2022-09-10 21:21:37',1252,9,8,9,14),(4201,'2022-09-10 21:21:46',1250,9,8,9,14),(4202,'2022-09-10 21:22:22',649,9,9,8,14),(4203,'2022-09-10 21:22:30',426,10,8,9,15),(4204,'2022-09-10 21:22:53',1256,9,8,9,14),(4205,'2022-09-10 21:23:04',671,10,9,8,15),(4206,'2022-09-10 21:28:08',528,9,9,8,14),(4207,'2022-09-10 21:28:14',1480,9,9,8,14),(4208,'2022-09-10 21:28:21',443,10,8,9,15),(4209,'2022-09-10 21:29:11',671,10,8,9,15),(4210,'2022-09-10 21:30:34',828,10,8,9,15),(4211,'2022-09-10 21:30:41',828,10,9,8,15),(4212,'2022-09-10 21:30:59',458,10,9,8,15),(4213,'2022-09-10 21:32:20',528,9,8,9,14),(4214,'2022-09-10 21:32:30',1480,9,8,9,14),(4215,'2022-09-10 21:33:44',463,10,9,8,15),(4216,'2022-09-10 21:33:54',463,10,8,9,15),(4217,'2022-09-10 21:35:38',703,10,8,9,15),(4218,'2022-09-10 21:36:54',531,10,8,9,15),(4219,'2022-09-10 21:37:04',649,9,8,9,14),(4220,'2022-09-10 21:37:04',649,9,8,9,14),(4221,'2022-09-10 21:37:15',707,10,8,9,15),(4222,'2022-09-10 21:37:24',663,9,8,9,14),(4223,'2022-09-10 21:37:35',254,10,8,9,15),(4224,'2022-09-10 21:37:42',255,10,8,9,15),(4225,'2022-09-10 21:37:50',535,10,9,8,15),(4226,'2022-09-10 21:37:59',591,10,9,8,15),(4227,'2022-09-10 21:38:05',627,10,8,9,15),(4228,'2022-09-10 21:38:32',472,10,8,9,15),(4229,'2022-09-10 21:38:40',465,10,8,9,15),(4230,'2022-09-10 21:39:17',1329,9,8,9,14),(4231,'2022-09-10 21:39:25',535,10,8,9,15),(4232,'2022-09-10 21:39:55',739,9,9,8,14),(4233,'2022-09-10 21:42:43',1222,10,9,8,15),(4234,'2022-09-10 21:44:07',1224,10,9,8,15),(4235,'2022-09-10 21:44:14',591,10,8,9,15),(4236,'2022-09-10 21:44:34',1302,9,8,9,14),(4237,'2022-09-10 21:44:40',1336,9,8,9,14),(4238,'2022-09-10 21:44:52',705,10,8,9,15),(4239,'2022-09-10 21:45:08',625,10,8,9,15),(4240,'2022-09-10 21:45:54',1104,9,8,9,14),(4241,'2022-09-10 21:46:54',446,10,9,8,15),(4242,'2022-09-10 21:47:14',445,10,9,8,15),(4243,'2022-09-10 21:47:22',138,10,8,9,15),(4244,'2022-09-10 21:47:29',1046,10,8,9,15),(4245,'2022-09-10 21:47:36',455,10,8,9,15),(4246,'2022-09-10 21:49:35',311,10,9,8,15),(4247,'2022-09-10 21:49:45',311,10,8,9,15),(4248,'2022-09-10 21:50:10',771,9,8,9,14),(4249,'2022-09-10 21:50:18',766,9,8,9,14),(4250,'2022-09-10 21:50:34',526,10,9,8,15),(4251,'2022-09-10 21:50:45',526,10,8,9,15),(4252,'2022-09-10 21:50:51',554,10,9,8,15),(4253,'2022-09-10 21:50:52',1261,9,8,9,14),(4254,'2022-09-10 21:51:11',303,10,8,9,15),(4255,'2022-09-10 21:51:50',184,9,8,9,14),(4256,'2022-09-10 21:52:00',178,9,8,9,14),(4257,'2022-09-10 21:52:31',684,9,9,8,14),(4258,'2022-09-10 21:53:05',876,9,8,9,14),(4259,'2022-09-10 21:53:19',111,9,8,9,14),(4260,'2022-09-10 21:53:28',168,9,8,9,14),(4261,'2022-09-10 21:53:49',168,9,8,9,14),(4262,'2022-09-10 21:53:53',684,9,8,9,14),(4263,'2022-09-10 21:54:11',696,9,9,8,14),(4264,'2022-09-10 21:55:53',719,9,8,9,14),(4265,'2022-09-10 21:55:58',694,9,8,9,14),(4266,'2022-09-10 21:56:12',696,9,8,9,14),(4267,'2022-09-10 21:56:32',533,9,8,9,14),(4268,'2022-09-10 21:57:01',229,10,9,8,15),(4269,'2022-09-10 21:57:40',229,10,8,9,15),(4270,'2022-09-10 21:58:16',876,9,9,8,14),(4271,'2022-09-10 21:59:25',255,9,9,8,14),(4272,'2022-09-10 21:59:35',1450,9,9,8,14),(4273,'2022-09-10 21:59:44',543,10,8,9,15),(4274,'2022-09-10 22:01:21',1072,9,8,9,14),(4275,'2022-09-10 22:01:45',368,9,9,8,14),(4276,'2022-09-10 22:01:50',371,9,9,8,14),(4277,'2022-09-10 22:02:07',368,9,8,9,14),(4278,'2022-09-10 22:02:14',371,9,8,9,14),(4279,'2022-09-10 22:02:53',139,9,8,9,14),(4280,'2022-09-10 22:03:02',155,9,8,9,14),(4281,'2022-09-10 22:03:38',698,10,8,9,15),(4282,'2022-09-10 22:06:40',1292,9,8,9,14),(4283,'2022-09-10 22:10:37',554,10,8,9,15),(4284,'2022-09-10 22:10:50',302,9,9,8,14),(4285,'2022-09-10 22:11:40',329,10,8,9,15),(4286,'2022-09-10 22:13:23',367,10,9,8,15),(4287,'2022-09-10 22:13:43',367,10,8,9,15),(4288,'2022-09-10 22:13:55',872,9,8,9,14),(4289,'2022-09-10 22:14:18',1067,9,9,8,14),(4290,'2022-09-10 22:15:35',1067,9,8,9,14),(4291,'2022-09-10 22:17:59',1326,9,9,8,14),(4292,'2022-09-10 22:19:41',334,10,8,9,15),(4293,'2022-09-10 22:20:28',332,10,8,9,15),(4294,'2022-09-10 22:21:06',924,10,8,9,15),(4295,'2022-09-10 22:21:50',654,10,8,9,15),(4296,'2022-09-10 22:22:02',872,9,9,8,14),(4297,'2022-09-10 22:22:08',396,9,8,9,14),(4298,'2022-09-10 22:22:36',92,9,9,8,14),(4299,'2022-09-10 22:23:00',229,10,9,8,15),(4300,'2022-09-10 22:24:11',547,9,9,8,14),(4301,'2022-09-10 22:24:16',1453,9,9,8,14),(4302,'2022-09-10 22:24:21',107,10,8,9,15),(4303,'2022-09-10 22:24:27',1117,10,8,9,15),(4304,'2022-09-10 22:25:50',1246,10,9,8,15),(4305,'2022-09-10 22:28:04',78,9,8,9,14),(4306,'2022-09-10 22:28:19',92,9,8,9,14),(4307,'2022-09-10 22:28:48',1246,10,8,9,15),(4308,'2022-09-10 22:29:23',119,10,8,9,15),(4309,'2022-09-10 22:30:35',1271,10,8,9,15),(4310,'2022-09-10 22:30:56',1249,9,8,9,14),(4311,'2022-09-10 22:31:16',126,10,9,8,15),(4312,'2022-09-10 22:31:32',126,10,8,9,15),(4313,'2022-09-10 22:31:33',84,9,9,8,14),(4314,'2022-09-10 22:32:24',404,10,8,9,15),(4315,'2022-09-10 22:32:42',712,10,8,9,15),(4316,'2022-09-10 22:33:43',507,9,9,8,14),(4317,'2022-09-10 22:33:48',715,9,9,8,14),(4318,'2022-09-10 22:34:41',234,10,8,9,15),(4319,'2022-09-10 22:34:44',461,10,9,8,6),(4320,'2022-09-10 22:34:47',456,10,9,8,6),(4321,'2022-09-10 22:34:58',235,10,8,9,15),(4322,'2022-09-10 22:35:13',589,10,9,8,15),(4323,'2022-09-10 22:36:51',854,9,8,9,14),(4324,'2022-09-10 22:37:22',1096,10,9,8,15),(4325,'2022-09-10 22:37:30',1248,9,8,9,14),(4326,'2022-09-10 22:38:24',417,9,8,9,14),(4327,'2022-09-10 22:38:32',333,10,9,8,15),(4328,'2022-09-10 22:38:37',335,10,9,8,15),(4329,'2022-09-10 22:39:09',484,10,9,8,6),(4330,'2022-09-10 22:39:15',566,10,9,8,15),(4331,'2022-09-10 22:40:03',696,9,9,8,14),(4332,'2022-09-10 22:41:11',1268,9,8,9,14),(4333,'2022-09-10 22:41:15',1247,9,8,9,14),(4334,'2022-09-10 22:41:24',1251,9,8,9,14),(4335,'2022-09-10 22:41:33',696,9,8,9,14),(4336,'2022-09-10 22:41:44',1067,9,9,8,14),(4337,'2022-09-10 22:41:57',427,9,8,9,14),(4338,'2022-09-10 22:43:11',532,10,9,8,15),(4339,'2022-09-10 22:43:46',728,9,8,9,14),(4340,'2022-09-10 22:44:16',125,10,9,8,15),(4341,'2022-09-10 22:44:20',152,10,9,8,15),(4342,'2022-09-10 22:44:55',461,10,8,9,15),(4343,'2022-09-10 22:45:03',1119,9,8,9,14),(4344,'2022-09-10 22:46:49',1453,9,8,9,14),(4345,'2022-09-10 22:46:57',547,9,8,9,14),(4346,'2022-09-10 22:47:19',1096,10,8,9,15),(4347,'2022-09-10 22:47:27',456,10,8,9,15),(4348,'2022-09-10 22:50:10',84,9,8,9,14),(4349,'2022-09-10 22:50:23',125,10,8,9,15),(4350,'2022-09-10 22:52:18',1266,9,8,9,14),(4351,'2022-09-10 22:52:25',1265,9,8,9,14),(4352,'2022-09-10 22:53:57',1240,9,8,9,14),(4353,'2022-09-10 22:54:41',1118,10,9,8,6),(4354,'2022-09-10 22:54:47',1035,10,9,8,6),(4355,'2022-09-10 22:55:11',1067,10,8,9,6),(4356,'2022-09-10 22:55:18',562,10,9,8,6),(4357,'2022-09-10 22:56:11',168,10,9,8,6),(4358,'2022-09-10 22:56:17',111,10,9,8,6),(4359,'2022-09-10 22:58:34',1244,9,8,9,14),(4360,'2022-09-10 22:58:53',1262,9,8,9,14),(4361,'2022-09-10 23:00:22',1260,9,8,9,14),(4362,'2022-09-10 23:00:34',752,10,9,8,15),(4363,'2022-09-10 23:00:42',752,10,8,9,15),(4364,'2022-09-10 23:01:13',731,9,8,9,14),(4365,'2022-09-10 23:02:36',81,9,8,9,14),(4366,'2022-09-10 23:03:42',246,9,8,9,14),(4367,'2022-09-10 23:04:38',1326,9,8,9,14),(4368,'2022-09-10 23:04:44',1120,9,8,9,14),(4369,'2022-09-10 23:04:51',1263,9,8,9,14),(4370,'2022-09-10 23:05:43',1049,9,8,9,14),(4371,'2022-09-10 23:07:51',1120,9,9,8,14),(4372,'2022-09-10 23:08:16',1258,9,8,9,14),(4373,'2022-09-10 23:08:36',739,9,8,9,14),(4374,'2022-09-10 23:11:44',1237,9,8,9,14),(4375,'2022-09-10 23:11:56',1242,9,8,9,14),(4376,'2022-09-10 23:15:07',1245,9,8,9,14),(4377,'2022-09-10 23:15:12',1259,9,8,9,14),(4378,'2022-09-10 23:15:31',1118,9,8,9,14),(4379,'2022-09-10 23:15:37',1035,9,8,9,14),(4380,'2022-09-10 23:15:47',571,9,9,8,14),(4381,'2022-09-10 23:15:52',595,9,9,8,14),(4382,'2022-09-10 23:18:39',369,9,9,8,14),(4383,'2022-09-10 23:19:54',162,9,9,8,14),(4384,'2022-09-10 23:20:28',585,9,9,8,14),(4385,'2022-09-10 23:20:45',1267,9,8,9,14),(4386,'2022-09-10 23:21:04',407,9,9,8,14),(4387,'2022-09-10 23:21:10',407,9,8,9,14),(4388,'2022-09-10 23:21:18',86,9,8,9,14),(4389,'2022-09-10 23:21:53',371,9,9,8,14),(4390,'2022-09-10 23:21:59',368,9,9,8,14),(4391,'2022-09-10 23:22:27',1270,9,8,9,14),(4392,'2022-09-10 23:22:31',1239,9,8,9,14),(4393,'2022-09-10 23:23:12',1220,9,9,8,14),(4394,'2022-09-10 23:25:11',571,9,8,9,14),(4395,'2022-09-10 23:25:20',595,9,8,9,14),(4396,'2022-09-10 23:25:39',718,9,9,8,14),(4397,'2022-09-10 23:25:47',870,9,9,8,14),(4398,'2022-09-10 23:25:47',870,9,9,8,14),(4399,'2022-09-10 23:26:01',772,9,8,9,14),(4400,'2022-09-10 23:29:48',778,9,8,9,14),(4401,'2022-09-10 23:30:10',1041,9,9,8,14),(4402,'2022-09-10 23:34:38',585,9,8,9,14),(4403,'2022-09-10 23:34:39',367,9,9,8,14),(4404,'2022-09-10 23:36:41',71,9,8,9,14),(4405,'2022-09-10 23:36:47',1039,9,8,9,14),(4406,'2022-09-10 23:37:09',99,9,8,9,14),(4407,'2022-09-10 23:38:25',229,9,8,9,14),(4408,'2022-09-10 23:38:25',229,9,8,9,14),(4409,'2022-09-10 23:38:35',426,9,9,8,14),(4410,'2022-09-10 23:40:02',547,9,9,8,14),(4411,'2022-09-10 23:40:07',555,9,9,8,14),(4412,'2022-09-10 23:40:22',1453,9,9,8,14),(4413,'2022-09-10 23:40:39',1123,9,8,9,14),(4414,'2022-09-10 23:41:25',1088,9,8,9,14),(4415,'2022-09-10 23:42:07',1122,9,9,8,14),(4416,'2022-09-10 23:43:42',1486,9,8,9,9),(4417,'2022-09-10 23:43:48',569,9,9,8,14),(4418,'2022-09-10 23:43:58',1332,9,8,9,14),(4419,'2022-09-10 23:46:18',730,9,9,8,14),(4420,'2022-09-10 23:47:41',709,9,8,9,14),(4421,'2022-09-10 23:47:45',545,9,8,9,14),(4422,'2022-09-10 23:47:49',718,9,8,9,14),(4423,'2022-09-10 23:48:19',717,9,8,9,14),(4424,'2022-09-10 23:48:32',535,9,9,8,14),(4425,'2022-09-10 23:49:12',123,9,8,9,14),(4426,'2022-09-10 23:50:41',753,9,9,8,14),(4427,'2022-09-10 23:50:50',741,9,8,9,14),(4428,'2022-09-10 23:51:07',1218,9,8,9,14),(4429,'2022-09-10 23:51:14',1217,9,9,8,14),(4430,'2022-09-10 23:51:34',454,9,8,9,14),(4431,'2022-09-10 23:53:41',78,9,9,8,14),(4432,'2022-09-10 23:56:19',312,9,8,9,14),(4433,'2022-09-10 23:56:19',1102,10,8,9,6),(4434,'2022-09-10 23:56:36',108,9,8,9,14),(4435,'2022-09-10 23:56:42',150,9,8,9,14),(4436,'2022-09-10 23:56:49',1069,9,9,8,14),(4437,'2022-09-10 23:57:32',555,9,8,9,14),(4438,'2022-09-10 23:57:39',1453,9,8,9,14),(4439,'2022-09-10 23:57:56',1063,9,9,8,14),(4440,'2022-09-10 23:58:19',402,9,9,8,14),(4441,'2022-09-10 23:58:29',400,9,9,8,14),(4442,'2022-09-10 23:59:01',1112,9,9,8,14),(4443,'2022-09-10 23:59:20',692,9,8,9,14),(4444,'2022-09-10 23:59:29',870,9,8,9,14),(4445,'2022-09-11 00:00:14',1083,9,9,8,14),(4446,'2022-09-11 00:01:54',1025,9,9,8,14),(4447,'2022-09-11 00:02:01',1066,10,8,9,6),(4448,'2022-09-11 00:02:49',399,9,9,8,14),(4449,'2022-09-11 00:03:00',1118,9,9,8,14),(4450,'2022-09-11 00:03:14',1035,9,9,8,14),(4451,'2022-09-11 00:03:21',398,9,9,8,14),(4452,'2022-09-11 00:03:21',398,9,9,8,14),(4453,'2022-09-11 00:03:30',431,9,8,9,14),(4454,'2022-09-11 00:04:38',405,9,9,8,14),(4455,'2022-09-11 00:04:45',406,9,9,8,14),(4456,'2022-09-11 00:04:51',404,9,9,8,14),(4457,'2022-09-11 00:04:57',407,9,9,8,14),(4458,'2022-09-11 00:05:04',740,9,8,9,14),(4459,'2022-09-11 00:06:05',407,9,8,9,14),(4460,'2022-09-11 00:08:02',354,9,9,8,14),(4461,'2022-09-11 00:08:12',353,9,9,8,14),(4462,'2022-09-11 00:09:55',399,9,8,9,14),(4463,'2022-09-11 00:10:16',398,9,8,9,14),(4464,'2022-09-11 00:10:59',602,9,8,9,14),(4465,'2022-09-11 00:11:15',753,9,8,9,14),(4466,'2022-09-11 00:11:20',783,9,9,8,14),(4467,'2022-09-11 00:11:27',413,9,9,8,14),(4468,'2022-09-11 00:18:07',1118,9,8,9,14),(4469,'2022-09-11 00:18:12',1035,9,8,9,14),(4470,'2022-09-11 00:20:35',381,9,8,9,14),(4471,'2022-09-11 00:23:44',600,9,9,8,14),(4472,'2022-09-11 00:26:44',438,9,9,8,14),(4473,'2022-09-11 00:27:07',441,9,9,8,14),(4474,'2022-09-11 00:27:34',437,9,9,8,14),(4475,'2022-09-11 00:27:42',600,9,8,9,14),(4476,'2022-09-11 00:27:57',332,9,9,8,14),(4477,'2022-09-11 00:29:02',616,9,9,8,14),(4478,'2022-09-11 00:29:40',362,10,9,8,6),(4479,'2022-09-11 00:29:56',695,10,8,9,6),(4480,'2022-09-11 00:30:08',384,10,9,8,6),(4481,'2022-09-11 00:30:14',386,10,9,8,6),(4482,'2022-09-11 00:30:27',334,9,9,8,14),(4483,'2022-09-11 00:30:36',702,10,9,8,6),(4484,'2022-09-11 00:30:40',1038,9,8,9,14),(4485,'2022-09-11 00:32:44',870,9,9,8,14),(4486,'2022-09-11 00:33:07',106,9,9,8,14),(4487,'2022-09-11 00:33:21',702,9,8,9,14),(4488,'2022-09-11 00:33:27',142,9,9,8,14),(4489,'2022-09-11 00:33:52',1238,9,9,8,14),(4490,'2022-09-11 00:34:30',1271,9,9,8,14),(4491,'2022-09-11 00:35:02',1240,9,9,8,14),(4492,'2022-09-11 00:35:52',384,9,8,9,14),(4493,'2022-09-11 00:36:09',386,9,8,9,14),(4494,'2022-09-11 00:36:20',74,9,9,8,14),(4495,'2022-09-11 00:36:32',129,9,9,8,14),(4496,'2022-09-11 00:36:43',167,9,9,8,14),(4497,'2022-09-11 00:36:55',923,9,9,8,14),(4498,'2022-09-11 00:37:06',423,9,9,8,14),(4499,'2022-09-11 00:38:48',751,9,8,9,14),(4500,'2022-09-11 00:39:28',158,9,9,8,14),(4501,'2022-09-11 00:40:40',113,9,9,8,14),(4502,'2022-09-11 00:40:55',1057,9,9,8,14),(4503,'2022-09-11 00:42:06',88,9,9,8,14),(4504,'2022-09-11 00:42:13',1109,9,9,8,14),(4505,'2022-09-11 00:42:21',1270,9,9,8,14),(4506,'2022-09-11 00:42:27',1033,9,9,8,14),(4507,'2022-09-11 00:42:34',707,9,9,8,14),(4508,'2022-09-11 00:43:28',1035,9,9,8,14),(4509,'2022-09-11 00:43:36',1118,9,9,8,14),(4510,'2022-09-11 00:44:21',441,9,8,9,14),(4511,'2022-09-11 00:44:54',1050,9,9,8,14),(4512,'2022-09-11 00:45:17',437,9,8,9,14),(4513,'2022-09-11 00:45:25',105,9,8,9,14),(4514,'2022-09-11 00:45:27',438,9,8,9,14),(4515,'2022-09-11 00:45:36',509,9,9,8,14),(4516,'2022-09-11 00:45:44',511,9,9,8,14),(4517,'2022-09-11 00:46:04',1265,9,9,8,14),(4518,'2022-09-11 00:46:06',98,9,8,9,14),(4519,'2022-09-11 00:46:25',519,9,8,9,14),(4520,'2022-09-11 00:46:36',347,9,9,8,14),(4521,'2022-09-11 00:46:49',346,9,8,9,14),(4522,'2022-09-11 00:47:15',1062,9,9,8,14),(4523,'2022-09-11 00:47:40',101,9,9,8,14),(4524,'2022-09-11 00:47:50',149,9,9,8,14),(4525,'2022-09-11 00:48:03',1266,9,9,8,14),(4526,'2022-09-11 00:48:22',1239,9,9,8,14),(4527,'2022-09-11 00:48:40',1255,9,9,8,14),(4528,'2022-09-11 00:48:54',429,9,9,8,14),(4529,'2022-09-11 00:49:10',727,9,9,8,14),(4530,'2022-09-11 00:49:21',723,9,9,8,14),(4531,'2022-09-11 00:51:58',1486,9,9,8,14),(4532,'2022-09-11 00:52:36',1033,9,8,9,14),(4533,'2022-09-11 00:52:54',1249,9,9,8,14),(4534,'2022-09-11 00:53:03',1083,9,8,9,14),(4535,'2022-09-11 00:53:17',128,9,9,8,14),(4536,'2022-09-11 00:54:05',1245,9,9,8,14),(4537,'2022-09-11 00:54:20',1259,9,9,8,14),(4538,'2022-09-11 00:55:39',79,9,9,8,14),(4539,'2022-09-11 00:55:58',1256,9,9,8,14),(4540,'2022-09-11 00:56:06',724,9,9,8,14),(4541,'2022-09-11 00:57:08',696,9,9,8,14),(4542,'2022-09-11 00:58:01',439,9,9,8,14),(4543,'2022-09-11 00:58:06',1293,9,9,8,14),(4544,'2022-09-11 00:58:28',110,9,8,9,14),(4545,'2022-09-11 00:59:26',443,9,9,8,14),(4546,'2022-09-11 00:59:27',1083,9,9,8,14),(4547,'2022-09-11 00:59:33',443,9,8,9,14),(4548,'2022-09-11 00:59:46',1115,9,8,9,14),(4549,'2022-09-11 00:59:54',128,9,8,9,14),(4550,'2022-09-11 01:01:30',89,9,9,8,14),(4551,'2022-09-11 01:01:39',89,9,9,8,14),(4552,'2022-09-11 01:02:20',325,9,9,8,14),(4553,'2022-09-11 01:02:35',80,9,9,8,14),(4554,'2022-09-11 01:02:54',439,9,8,9,14),(4555,'2022-09-11 01:03:34',1329,9,9,8,14),(4556,'2022-09-11 01:03:48',1042,9,9,8,14),(4557,'2022-09-11 01:04:26',627,9,9,8,14),(4558,'2022-09-11 01:04:51',365,9,9,8,14),(4559,'2022-09-11 01:05:01',109,9,9,8,14),(4560,'2022-09-11 01:05:02',364,9,9,8,14),(4561,'2022-09-11 01:05:14',135,9,9,8,14),(4562,'2022-09-11 01:05:54',317,9,9,8,14),(4563,'2022-09-11 01:06:03',728,9,9,8,14),(4564,'2022-09-11 01:06:26',339,9,9,8,14),(4565,'2022-09-11 01:06:34',686,9,9,8,14),(4566,'2022-09-11 01:06:45',669,9,9,8,14),(4567,'2022-09-11 01:07:01',303,9,9,8,14),(4568,'2022-09-11 01:07:15',300,9,9,8,14),(4569,'2022-09-11 01:07:19',432,9,9,8,14),(4570,'2022-09-11 01:08:26',1034,9,9,8,14),(4571,'2022-09-11 01:08:42',1264,9,9,8,14),(4572,'2022-09-11 01:08:58',144,9,9,8,14),(4573,'2022-09-11 01:09:26',694,9,9,8,14),(4574,'2022-09-11 01:09:33',431,9,9,8,14),(4575,'2022-09-11 01:09:43',431,9,8,9,14),(4576,'2022-09-11 01:10:54',1463,9,9,8,14),(4577,'2022-09-11 01:11:11',531,9,9,8,14),(4578,'2022-09-11 01:11:43',533,9,9,8,14),(4579,'2022-09-11 01:12:18',169,9,9,8,14),(4580,'2022-09-11 01:12:50',421,9,9,8,14),(4581,'2022-09-11 01:13:00',398,9,9,8,14),(4582,'2022-09-11 01:13:01',398,9,9,8,14),(4583,'2022-09-11 01:13:06',629,9,9,8,14),(4584,'2022-09-11 01:13:14',399,9,9,8,14),(4585,'2022-09-11 01:13:15',414,9,9,8,14),(4586,'2022-09-11 01:13:21',417,9,9,8,14),(4587,'2022-09-11 01:13:29',1263,9,9,8,14),(4588,'2022-09-11 01:13:33',418,9,9,8,14),(4589,'2022-09-11 01:13:42',1080,9,9,8,14),(4590,'2022-09-11 01:13:53',696,9,8,9,14),(4591,'2022-09-11 01:14:01',654,9,9,8,14),(4592,'2022-09-11 01:14:16',633,9,9,8,14),(4593,'2022-09-11 01:15:10',424,9,9,8,14),(4594,'2022-09-11 01:19:23',424,9,8,9,14),(4595,'2022-09-11 01:19:27',160,9,9,8,14),(4596,'2022-09-11 01:20:18',463,9,9,8,14),(4597,'2022-09-11 01:23:19',1072,9,9,8,14),(4598,'2022-09-11 01:23:27',739,9,9,8,14),(4599,'2022-09-11 01:24:21',1267,9,9,8,14),(4600,'2022-09-11 01:24:22',121,9,9,8,14),(4601,'2022-09-11 01:24:35',588,9,8,9,14),(4602,'2022-09-11 01:25:01',584,9,8,9,14),(4603,'2022-09-11 01:26:33',395,9,9,8,14),(4604,'2022-09-11 01:26:43',514,9,9,8,14),(4605,'2022-09-11 01:27:23',515,9,9,8,14),(4606,'2022-09-11 01:27:35',738,9,8,9,14),(4607,'2022-09-11 01:28:10',1083,9,8,9,14),(4608,'2022-09-11 01:28:16',112,9,9,8,14),(4609,'2022-09-11 01:28:26',1248,9,9,8,14),(4610,'2022-09-11 01:28:37',1033,9,9,8,14),(4611,'2022-09-11 01:28:42',772,9,9,8,14),(4612,'2022-09-11 01:29:10',1119,9,9,8,14),(4613,'2022-09-11 01:29:24',1325,9,9,8,14),(4614,'2022-09-11 01:30:05',762,9,8,9,14),(4615,'2022-09-11 01:30:25',93,9,9,8,14),(4616,'2022-09-11 01:30:38',95,9,9,8,14),(4617,'2022-09-11 01:31:52',694,9,8,9,14),(4618,'2022-09-11 01:33:00',680,9,9,8,14),(4619,'2022-09-11 01:33:08',1123,9,9,8,14),(4620,'2022-09-11 01:33:17',312,9,9,8,14),(4621,'2022-09-11 01:33:29',447,9,9,8,14),(4622,'2022-09-11 01:33:49',444,9,9,8,14),(4623,'2022-09-11 01:33:51',444,9,9,8,14),(4624,'2022-09-11 01:34:19',1088,9,9,8,14),(4625,'2022-09-11 01:34:39',1079,9,9,8,14),(4626,'2022-09-11 01:34:46',370,9,9,8,14),(4627,'2022-09-11 01:35:13',235,9,9,8,14),(4628,'2022-09-11 01:36:49',71,9,9,8,14),(4629,'2022-09-11 01:37:26',183,9,9,8,14),(4630,'2022-09-11 01:37:34',1085,9,8,9,14),(4631,'2022-09-11 01:37:45',1085,9,9,8,14),(4632,'2022-09-11 01:37:53',123,9,9,8,14),(4633,'2022-09-11 01:38:10',1242,9,9,8,14),(4634,'2022-09-11 01:38:16',1237,9,9,8,14),(4635,'2022-09-11 01:39:39',1055,9,9,8,14),(4636,'2022-09-11 01:39:49',1071,9,9,8,14),(4637,'2022-09-11 01:39:56',85,9,9,8,14),(4638,'2022-09-11 01:40:17',771,9,9,8,14),(4639,'2022-09-11 01:40:31',766,9,9,8,14),(4640,'2022-09-11 01:41:11',1246,9,9,8,14),(4641,'2022-09-11 01:41:25',1260,9,9,8,14),(4642,'2022-09-11 01:41:25',1260,9,9,8,14),(4643,'2022-09-11 01:41:39',635,9,8,9,14),(4644,'2022-09-11 01:41:43',635,9,9,8,14),(4645,'2022-09-11 01:42:28',355,9,8,9,14),(4646,'2022-09-11 01:42:40',352,9,9,8,14),(4647,'2022-09-11 01:43:33',1267,9,8,9,14),(4648,'2022-09-11 01:44:24',1086,9,9,8,14),(4649,'2022-09-11 01:44:32',481,9,9,8,14),(4650,'2022-09-11 01:44:32',72,9,9,8,14),(4651,'2022-09-11 01:44:42',1102,9,9,8,14),(4652,'2022-09-11 01:44:57',255,9,8,9,14),(4653,'2022-09-11 01:45:08',255,9,9,8,14),(4654,'2022-09-11 01:46:28',854,9,9,8,14),(4655,'2022-09-11 01:47:29',1332,9,9,8,14),(4656,'2022-09-11 01:47:35',574,9,9,8,14),(4657,'2022-09-11 01:49:24',356,9,9,8,14),(4658,'2022-09-11 01:49:30',358,9,9,8,14),(4659,'2022-09-11 01:50:00',246,9,9,8,14),(4660,'2022-09-11 01:50:52',1247,9,9,8,14),(4661,'2022-09-11 01:51:02',732,9,8,9,14),(4662,'2022-09-11 01:51:03',1064,9,9,8,14),(4663,'2022-09-11 01:51:57',87,9,8,9,14),(4664,'2022-09-11 01:52:44',1110,9,8,9,14),(4665,'2022-09-11 01:54:59',427,9,9,8,14),(4666,'2022-09-11 01:54:59',1262,9,9,8,14),(4667,'2022-09-11 01:55:13',598,9,9,8,14),(4668,'2022-09-11 01:55:21',610,9,9,8,14),(4669,'2022-09-11 01:55:34',526,9,9,8,14),(4670,'2022-09-11 01:55:43',527,9,9,8,14),(4671,'2022-09-11 01:55:56',733,9,9,8,14),(4672,'2022-09-11 01:56:08',1326,9,9,8,14),(4673,'2022-09-11 01:57:22',90,9,9,8,14),(4674,'2022-09-11 01:58:10',662,9,9,8,14),(4675,'2022-09-11 01:58:17',253,9,9,8,14),(4676,'2022-09-11 01:58:21',140,9,9,8,14),(4677,'2022-09-11 01:58:31',150,9,9,8,14),(4678,'2022-09-11 01:58:43',108,9,9,8,14),(4679,'2022-09-11 01:58:51',90,9,8,9,14),(4680,'2022-09-11 01:59:25',1105,9,9,8,14),(4681,'2022-09-11 01:59:36',486,9,9,8,14),(4682,'2022-09-11 01:59:51',1326,9,8,9,14),(4683,'2022-09-11 01:59:57',483,9,9,8,14),(4684,'2022-09-11 02:00:18',740,9,9,8,14),(4685,'2022-09-11 02:00:33',1059,9,9,8,14),(4686,'2022-09-11 02:00:49',606,9,9,8,14),(4687,'2022-09-11 02:01:56',695,9,9,8,14),(4688,'2022-09-11 02:02:08',702,9,9,8,14),(4689,'2022-09-11 02:02:26',102,9,9,8,14),(4690,'2022-09-11 02:02:46',1251,9,9,8,14),(4691,'2022-09-11 02:02:57',1268,9,9,8,14),(4692,'2022-09-11 02:03:08',1114,9,8,9,14),(4693,'2022-09-11 02:03:12',107,9,9,8,14),(4694,'2022-09-11 02:03:30',1117,9,9,8,14),(4695,'2022-09-11 02:03:38',439,9,9,8,14),(4696,'2022-09-11 02:03:55',328,9,9,8,14),(4697,'2022-09-11 02:04:15',441,9,9,8,14),(4698,'2022-09-11 02:04:34',437,9,9,8,14),(4699,'2022-09-11 02:04:45',380,9,9,8,14),(4700,'2022-09-11 02:04:45',380,9,9,8,14),(4701,'2022-09-11 02:05:33',524,9,9,8,14),(4702,'2022-09-11 02:05:45',82,9,9,8,14),(4703,'2022-09-11 02:05:57',82,9,8,9,14),(4704,'2022-09-11 02:06:03',1481,9,9,8,14),(4705,'2022-09-11 02:06:03',1481,9,9,8,14),(4706,'2022-09-11 02:06:09',522,9,9,8,14),(4707,'2022-09-11 02:06:21',523,9,9,8,14),(4708,'2022-09-11 02:06:32',528,9,9,8,14),(4709,'2022-09-11 02:06:39',529,9,9,8,14),(4710,'2022-09-11 02:06:39',542,9,9,8,14),(4711,'2022-09-11 02:07:06',544,9,9,8,14),(4712,'2022-09-11 02:07:06',544,9,9,8,14),(4713,'2022-09-11 02:07:23',229,10,9,8,6),(4714,'2022-09-11 02:07:26',151,9,8,9,14),(4715,'2022-09-11 02:07:29',151,9,9,8,14),(4716,'2022-09-11 02:07:34',151,9,8,9,14),(4717,'2022-09-11 02:09:56',164,9,9,8,14),(4718,'2022-09-11 02:10:04',1250,9,9,8,14),(4719,'2022-09-11 02:10:40',73,9,9,8,14),(4720,'2022-09-11 02:11:29',456,9,9,8,14),(4721,'2022-09-11 02:11:40',461,9,9,8,14),(4722,'2022-09-11 02:12:35',396,9,9,8,14),(4723,'2022-09-11 02:12:35',234,9,9,8,14),(4724,'2022-09-11 02:12:43',1244,9,9,8,14),(4725,'2022-09-11 02:12:44',224,9,9,8,14),(4726,'2022-09-11 02:12:44',224,9,9,8,14),(4727,'2022-09-11 02:13:21',690,9,9,8,14),(4728,'2022-09-11 02:13:46',450,9,9,8,14),(4729,'2022-09-11 02:14:05',671,9,9,8,14),(4730,'2022-09-11 02:14:16',491,10,9,8,6),(4731,'2022-09-11 02:14:40',461,10,8,9,6),(4732,'2022-09-11 02:15:08',490,10,9,8,6),(4733,'2022-09-11 02:15:22',1257,9,8,9,14),(4734,'2022-09-11 02:15:26',1257,9,9,8,14),(4735,'2022-09-11 02:15:50',689,9,9,8,14),(4736,'2022-09-11 02:15:59',664,9,9,8,14),(4737,'2022-09-11 02:17:44',424,9,9,8,14),(4738,'2022-09-11 02:17:53',696,9,9,8,14),(4739,'2022-09-11 02:17:54',425,9,9,8,14),(4740,'2022-09-11 02:17:55',425,9,9,8,14),(4741,'2022-09-11 02:18:04',428,9,9,8,14),(4742,'2022-09-11 02:18:04',428,9,9,8,14),(4743,'2022-09-11 02:18:22',443,9,9,8,14),(4744,'2022-09-11 02:18:51',497,9,9,8,14),(4745,'2022-09-11 02:20:02',1298,9,9,8,14),(4746,'2022-09-11 02:20:02',1298,9,9,8,14),(4747,'2022-09-11 02:20:08',381,9,9,8,14),(4748,'2022-09-11 02:20:20',1294,9,9,8,14),(4749,'2022-09-11 02:20:45',1301,9,9,8,14),(4750,'2022-09-11 02:20:56',1295,9,9,8,14),(4751,'2022-09-11 02:21:08',248,9,8,9,14),(4752,'2022-09-11 02:21:35',248,9,9,8,14),(4753,'2022-09-11 02:21:35',248,9,9,8,14),(4754,'2022-09-11 02:21:46',250,9,9,8,14),(4755,'2022-09-11 02:21:55',256,9,9,8,14),(4756,'2022-09-11 02:22:03',247,9,9,8,14),(4757,'2022-09-11 02:22:12',386,9,9,8,14),(4758,'2022-09-11 02:22:13',1328,9,9,8,14),(4759,'2022-09-11 02:22:21',384,9,9,8,14),(4760,'2022-09-11 02:22:24',73,9,8,9,14),(4761,'2022-09-11 02:22:41',99,9,9,8,14),(4762,'2022-09-11 02:23:33',1267,9,9,8,14),(4763,'2022-09-11 02:23:33',1267,9,9,8,14),(4764,'2022-09-11 02:24:07',252,9,9,8,14),(4765,'2022-09-11 02:25:05',608,9,8,9,14),(4766,'2022-09-11 02:26:57',75,9,9,8,14),(4767,'2022-09-11 02:27:26',73,9,9,8,14),(4768,'2022-09-11 02:27:50',705,9,9,8,14),(4769,'2022-09-11 02:27:55',649,9,9,8,14),(4770,'2022-09-11 02:28:35',77,9,9,8,14),(4771,'2022-09-11 02:28:42',91,9,9,8,14),(4772,'2022-09-11 02:29:48',1258,9,9,8,14),(4773,'2022-09-11 02:30:01',543,9,9,8,14),(4774,'2022-09-11 02:30:12',322,9,9,8,14),(4775,'2022-09-11 02:30:18',1326,9,9,8,14),(4776,'2022-09-11 02:30:20',323,9,9,8,14),(4777,'2022-09-11 02:30:39',321,9,9,8,14),(4778,'2022-09-11 02:30:53',163,9,9,8,14),(4779,'2022-09-11 02:31:03',701,9,9,8,14),(4780,'2022-09-11 02:31:12',691,9,9,8,14),(4781,'2022-09-11 02:31:38',320,9,9,8,14),(4782,'2022-09-11 02:32:17',751,9,9,8,14),(4783,'2022-09-11 02:32:24',1304,9,9,8,14),(4784,'2022-09-11 02:32:45',637,9,9,8,14),(4785,'2022-09-11 02:32:51',653,9,9,8,14),(4786,'2022-09-11 02:33:46',708,9,9,8,14),(4787,'2022-09-11 02:34:08',754,9,9,8,14),(4788,'2022-09-11 02:34:15',781,9,9,8,14),(4789,'2022-09-11 02:34:25',137,9,9,8,14),(4790,'2022-09-11 02:34:26',383,10,9,8,15),(4791,'2022-09-11 02:34:30',116,9,8,9,14),(4792,'2022-09-11 02:35:10',719,9,9,8,14),(4793,'2022-09-11 02:35:31',676,9,9,8,14),(4794,'2022-09-11 02:35:35',672,9,9,8,14),(4795,'2022-09-11 02:35:59',503,9,9,8,14),(4796,'2022-09-11 02:36:26',504,9,9,8,14),(4797,'2022-09-11 02:36:26',504,9,9,8,14),(4798,'2022-09-11 02:36:53',296,9,9,8,14),(4799,'2022-09-11 02:37:03',299,9,9,8,14),(4800,'2022-09-11 02:37:38',539,9,9,8,14),(4801,'2022-09-11 02:37:49',710,9,9,8,14),(4802,'2022-09-11 02:38:15',709,9,9,8,14),(4803,'2022-09-11 02:39:09',725,9,9,8,14),(4804,'2022-09-11 02:39:22',713,9,8,9,14),(4805,'2022-09-11 02:39:41',163,9,8,9,14),(4806,'2022-09-11 02:40:11',684,9,9,8,14),(4807,'2022-09-11 02:40:19',343,9,9,8,14),(4808,'2022-09-11 02:40:30',341,9,8,9,14),(4809,'2022-09-11 02:40:36',480,9,9,8,14),(4810,'2022-09-11 02:40:43',341,9,9,8,14),(4811,'2022-09-11 02:42:54',1043,9,9,8,14),(4812,'2022-09-11 02:43:23',183,9,8,9,14),(4813,'2022-09-11 02:43:30',1085,9,8,9,14),(4814,'2022-09-11 02:43:39',1081,9,8,9,14),(4815,'2022-09-11 02:43:58',623,9,9,8,14),(4816,'2022-09-11 02:44:05',1468,9,9,8,14),(4817,'2022-09-11 02:44:18',603,9,9,8,14),(4818,'2022-09-11 02:44:37',545,9,9,8,14),(4819,'2022-09-11 02:45:46',870,9,8,9,14),(4820,'2022-09-11 02:45:46',870,9,8,9,14),(4821,'2022-09-11 02:45:56',1304,9,8,9,14),(4822,'2022-09-11 02:46:04',1304,9,9,8,14),(4823,'2022-09-11 02:46:15',599,9,9,8,14),(4824,'2022-09-11 02:46:26',748,9,9,8,14),(4825,'2022-09-11 02:46:33',92,9,9,8,14),(4826,'2022-09-11 02:46:47',700,9,9,8,14),(4827,'2022-09-11 02:46:56',179,9,9,8,14),(4828,'2022-09-11 02:47:07',696,9,8,9,14),(4829,'2022-09-11 02:47:32',701,9,8,9,14),(4830,'2022-09-11 02:47:38',691,9,8,9,14),(4831,'2022-09-11 02:47:52',687,9,9,8,14),(4832,'2022-09-11 02:48:04',679,9,9,8,14),(4833,'2022-09-11 02:51:05',623,9,8,9,14),(4834,'2022-09-11 02:53:15',130,9,9,8,14),(4835,'2022-09-11 02:53:24',127,9,9,8,14),(4836,'2022-09-11 02:53:28',138,9,9,8,14),(4837,'2022-09-11 02:55:22',652,9,9,8,14),(4838,'2022-09-11 02:55:32',638,9,9,8,14),(4839,'2022-09-11 02:56:35',163,9,9,8,14),(4840,'2022-09-11 02:58:10',643,9,9,8,14),(4841,'2022-09-11 02:58:16',647,9,9,8,14),(4842,'2022-09-11 02:58:34',1038,9,9,8,14),(4843,'2022-09-11 02:59:23',1028,9,9,8,14),(4844,'2022-09-11 02:59:28',1100,9,9,8,14),(4845,'2022-09-11 03:01:29',600,9,9,8,14),(4846,'2022-09-11 03:03:47',545,9,8,9,14),(4847,'2022-09-11 03:06:12',501,9,9,8,14),(4848,'2022-09-11 03:06:28',498,9,9,8,14),(4849,'2022-09-11 03:06:36',500,9,9,8,14),(4850,'2022-09-11 03:06:38',500,9,9,8,14),(4851,'2022-09-11 03:06:58',496,9,9,8,14),(4852,'2022-09-11 03:07:19',499,9,9,8,14),(4853,'2022-09-11 03:07:33',133,9,9,8,14),(4854,'2022-09-11 03:09:06',593,9,9,8,14),(4855,'2022-09-11 03:10:49',550,9,9,8,14),(4856,'2022-09-11 03:10:57',546,9,9,8,14),(4857,'2022-09-11 03:12:05',271,9,9,8,14),(4858,'2022-09-11 03:12:56',73,9,8,9,14),(4859,'2022-09-11 03:14:29',673,9,9,8,14),(4860,'2022-09-11 03:14:37',669,9,8,9,14),(4861,'2022-09-11 03:14:42',337,9,9,8,14),(4862,'2022-09-11 03:16:07',90,9,9,8,14),(4863,'2022-09-11 03:16:28',1076,9,9,8,14),(4864,'2022-09-11 03:16:50',1074,9,9,8,14),(4865,'2022-09-11 03:16:58',163,9,8,9,14),(4866,'2022-09-11 03:17:50',540,9,9,8,14),(4867,'2022-09-11 03:17:52',128,9,9,8,14),(4868,'2022-09-11 03:18:00',1115,9,9,8,14),(4869,'2022-09-11 03:18:28',273,9,9,8,14),(4870,'2022-09-11 03:19:17',670,9,8,9,14),(4871,'2022-09-11 03:19:20',670,9,9,8,14),(4872,'2022-09-11 03:20:32',589,9,8,9,14),(4873,'2022-09-11 03:20:36',272,9,9,8,14),(4874,'2022-09-11 03:20:45',275,9,9,8,14),(4875,'2022-09-11 03:20:54',274,9,9,8,14),(4876,'2022-09-11 03:21:01',834,9,9,8,14),(4877,'2022-09-11 03:23:13',718,9,9,8,14),(4878,'2022-09-11 03:23:20',714,9,9,8,14),(4879,'2022-09-11 03:23:30',872,9,8,9,14),(4880,'2022-09-11 03:24:20',100,9,9,8,14),(4881,'2022-09-11 03:25:40',541,9,9,8,14),(4882,'2022-09-11 03:26:08',644,9,9,8,14),(4883,'2022-09-11 03:26:44',73,9,9,8,14),(4884,'2022-09-11 03:28:28',468,10,9,8,15),(4885,'2022-09-11 03:28:38',753,9,9,8,14),(4886,'2022-09-11 03:28:41',473,10,9,8,15),(4887,'2022-09-11 03:28:43',783,9,8,9,14),(4888,'2022-09-11 03:29:16',694,10,9,8,15),(4889,'2022-09-11 03:30:51',154,9,9,8,14),(4890,'2022-09-11 03:31:06',1025,9,8,9,14),(4891,'2022-09-11 03:31:17',1025,9,9,8,14),(4892,'2022-09-11 03:31:31',132,9,9,8,14),(4893,'2022-09-11 03:34:12',676,9,8,9,14),(4894,'2022-09-11 03:34:23',672,9,8,9,14),(4895,'2022-09-11 03:36:24',1478,9,8,9,14),(4896,'2022-09-11 03:36:58',873,9,8,9,14),(4897,'2022-09-11 03:37:06',1477,9,8,9,14),(4898,'2022-09-11 03:37:15',1476,9,8,9,14),(4899,'2022-09-11 03:37:42',70,9,9,8,14),(4900,'2022-09-11 03:40:51',749,9,9,8,14),(4901,'2022-09-11 03:40:57',734,9,9,8,14),(4902,'2022-09-11 03:41:33',545,10,9,8,15),(4903,'2022-09-11 03:42:25',778,9,9,8,14),(4904,'2022-09-11 03:42:34',70,9,8,9,14),(4905,'2022-09-11 03:43:45',675,9,9,8,14),(4906,'2022-09-11 03:43:55',678,9,9,8,14),(4907,'2022-09-11 03:44:03',1093,9,9,8,14),(4908,'2022-09-11 03:44:11',556,9,9,8,14),(4909,'2022-09-11 03:46:16',753,9,8,9,14),(4910,'2022-09-11 03:46:22',783,9,9,8,14),(4911,'2022-09-11 03:47:01',651,9,9,8,14),(4912,'2022-09-11 03:50:15',870,10,9,8,15),(4913,'2022-09-11 03:50:35',591,10,9,8,15),(4914,'2022-09-11 03:51:13',749,9,8,9,14),(4915,'2022-09-11 03:51:30',163,9,9,8,14),(4916,'2022-09-11 03:51:37',734,9,8,9,14),(4917,'2022-09-11 03:52:04',1060,10,9,8,15),(4918,'2022-09-11 03:55:04',81,9,9,8,14),(4919,'2022-09-11 03:55:27',692,10,9,8,15),(4920,'2022-09-11 03:56:52',623,10,9,8,15),(4921,'2022-09-11 03:59:24',764,9,9,8,14),(4922,'2022-09-11 03:59:43',780,9,9,8,14),(4923,'2022-09-11 03:59:56',608,9,9,8,14),(4924,'2022-09-11 04:00:09',516,10,9,8,15),(4925,'2022-09-11 04:00:49',1465,10,9,8,6),(4926,'2022-09-11 04:04:17',479,10,9,8,15),(4927,'2022-09-11 04:04:44',477,10,9,8,15),(4928,'2022-09-11 04:04:57',736,9,9,8,14),(4929,'2022-09-11 04:05:07',750,9,9,8,14),(4930,'2022-09-11 04:07:57',1292,9,9,8,14),(4931,'2022-09-11 04:08:05',694,10,8,9,15),(4932,'2022-09-11 04:08:07',1292,9,8,9,14),(4933,'2022-09-11 04:08:14',693,9,9,8,14),(4934,'2022-09-11 04:08:29',701,9,9,8,14),(4935,'2022-09-11 04:08:33',691,9,9,8,14),(4936,'2022-09-11 04:08:43',721,9,9,8,14),(4937,'2022-09-11 04:10:51',1453,9,9,8,14),(4938,'2022-09-11 04:11:00',555,9,9,8,14),(4939,'2022-09-11 04:14:53',98,9,9,8,14),(4940,'2022-09-11 04:16:03',86,9,9,8,14),(4941,'2022-09-11 04:16:03',86,9,9,8,14),(4942,'2022-09-11 04:17:12',729,9,9,8,14),(4943,'2022-09-11 04:18:23',726,10,9,8,15),(4944,'2022-09-11 04:18:45',136,10,9,8,15),(4945,'2022-09-11 04:20:02',555,9,8,9,14),(4946,'2022-09-11 04:20:10',1453,9,8,9,14),(4947,'2022-09-11 04:20:50',182,10,9,8,6),(4948,'2022-09-11 04:23:10',1299,9,9,8,14),(4949,'2022-09-11 04:24:47',313,10,9,8,15),(4950,'2022-09-11 04:25:39',1336,10,9,8,6),(4951,'2022-09-11 04:25:41',103,9,9,8,14),(4952,'2022-09-11 04:25:44',1302,10,9,8,6),(4953,'2022-09-11 04:26:10',555,10,9,8,6),(4954,'2022-09-11 04:26:15',1453,10,9,8,6),(4955,'2022-09-11 04:31:10',774,9,9,8,14),(4956,'2022-09-11 04:31:50',1049,9,9,8,14),(4957,'2022-09-11 04:31:56',125,9,9,8,14),(4958,'2022-09-11 04:32:13',453,10,9,8,15),(4959,'2022-09-11 04:32:55',681,9,9,8,14),(4960,'2022-09-11 04:34:04',630,10,9,8,15),(4961,'2022-09-11 04:34:11',607,9,9,8,14),(4962,'2022-09-11 04:34:49',607,9,8,9,14),(4963,'2022-09-11 04:34:53',656,9,9,8,14),(4964,'2022-09-11 04:35:13',648,9,9,8,14),(4965,'2022-09-11 04:35:43',172,9,9,8,14),(4966,'2022-09-11 04:36:32',642,10,9,8,15),(4967,'2022-09-11 04:37:27',666,9,9,8,14),(4968,'2022-09-11 04:37:29',472,10,9,8,15),(4969,'2022-09-11 04:37:47',470,10,9,8,15),(4970,'2022-09-11 04:38:03',434,9,9,8,14),(4971,'2022-09-11 04:38:04',466,10,9,8,15),(4972,'2022-09-11 04:38:10',435,9,9,8,14),(4973,'2022-09-11 04:38:18',465,10,9,8,15),(4974,'2022-09-11 04:38:19',431,9,9,8,14),(4975,'2022-09-11 04:38:57',460,9,9,8,14),(4976,'2022-09-11 04:39:13',672,9,9,8,14),(4977,'2022-09-11 04:39:19',683,9,9,8,14),(4978,'2022-09-11 04:39:31',1096,10,9,8,15),(4979,'2022-09-11 04:39:42',467,9,9,8,14),(4980,'2022-09-11 04:39:48',457,9,9,8,14),(4981,'2022-09-11 04:40:35',650,9,9,8,14),(4982,'2022-09-11 04:40:58',676,9,9,8,14),(4983,'2022-09-11 04:41:09',667,9,9,8,14),(4984,'2022-09-11 04:41:16',668,9,9,8,14),(4985,'2022-09-11 04:41:21',665,9,9,8,14),(4986,'2022-09-11 04:41:58',688,9,9,8,14),(4987,'2022-09-11 04:42:46',155,9,9,8,10),(4988,'2022-09-11 04:42:58',1096,10,8,9,15),(4989,'2022-09-11 04:42:59',139,9,9,8,10),(4990,'2022-09-11 04:44:11',663,9,9,8,10),(4991,'2022-09-11 04:44:42',324,10,9,8,15),(4992,'2022-09-11 04:52:45',1104,9,9,8,14),(4993,'2022-09-11 04:55:37',126,9,9,8,14),(4994,'2022-09-11 04:56:06',126,9,8,9,14),(4995,'2022-09-11 04:57:13',1029,9,9,8,14),(4996,'2022-09-11 04:57:22',1085,9,9,8,14),(4997,'2022-09-11 04:58:22',1081,9,9,8,14),(4998,'2022-09-11 04:59:12',717,10,9,8,15),(4999,'2022-09-11 04:59:21',698,10,9,8,15),(5000,'2022-09-11 05:00:13',831,9,9,8,14),(5001,'2022-09-11 05:00:49',453,10,8,9,15),(5002,'2022-09-11 05:00:59',704,9,8,9,14),(5003,'2022-09-11 05:01:05',704,9,9,8,14),(5004,'2022-09-11 05:02:49',561,9,9,8,14),(5005,'2022-09-11 05:04:36',552,9,9,8,14),(5006,'2022-09-11 05:05:26',464,10,9,8,15),(5007,'2022-09-11 05:05:37',461,10,9,8,15),(5008,'2022-09-11 05:06:47',1120,9,8,9,14),(5009,'2022-09-11 05:06:56',611,9,9,8,14),(5010,'2022-09-11 05:09:32',694,10,9,8,15),(5011,'2022-09-11 05:09:46',554,10,9,8,15),(5012,'2022-09-11 05:11:32',734,9,9,8,14),(5013,'2022-09-11 05:13:02',454,10,9,8,15),(5014,'2022-09-11 05:13:27',611,9,8,9,14),(5015,'2022-09-11 05:16:12',632,9,9,8,14),(5016,'2022-09-11 05:17:32',281,10,9,8,15),(5017,'2022-09-11 05:17:38',281,10,9,8,15),(5018,'2022-09-11 05:17:38',281,10,9,8,15),(5019,'2022-09-11 05:17:38',281,10,9,8,15),(5020,'2022-09-11 05:17:39',281,10,9,8,15),(5021,'2022-09-11 05:17:40',281,10,9,8,15),(5022,'2022-09-11 05:18:02',281,10,9,8,15),(5023,'2022-09-11 05:18:03',281,10,9,8,15),(5024,'2022-09-11 05:18:03',281,10,9,8,15),(5025,'2022-09-11 05:18:03',281,10,9,8,15),(5026,'2022-09-11 05:18:03',281,10,9,8,15),(5027,'2022-09-11 05:18:03',281,10,9,8,15),(5028,'2022-09-11 05:18:04',281,10,9,8,15),(5029,'2022-09-11 05:18:04',281,10,9,8,15),(5030,'2022-09-11 05:18:04',281,10,9,8,15),(5031,'2022-09-11 05:18:05',281,10,9,8,15),(5032,'2022-09-11 05:18:30',722,9,9,8,14),(5033,'2022-09-11 05:18:32',282,10,9,8,15),(5034,'2022-09-11 05:18:35',749,9,9,8,14),(5035,'2022-09-11 05:18:44',1027,10,9,8,15),(5036,'2022-09-11 05:19:04',753,9,9,8,14),(5037,'2022-09-11 05:19:14',783,9,8,9,14),(5038,'2022-09-11 05:19:25',769,9,9,8,14),(5039,'2022-09-11 05:19:38',760,9,9,8,14),(5040,'2022-09-11 05:20:27',176,9,8,9,14),(5041,'2022-09-11 05:20:39',613,9,9,8,14),(5042,'2022-09-11 05:20:46',731,9,9,8,14),(5043,'2022-09-11 05:21:25',97,9,9,8,14),(5044,'2022-09-11 05:22:36',594,9,9,8,14),(5045,'2022-09-11 05:23:18',759,9,8,9,14),(5046,'2022-09-11 05:23:29',755,9,9,8,14),(5047,'2022-09-11 05:24:03',872,9,9,8,14),(5048,'2022-09-11 05:28:42',763,9,8,9,14),(5049,'2022-09-11 05:28:48',763,9,9,8,14),(5050,'2022-09-11 05:29:03',761,9,9,8,14),(5051,'2022-09-11 05:31:42',96,10,9,8,15),(5052,'2022-09-11 05:34:38',1124,10,9,8,15),(5053,'2022-09-11 05:34:52',1054,10,9,8,15),(5054,'2022-09-11 05:35:07',159,10,9,8,15),(5055,'2022-09-11 05:35:11',696,9,9,8,14),(5056,'2022-09-11 05:35:34',438,10,9,8,15),(5057,'2022-09-11 05:37:29',330,10,9,8,15),(5058,'2022-09-11 05:38:30',331,10,9,8,15),(5059,'2022-09-11 05:38:34',331,10,8,9,15),(5060,'2022-09-11 05:39:31',741,10,9,8,15),(5061,'2022-09-11 05:39:37',549,9,9,8,14),(5062,'2022-09-11 05:39:45',696,9,8,9,14),(5063,'2022-09-11 05:40:57',553,9,9,8,14),(5064,'2022-09-11 05:44:53',621,10,9,8,15),(5065,'2022-09-11 05:48:36',696,9,9,8,14),(5066,'2022-09-11 05:52:27',184,9,9,8,14),(5067,'2022-09-11 05:52:35',184,9,8,9,14),(5068,'2022-09-11 05:52:41',175,9,9,8,14),(5069,'2022-09-11 05:59:35',1067,9,9,8,14),(5070,'2022-09-11 06:00:28',577,10,9,8,15),(5071,'2022-09-11 06:03:31',634,9,9,8,14),(5072,'2022-09-11 06:04:02',636,9,9,8,14),(5073,'2022-09-11 06:04:13',84,9,9,8,14),(5074,'2022-09-11 06:05:08',568,9,8,9,14),(5075,'2022-09-11 06:05:21',658,9,9,8,14),(5076,'2022-09-11 06:05:30',559,9,9,8,14),(5077,'2022-09-11 06:06:30',118,9,9,8,14),(5078,'2022-09-11 06:06:37',1114,9,9,8,14),(5079,'2022-09-11 06:09:20',924,10,9,8,15),(5080,'2022-09-11 06:09:33',1066,9,9,8,14),(5081,'2022-09-11 06:09:37',770,10,9,8,15),(5082,'2022-09-11 06:09:55',87,10,9,8,15),(5083,'2022-09-11 06:10:08',151,10,9,8,15),(5084,'2022-09-11 06:11:24',571,9,9,8,14),(5085,'2022-09-11 06:12:59',595,9,9,8,14),(5086,'2022-09-11 06:13:09',582,9,9,8,14),(5087,'2022-09-11 06:15:29',1480,9,9,8,14),(5088,'2022-09-11 06:17:17',609,9,9,8,14),(5089,'2022-09-11 06:18:10',1121,9,9,8,14),(5090,'2022-09-11 06:18:27',573,10,8,9,15),(5091,'2022-09-11 06:18:34',573,10,9,8,15),(5092,'2022-09-11 06:22:19',455,10,9,8,15),(5093,'2022-09-11 06:23:27',270,9,9,8,14),(5094,'2022-09-11 06:23:44',269,9,9,8,14),(5095,'2022-09-11 06:25:12',752,10,9,8,15),(5096,'2022-09-11 06:25:26',1095,9,9,8,14),(5097,'2022-09-11 06:25:47',1098,9,9,8,14),(5098,'2022-09-11 06:26:20',1096,9,9,8,10),(5099,'2022-09-11 06:26:32',161,9,9,8,10),(5100,'2022-09-11 06:26:36',1075,9,8,9,14),(5101,'2022-09-11 06:26:40',909,9,9,8,10),(5102,'2022-09-11 06:26:44',655,9,9,8,14),(5103,'2022-09-11 06:32:32',735,9,8,9,14),(5104,'2022-09-11 06:35:44',777,10,9,8,15),(5105,'2022-09-11 06:48:42',70,9,9,8,14),(5106,'2022-09-11 06:56:39',451,9,9,8,14),(5107,'2022-09-11 06:57:27',453,10,9,8,15),(5108,'2022-09-11 06:57:34',1304,10,8,9,15),(5109,'2022-09-11 06:57:39',1304,10,9,8,15),(5110,'2022-09-11 06:57:44',452,10,9,8,15),(5111,'2022-09-11 06:57:55',448,10,9,8,15),(5112,'2022-09-11 06:59:24',452,10,9,8,15),(5113,'2022-09-11 07:14:41',745,10,9,8,15),(5114,'2022-09-11 07:23:08',1102,9,8,9,14),(5115,'2022-09-11 07:23:42',238,9,8,9,14),(5116,'2022-09-11 07:24:29',224,9,8,9,14),(5117,'2022-09-11 07:26:19',222,9,8,9,14),(5118,'2022-09-11 07:26:33',219,9,8,9,14),(5119,'2022-09-11 07:28:39',1041,9,8,9,14),(5120,'2022-09-11 07:29:29',611,9,9,8,14),(5121,'2022-09-11 07:29:34',602,9,9,8,14),(5122,'2022-09-11 07:29:39',601,9,9,8,14),(5123,'2022-09-11 07:38:44',229,9,8,9,14),(5124,'2022-09-11 07:41:31',243,9,8,9,14),(5125,'2022-09-11 07:41:36',1316,9,8,9,14),(5126,'2022-09-11 07:41:41',1322,9,8,9,14),(5127,'2022-09-11 07:42:44',1050,9,8,9,14),(5128,'2022-09-11 07:45:03',1050,9,9,8,14),(5129,'2022-09-11 07:52:15',738,9,9,8,14),(5130,'2022-09-11 07:53:32',1011,9,8,9,14),(5131,'2022-09-11 07:53:39',1050,9,8,9,14),(5132,'2022-09-11 07:53:44',1310,9,8,9,14),(5133,'2022-09-11 07:55:56',1308,10,8,9,15),(5134,'2022-09-11 07:56:25',1321,9,8,9,14),(5135,'2022-09-11 08:05:22',1322,9,9,8,14),(5136,'2022-09-11 08:07:27',1322,9,8,9,14),(5137,'2022-09-11 08:23:57',157,9,8,9,14),(5138,'2022-09-11 08:24:43',739,9,8,9,14),(5139,'2022-09-11 08:45:13',233,10,8,9,15),(5140,'2022-09-11 08:54:14',233,10,9,8,15),(5141,'2022-09-11 08:55:43',246,9,8,9,14),(5142,'2022-09-11 08:59:36',102,9,8,9,14),(5143,'2022-09-11 09:04:16',120,9,8,9,14),(5144,'2022-09-11 09:10:44',1453,9,8,9,14),(5145,'2022-09-11 09:11:00',555,9,8,9,14),(5146,'2022-09-11 09:12:21',425,10,8,9,15),(5147,'2022-09-11 09:12:27',1326,9,8,9,14),(5148,'2022-09-11 09:12:29',744,10,9,8,15),(5149,'2022-09-11 09:12:39',744,10,8,9,15),(5150,'2022-09-11 09:26:00',1331,9,8,9,14),(5151,'2022-09-11 09:31:15',182,9,8,9,14),(5152,'2022-09-11 09:45:23',99,9,8,9,14),(5153,'2022-09-11 09:45:30',1056,9,8,9,14),(5154,'2022-09-11 09:47:30',117,9,8,9,14),(5155,'2022-09-11 09:49:41',243,9,9,8,14),(5156,'2022-09-11 09:52:20',74,10,8,9,15),(5157,'2022-09-11 09:52:23',243,9,8,9,14),(5158,'2022-09-11 09:53:55',147,9,8,9,14),(5159,'2022-09-11 10:00:14',144,9,8,9,14),(5160,'2022-09-11 10:00:23',749,9,8,9,14),(5161,'2022-09-11 10:00:29',722,9,8,9,14),(5162,'2022-09-11 10:01:26',1119,9,8,9,14),(5163,'2022-09-11 10:01:26',1119,9,8,9,14),(5164,'2022-09-11 10:02:13',222,9,9,8,14),(5165,'2022-09-11 10:02:20',1011,9,9,8,14),(5166,'2022-09-11 10:02:36',101,9,8,9,14),(5167,'2022-09-11 10:02:45',603,9,8,9,14),(5168,'2022-09-11 10:02:55',606,9,8,9,14),(5169,'2022-09-11 10:03:11',1039,9,9,8,14),(5170,'2022-09-11 10:03:18',71,9,8,9,14),(5171,'2022-09-11 10:08:17',1326,9,9,8,14),(5172,'2022-09-11 10:08:26',606,9,9,8,14),(5173,'2022-09-11 10:09:12',111,9,8,9,14),(5174,'2022-09-11 10:09:20',590,9,8,9,14),(5175,'2022-09-11 10:10:07',1036,9,8,9,14),(5176,'2022-09-11 10:11:37',149,9,8,9,14),(5177,'2022-09-11 10:13:46',422,10,8,9,15),(5178,'2022-09-11 10:18:25',590,9,9,8,14),(5179,'2022-09-11 10:19:10',751,9,8,9,14),(5180,'2022-09-11 10:21:51',157,9,9,8,14),(5181,'2022-09-11 10:22:08',1469,9,9,8,14),(5182,'2022-09-11 10:22:12',1116,9,9,8,14),(5183,'2022-09-11 10:23:08',1112,10,8,9,15),(5184,'2022-09-11 10:23:26',1029,9,8,9,14),(5185,'2022-09-11 10:30:54',548,9,8,9,14),(5186,'2022-09-11 10:31:06',750,9,8,9,14),(5187,'2022-09-11 10:33:12',726,9,8,9,14),(5188,'2022-09-11 10:34:21',1079,9,8,9,14),(5189,'2022-09-11 10:34:48',716,9,8,9,14),(5190,'2022-09-11 10:35:59',72,9,8,9,14),(5191,'2022-09-11 10:36:22',733,9,8,9,14),(5192,'2022-09-11 10:36:30',613,9,8,9,14),(5193,'2022-09-11 10:37:33',422,10,9,8,15),(5194,'2022-09-11 10:38:33',714,9,8,9,14),(5195,'2022-09-11 10:38:43',1326,9,8,9,14),(5196,'2022-09-11 10:39:25',548,9,9,8,14),(5197,'2022-09-11 10:39:32',750,9,9,8,14),(5198,'2022-09-11 10:39:44',242,9,8,9,14),(5199,'2022-09-11 10:40:52',1331,9,9,8,14),(5200,'2022-09-11 10:44:09',566,10,8,9,15),(5201,'2022-09-11 10:46:52',127,9,8,9,14),(5202,'2022-09-11 10:49:04',75,9,8,9,14),(5203,'2022-09-11 10:50:31',423,10,8,9,15),(5204,'2022-09-11 10:50:51',121,9,8,9,14),(5205,'2022-09-11 10:51:22',1086,9,8,9,14),(5206,'2022-09-11 10:57:20',606,9,8,9,14),(5207,'2022-09-11 10:57:41',742,10,8,9,15),(5208,'2022-09-11 10:58:10',1076,9,8,9,14),(5209,'2022-09-11 10:58:40',172,9,8,9,14),(5210,'2022-09-11 10:58:45',172,9,9,8,14),(5211,'2022-09-11 10:58:53',121,9,9,8,14),(5212,'2022-09-11 11:00:18',651,9,8,9,14),(5213,'2022-09-11 11:00:52',606,9,9,8,14),(5214,'2022-09-11 11:01:24',224,9,9,8,14),(5215,'2022-09-11 11:01:24',224,9,9,8,14),(5216,'2022-09-11 11:01:39',631,9,9,8,14),(5217,'2022-09-11 11:02:36',157,9,8,9,14),(5218,'2022-09-11 11:03:11',749,9,9,8,14),(5219,'2022-09-11 11:03:16',722,9,9,8,14),(5220,'2022-09-11 11:03:29',726,9,9,8,14),(5221,'2022-09-11 11:04:17',164,9,8,9,14),(5222,'2022-09-11 11:04:20',606,10,8,9,15),(5223,'2022-09-11 11:05:44',783,9,9,8,14),(5224,'2022-09-11 11:05:50',753,9,8,9,14),(5225,'2022-09-11 11:06:41',446,10,8,9,15),(5226,'2022-09-11 11:07:29',726,10,8,9,15),(5227,'2022-09-11 11:07:30',726,10,8,9,15),(5228,'2022-09-11 11:08:04',764,9,8,9,14),(5229,'2022-09-11 11:09:14',1073,9,8,9,14),(5230,'2022-09-11 11:09:56',219,9,9,8,14),(5231,'2022-09-11 11:10:01',219,9,8,9,14),(5232,'2022-09-11 11:10:09',1308,9,9,8,14),(5233,'2022-09-11 11:10:22',1308,9,8,9,14),(5234,'2022-09-11 11:10:28',95,9,8,9,14),(5235,'2022-09-11 11:11:53',644,9,8,9,14),(5236,'2022-09-11 11:12:05',626,9,9,8,14),(5237,'2022-09-11 11:12:15',626,9,8,9,14),(5238,'2022-09-11 11:39:34',1049,9,8,9,14),(5239,'2022-09-11 11:39:48',1120,9,9,8,14),(5240,'2022-09-11 11:39:54',1120,9,8,9,14),(5241,'2022-09-11 11:41:10',1025,9,8,9,14),(5242,'2022-09-11 11:42:57',114,9,9,8,14),(5243,'2022-09-11 11:43:05',114,9,8,9,14),(5244,'2022-09-11 11:43:23',102,9,9,8,14),(5245,'2022-09-11 11:43:27',120,9,9,8,14),(5246,'2022-09-11 11:44:12',749,9,8,9,14),(5247,'2022-09-11 11:44:17',722,9,8,9,14),(5248,'2022-09-11 11:44:30',656,9,8,9,14),(5249,'2022-09-11 11:47:16',154,9,8,9,14),(5250,'2022-09-11 11:47:22',466,9,8,9,14),(5251,'2022-09-11 11:47:45',648,9,8,9,14),(5252,'2022-09-11 11:51:03',637,10,8,9,15),(5253,'2022-09-11 11:51:08',103,10,8,9,15),(5254,'2022-09-11 11:52:20',1055,10,8,9,15),(5255,'2022-09-11 11:52:34',1484,10,9,8,15),(5256,'2022-09-11 11:52:39',1484,10,8,9,15),(5257,'2022-09-11 11:52:46',172,10,8,9,15),(5258,'2022-09-11 11:52:53',130,10,8,9,15),(5259,'2022-09-11 11:53:25',1116,10,8,9,15),(5260,'2022-09-11 11:53:25',1058,10,8,9,15),(5261,'2022-09-11 11:53:31',1116,10,9,8,15),(5262,'2022-09-11 11:53:38',1469,10,8,9,15),(5263,'2022-09-11 11:53:42',1469,10,9,8,15),(5264,'2022-09-11 11:53:52',395,10,8,9,15),(5265,'2022-09-11 11:54:10',552,10,8,9,15),(5266,'2022-09-11 11:56:12',629,10,8,9,15),(5267,'2022-09-11 11:56:25',642,10,8,9,15),(5268,'2022-09-11 11:57:36',594,10,8,9,15),(5269,'2022-09-11 11:58:05',692,10,8,9,15),(5270,'2022-09-11 12:00:12',163,10,8,9,15),(5271,'2022-09-11 12:00:35',112,10,8,9,15),(5272,'2022-09-11 12:01:19',256,10,8,9,15),(5273,'2022-09-11 12:01:27',718,10,8,9,15),(5274,'2022-09-11 12:04:45',524,10,8,9,15),(5275,'2022-09-11 12:05:09',693,10,8,9,15),(5276,'2022-09-11 12:05:17',721,10,8,9,15),(5277,'2022-09-11 12:08:02',247,10,8,9,15),(5278,'2022-09-11 12:08:45',589,10,9,8,15),(5279,'2022-09-11 12:08:58',589,10,8,9,15),(5280,'2022-09-11 12:09:34',363,10,8,9,15),(5281,'2022-09-11 12:09:35',340,10,8,9,15),(5282,'2022-09-11 12:09:40',362,10,8,9,15),(5283,'2022-09-11 12:09:44',342,10,9,8,15),(5284,'2022-09-11 12:09:55',342,10,8,9,15),(5285,'2022-09-11 12:11:24',242,10,9,8,15),(5286,'2022-09-11 12:11:31',92,10,8,9,15),(5287,'2022-09-11 12:11:39',1062,10,8,9,15),(5288,'2022-09-11 12:13:03',633,10,8,9,15),(5289,'2022-09-11 12:14:14',718,10,9,8,15),(5290,'2022-09-11 12:14:29',443,10,8,9,15),(5291,'2022-09-11 12:15:50',1059,10,8,9,15),(5292,'2022-09-11 12:17:34',96,10,8,9,15),(5293,'2022-09-11 12:17:55',446,10,9,8,15),(5294,'2022-09-11 12:18:02',594,10,9,8,15),(5295,'2022-09-11 12:19:13',491,10,8,9,15),(5296,'2022-09-11 12:19:22',490,10,8,9,15),(5297,'2022-09-11 12:19:35',486,10,8,9,15),(5298,'2022-09-11 12:19:59',374,10,9,8,15),(5299,'2022-09-11 12:20:08',374,10,8,9,15),(5300,'2022-09-11 12:24:27',395,9,9,8,14),(5301,'2022-09-11 12:26:39',1027,10,8,9,15),(5302,'2022-09-11 12:26:40',137,9,8,9,14),(5303,'2022-09-11 12:26:55',620,9,8,9,14),(5304,'2022-09-11 12:27:09',755,9,8,9,14),(5305,'2022-09-11 12:27:09',755,9,8,9,14),(5306,'2022-09-11 12:28:55',423,10,9,8,15),(5307,'2022-09-11 12:30:08',434,9,8,9,14),(5308,'2022-09-11 12:30:20',453,10,8,9,15),(5309,'2022-09-11 12:30:32',509,10,8,9,15),(5310,'2022-09-11 12:30:32',571,9,8,9,14),(5311,'2022-09-11 12:30:33',571,9,8,9,14),(5312,'2022-09-11 12:30:50',595,9,8,9,14),(5313,'2022-09-11 12:30:51',746,10,8,9,15),(5314,'2022-09-11 12:31:01',157,9,9,8,14),(5315,'2022-09-11 12:31:01',157,9,9,8,14),(5316,'2022-09-11 12:31:14',596,9,9,8,14),(5317,'2022-09-11 12:32:04',614,9,9,8,14),(5318,'2022-09-11 12:32:20',596,9,8,9,14),(5319,'2022-09-11 12:32:35',614,9,8,9,14),(5320,'2022-09-11 12:32:42',364,10,8,9,15),(5321,'2022-09-11 12:32:49',366,10,9,8,15),(5322,'2022-09-11 12:32:49',157,9,8,9,14),(5323,'2022-09-11 12:32:53',366,10,8,9,15),(5324,'2022-09-11 12:33:00',616,9,8,9,14),(5325,'2022-09-11 12:33:03',365,10,8,9,15),(5326,'2022-09-11 12:33:06',594,9,8,9,14),(5327,'2022-09-11 12:33:11',248,10,8,9,15),(5328,'2022-09-11 12:33:18',250,10,8,9,15),(5329,'2022-09-11 12:33:19',1074,9,8,9,14),(5330,'2022-09-11 12:33:24',438,10,8,9,15),(5331,'2022-09-11 12:33:28',556,9,8,9,14),(5332,'2022-09-11 12:33:41',442,10,9,8,15),(5333,'2022-09-11 12:34:09',387,10,8,9,15),(5334,'2022-09-11 12:34:16',242,9,8,9,14),(5335,'2022-09-11 12:34:28',385,10,8,9,15),(5336,'2022-09-11 12:35:25',541,10,8,9,15),(5337,'2022-09-11 12:36:30',524,10,9,8,15),(5338,'2022-09-11 12:37:20',157,9,9,8,14),(5339,'2022-09-11 12:37:46',171,9,9,8,14),(5340,'2022-09-11 12:37:58',366,10,9,8,15),(5341,'2022-09-11 12:37:58',171,9,8,9,14),(5342,'2022-09-11 12:38:08',1471,9,8,9,14),(5343,'2022-09-11 12:38:31',1007,9,8,9,14),(5344,'2022-09-11 12:38:44',1022,9,8,9,14),(5345,'2022-09-11 12:39:03',705,9,8,9,14),(5346,'2022-09-11 12:39:03',705,9,8,9,14),(5347,'2022-09-11 12:39:05',524,10,8,9,15),(5348,'2022-09-11 12:39:17',718,9,8,9,14),(5349,'2022-09-11 12:39:32',559,9,8,9,14),(5350,'2022-09-11 12:39:44',547,9,8,9,14),(5351,'2022-09-11 12:39:55',434,9,9,8,14),(5352,'2022-09-11 12:40:36',366,10,8,9,15),(5353,'2022-09-11 12:41:14',1019,9,8,9,14),(5354,'2022-09-11 12:41:30',1008,9,8,9,14),(5355,'2022-09-11 12:41:41',1014,9,8,9,14),(5356,'2022-09-11 12:41:51',1015,9,8,9,14),(5357,'2022-09-11 12:41:58',1006,9,8,9,14),(5358,'2022-09-11 12:41:58',1006,9,8,9,14),(5359,'2022-09-11 12:42:04',1020,9,8,9,14),(5360,'2022-09-11 12:43:29',1016,9,8,9,14),(5361,'2022-09-11 12:43:34',1320,9,8,9,14),(5362,'2022-09-11 12:43:47',1013,9,8,9,14),(5363,'2022-09-11 12:43:55',1010,9,8,9,14),(5364,'2022-09-11 12:44:04',466,9,9,8,14),(5365,'2022-09-11 12:44:41',1027,9,9,8,14),(5366,'2022-09-11 12:44:49',1027,9,8,9,14),(5367,'2022-09-11 12:46:41',509,10,9,8,15),(5368,'2022-09-11 12:48:50',704,9,8,9,14),(5369,'2022-09-11 12:49:16',422,10,8,9,15),(5370,'2022-09-11 12:49:22',1115,9,8,9,14),(5371,'2022-09-11 12:49:36',424,10,8,9,15),(5372,'2022-09-11 12:49:48',774,9,8,9,14),(5373,'2022-09-11 12:50:08',170,9,9,8,14),(5374,'2022-09-11 12:50:09',170,9,9,8,14),(5375,'2022-09-11 12:50:11',170,9,9,8,14),(5376,'2022-09-11 12:50:11',170,9,9,8,14),(5377,'2022-09-11 12:50:25',170,9,8,9,14),(5378,'2022-09-11 12:50:34',1030,9,8,9,14),(5379,'2022-09-11 12:50:36',1030,9,8,9,14),(5380,'2022-09-11 12:50:45',464,10,8,9,15),(5381,'2022-09-11 12:50:46',90,9,8,9,14),(5382,'2022-09-11 12:51:15',734,9,8,9,14),(5383,'2022-09-11 12:52:25',554,10,8,9,15),(5384,'2022-09-11 12:52:32',1124,10,8,9,15),(5385,'2022-09-11 12:52:39',1054,10,8,9,15),(5386,'2022-09-11 12:54:07',252,9,8,9,14),(5387,'2022-09-11 12:54:26',395,9,8,9,14),(5388,'2022-09-11 12:55:39',1316,9,9,8,14),(5389,'2022-09-11 12:55:50',1316,9,8,9,14),(5390,'2022-09-11 12:56:03',1321,9,9,8,14),(5391,'2022-09-11 12:56:22',573,10,8,9,15),(5392,'2022-09-11 12:56:26',1321,9,8,9,14),(5393,'2022-09-11 12:57:51',716,10,9,8,15),(5394,'2022-09-11 12:57:57',716,10,8,9,15),(5395,'2022-09-11 12:58:57',380,10,8,9,15),(5396,'2022-09-11 12:59:05',559,9,9,8,14),(5397,'2022-09-11 12:59:14',547,9,9,8,14),(5398,'2022-09-11 12:59:14',547,9,9,8,14),(5399,'2022-09-11 12:59:25',559,9,8,9,14),(5400,'2022-09-11 12:59:39',559,9,9,8,14),(5401,'2022-09-11 13:01:08',424,10,9,8,15),(5402,'2022-09-11 13:02:43',752,10,8,9,15),(5403,'2022-09-11 13:04:15',466,10,8,9,15),(5404,'2022-09-11 13:05:09',837,9,9,8,14),(5405,'2022-09-11 13:05:25',837,9,8,9,14),(5406,'2022-09-11 13:05:33',845,9,9,8,14),(5407,'2022-09-11 13:05:51',845,9,8,9,14),(5408,'2022-09-11 13:06:05',380,10,9,8,15),(5409,'2022-09-11 13:06:23',729,9,8,9,14),(5410,'2022-09-11 13:06:37',232,9,8,9,14),(5411,'2022-09-11 13:06:45',728,10,8,9,15),(5412,'2022-09-11 13:06:52',548,10,8,9,15),(5413,'2022-09-11 13:08:35',184,9,9,8,14),(5414,'2022-09-11 13:08:51',184,9,8,9,14),(5415,'2022-09-11 13:08:59',178,9,9,8,14),(5416,'2022-09-11 13:09:06',178,9,8,9,14),(5417,'2022-09-11 13:09:11',714,10,9,8,15),(5418,'2022-09-11 13:09:32',175,9,8,9,14),(5419,'2022-09-11 13:09:50',1027,10,9,8,15),(5420,'2022-09-11 13:10:15',601,9,8,9,14),(5421,'2022-09-11 13:12:39',334,10,8,9,15),(5422,'2022-09-11 13:14:01',335,10,8,9,15),(5423,'2022-09-11 13:15:21',281,10,8,9,15),(5424,'2022-09-11 13:15:28',282,10,8,9,15),(5425,'2022-09-11 13:15:55',424,10,8,9,15),(5426,'2022-09-11 13:15:59',547,9,8,9,14),(5427,'2022-09-11 13:16:38',652,9,8,9,14),(5428,'2022-09-11 13:16:49',638,9,8,9,14),(5429,'2022-09-11 13:16:51',638,9,8,9,14),(5430,'2022-09-11 13:18:30',500,10,8,9,15),(5431,'2022-09-11 13:18:34',515,10,8,9,15),(5432,'2022-09-11 13:18:41',514,10,8,9,15),(5433,'2022-09-11 13:18:52',559,9,8,9,14),(5434,'2022-09-11 13:18:56',466,10,9,8,15),(5435,'2022-09-11 13:20:19',701,9,8,9,14),(5436,'2022-09-11 13:20:34',691,9,8,9,14),(5437,'2022-09-11 13:23:08',157,9,8,9,14),(5438,'2022-09-11 13:23:44',503,9,8,9,14),(5439,'2022-09-11 13:23:50',504,9,8,9,14),(5440,'2022-09-11 13:24:38',1298,10,8,9,15),(5441,'2022-09-11 13:24:42',1301,10,8,9,15),(5442,'2022-09-11 13:24:47',1294,10,8,9,15),(5443,'2022-09-11 13:24:52',1295,10,8,9,15),(5444,'2022-09-11 13:25:52',482,10,8,9,15),(5445,'2022-09-11 13:26:55',62,9,8,9,14),(5446,'2022-09-11 13:27:04',64,9,8,9,14),(5447,'2022-09-11 13:28:28',125,9,8,9,14),(5448,'2022-09-11 13:30:25',424,10,9,8,15),(5449,'2022-09-11 13:32:17',424,10,8,9,15),(5450,'2022-09-11 13:32:20',424,10,8,9,15),(5451,'2022-09-11 13:32:37',658,10,8,9,15),(5452,'2022-09-11 13:33:01',464,10,9,8,15),(5453,'2022-09-11 13:34:36',526,10,8,9,15),(5454,'2022-09-11 13:34:48',527,10,8,9,15),(5455,'2022-09-11 13:35:42',328,9,8,9,14),(5456,'2022-09-11 13:36:23',486,10,9,8,15),(5457,'2022-09-11 13:45:57',254,10,9,8,15),(5458,'2022-09-11 13:46:09',754,10,8,9,15),(5459,'2022-09-11 13:48:05',473,10,8,9,15),(5460,'2022-09-11 13:48:12',468,10,8,9,15),(5461,'2022-09-11 13:51:16',702,10,8,9,15),(5462,'2022-09-11 13:52:28',535,10,8,9,15),(5463,'2022-09-11 13:53:39',361,9,8,9,14),(5464,'2022-09-11 13:53:53',248,10,9,8,15),(5465,'2022-09-11 13:55:10',248,10,8,9,15),(5466,'2022-09-11 13:55:29',481,10,8,9,15),(5467,'2022-09-11 13:55:57',479,10,8,9,15),(5468,'2022-09-11 13:56:04',477,10,8,9,15),(5469,'2022-09-11 13:57:09',522,10,8,9,15),(5470,'2022-09-11 13:58:54',735,9,9,8,14),(5471,'2022-09-11 13:59:09',735,9,8,9,14),(5472,'2022-09-11 13:59:37',736,9,8,9,14),(5473,'2022-09-11 13:59:54',518,9,8,9,14),(5474,'2022-09-11 14:00:07',963,9,8,9,14),(5475,'2022-09-11 14:00:20',968,9,8,9,14),(5476,'2022-09-11 14:00:44',993,9,8,9,14),(5477,'2022-09-11 14:02:07',331,10,9,8,15),(5478,'2022-09-11 14:02:15',331,10,8,9,15),(5479,'2022-09-11 14:03:16',783,9,8,9,14),(5480,'2022-09-11 14:03:34',783,9,9,8,14),(5481,'2022-09-11 14:06:20',135,9,8,9,14),(5482,'2022-09-11 14:08:18',366,10,9,8,15),(5483,'2022-09-11 14:08:41',365,10,9,8,15),(5484,'2022-09-11 14:08:48',364,10,9,8,15),(5485,'2022-09-11 14:13:20',1304,10,8,9,15),(5486,'2022-09-11 14:13:30',428,10,8,9,15),(5487,'2022-09-11 14:14:52',329,10,9,8,15),(5488,'2022-09-11 14:18:36',1117,10,8,9,15),(5489,'2022-09-11 14:18:43',107,10,8,9,15),(5490,'2022-09-11 14:18:52',516,10,8,9,15),(5491,'2022-09-11 14:22:53',441,10,8,9,15),(5492,'2022-09-11 14:23:01',322,10,8,9,15),(5493,'2022-09-11 14:24:24',273,9,8,9,14),(5494,'2022-09-11 14:24:31',271,9,8,9,14),(5495,'2022-09-11 14:24:40',272,9,8,9,14),(5496,'2022-09-11 14:24:40',272,9,8,9,14),(5497,'2022-09-11 14:24:52',275,9,8,9,14),(5498,'2022-09-11 14:26:14',324,10,8,9,15),(5499,'2022-09-11 14:26:45',504,9,9,8,14),(5500,'2022-09-11 14:29:06',977,9,8,9,14),(5501,'2022-09-11 14:29:27',970,9,8,9,14),(5502,'2022-09-11 14:29:38',983,9,8,9,14),(5503,'2022-09-11 14:29:45',995,9,8,9,14),(5504,'2022-09-11 14:29:53',976,9,8,9,14),(5505,'2022-09-11 14:30:03',761,9,8,9,14),(5506,'2022-09-11 14:30:10',966,9,8,9,14),(5507,'2022-09-11 14:30:22',962,9,8,9,14),(5508,'2022-09-11 14:30:31',991,9,8,9,14),(5509,'2022-09-11 14:30:43',987,9,8,9,14),(5510,'2022-09-11 14:30:43',987,9,8,9,14),(5511,'2022-09-11 14:30:50',999,9,8,9,14),(5512,'2022-09-11 14:31:00',964,9,8,9,14),(5513,'2022-09-11 14:31:06',961,9,8,9,14),(5514,'2022-09-11 14:31:12',986,9,8,9,14),(5515,'2022-09-11 14:31:16',971,9,8,9,14),(5516,'2022-09-11 14:31:22',973,9,8,9,14),(5517,'2022-09-11 14:31:29',979,9,8,9,14),(5518,'2022-09-11 14:31:34',994,9,8,9,14),(5519,'2022-09-11 14:31:40',975,9,8,9,14),(5520,'2022-09-11 14:31:47',988,9,8,9,14),(5521,'2022-09-11 14:32:13',984,9,8,9,14),(5522,'2022-09-11 14:32:57',353,10,8,9,15),(5523,'2022-09-11 14:33:04',354,10,8,9,15),(5524,'2022-09-11 14:33:22',835,9,8,9,14),(5525,'2022-09-11 14:33:23',477,10,9,8,15),(5526,'2022-09-11 14:37:02',546,9,8,9,14),(5527,'2022-09-11 14:37:28',550,9,8,9,14),(5528,'2022-09-11 14:41:15',1027,10,8,9,15),(5529,'2022-09-11 14:41:18',774,9,9,8,14),(5530,'2022-09-11 14:43:03',1036,9,9,8,14),(5531,'2022-09-11 14:43:18',725,9,8,9,14),(5532,'2022-09-11 14:43:37',718,9,9,8,14),(5533,'2022-09-11 14:43:52',158,10,8,9,15),(5534,'2022-09-11 14:43:57',705,9,9,8,14),(5535,'2022-09-11 14:44:01',1111,10,8,9,15),(5536,'2022-09-11 14:44:56',1086,9,9,8,14),(5537,'2022-09-11 14:45:02',1086,9,8,9,14),(5538,'2022-09-11 14:45:33',674,9,8,9,14),(5539,'2022-09-11 14:45:42',670,9,8,9,14),(5540,'2022-09-11 14:45:43',670,9,8,9,14),(5541,'2022-09-11 14:46:00',670,9,9,8,14),(5542,'2022-09-11 14:46:10',477,10,8,9,15),(5543,'2022-09-11 14:46:20',464,9,8,9,14),(5544,'2022-09-11 14:46:42',367,10,8,9,15),(5545,'2022-09-11 14:49:19',427,9,8,9,14),(5546,'2022-09-11 14:49:42',429,10,8,9,15),(5547,'2022-09-11 14:51:32',116,9,9,8,14),(5548,'2022-09-11 14:51:45',116,9,8,9,14),(5549,'2022-09-11 14:52:12',1481,10,8,9,15),(5550,'2022-09-11 14:52:31',1042,10,8,9,15),(5551,'2022-09-11 14:52:53',424,10,9,8,15),(5552,'2022-09-11 14:53:13',352,10,8,9,15),(5553,'2022-09-11 14:54:32',77,9,8,9,14),(5554,'2022-09-11 14:56:34',424,10,8,9,15),(5555,'2022-09-11 14:56:44',466,10,8,9,15),(5556,'2022-09-11 14:56:51',129,10,8,9,15),(5557,'2022-09-11 14:57:42',421,10,8,9,15),(5558,'2022-09-11 14:58:16',1060,10,8,9,15),(5559,'2022-09-11 14:58:34',561,9,8,9,14),(5560,'2022-09-11 14:58:42',77,9,9,8,14),(5561,'2022-09-11 14:59:47',254,10,8,9,15),(5562,'2022-09-11 14:59:49',370,9,8,9,14),(5563,'2022-09-11 15:00:43',577,9,8,9,14),(5564,'2022-09-11 15:00:43',577,9,8,9,14),(5565,'2022-09-11 15:00:51',547,9,9,8,14),(5566,'2022-09-11 15:01:09',577,9,9,8,14),(5567,'2022-09-11 15:01:24',101,9,9,8,14),(5568,'2022-09-11 15:01:39',78,9,8,9,14),(5569,'2022-09-11 15:01:54',504,10,8,9,15),(5570,'2022-09-11 15:02:22',597,9,8,9,14),(5571,'2022-09-11 15:02:30',1110,10,9,8,15),(5572,'2022-09-11 15:02:48',548,10,9,8,15),(5573,'2022-09-11 15:03:21',396,9,8,9,14),(5574,'2022-09-11 15:03:59',112,9,9,8,14),(5575,'2022-09-11 15:04:17',923,10,8,9,15),(5576,'2022-09-11 15:04:42',678,9,8,9,14),(5577,'2022-09-11 15:04:52',675,9,8,9,14),(5578,'2022-09-11 15:06:45',423,10,8,9,15),(5579,'2022-09-11 15:06:46',940,9,8,9,14),(5580,'2022-09-11 15:06:56',935,9,8,9,14),(5581,'2022-09-11 15:07:03',946,9,8,9,14),(5582,'2022-09-11 15:07:09',958,9,8,9,14),(5583,'2022-09-11 15:07:23',953,9,8,9,14),(5584,'2022-09-11 15:07:38',957,9,8,9,14),(5585,'2022-09-11 15:07:44',931,9,8,9,14),(5586,'2022-09-11 15:07:51',1014,10,9,8,15),(5587,'2022-09-11 15:08:01',951,9,8,9,14),(5588,'2022-09-11 15:08:01',951,9,8,9,14),(5589,'2022-09-11 15:08:15',925,9,8,9,14),(5590,'2022-09-11 15:08:20',398,10,8,9,15),(5591,'2022-09-11 15:08:23',943,9,8,9,14),(5592,'2022-09-11 15:08:27',399,10,8,9,15),(5593,'2022-09-11 15:08:33',698,10,8,9,15),(5594,'2022-09-11 15:08:33',939,9,8,9,14),(5595,'2022-09-11 15:08:41',948,9,8,9,14),(5596,'2022-09-11 15:08:48',944,9,8,9,14),(5597,'2022-09-11 15:08:55',932,9,8,9,14),(5598,'2022-09-11 15:09:02',959,9,8,9,14),(5599,'2022-09-11 15:09:03',959,9,8,9,14),(5600,'2022-09-11 15:09:10',947,9,8,9,14),(5601,'2022-09-11 15:09:11',947,9,8,9,14),(5602,'2022-09-11 15:09:18',949,9,8,9,14),(5603,'2022-09-11 15:09:26',950,9,8,9,14),(5604,'2022-09-11 15:09:34',956,9,8,9,14),(5605,'2022-09-11 15:09:35',956,9,8,9,14),(5606,'2022-09-11 15:09:40',938,9,8,9,14),(5607,'2022-09-11 15:09:46',401,10,9,8,15),(5608,'2022-09-11 15:09:49',928,9,8,9,14),(5609,'2022-09-11 15:09:52',401,10,8,9,15),(5610,'2022-09-11 15:09:57',926,9,8,9,14),(5611,'2022-09-11 15:10:02',402,10,8,9,15),(5612,'2022-09-11 15:10:06',936,9,8,9,14),(5613,'2022-09-11 15:10:07',936,9,8,9,14),(5614,'2022-09-11 15:10:10',400,10,8,9,15),(5615,'2022-09-11 15:10:12',929,9,8,9,14),(5616,'2022-09-11 15:10:12',929,9,8,9,14),(5617,'2022-09-11 15:10:21',937,9,8,9,14),(5618,'2022-09-11 15:10:22',937,9,8,9,14),(5619,'2022-09-11 15:10:35',930,9,8,9,14),(5620,'2022-09-11 15:10:35',930,9,8,9,14),(5621,'2022-09-11 15:10:43',952,9,8,9,14),(5622,'2022-09-11 15:10:44',952,9,8,9,14),(5623,'2022-09-11 15:10:52',934,9,8,9,14),(5624,'2022-09-11 15:10:52',934,9,8,9,14),(5625,'2022-09-11 15:11:02',1030,9,9,8,14),(5626,'2022-09-11 15:11:09',566,10,9,8,15),(5627,'2022-09-11 15:11:29',369,9,8,9,14),(5628,'2022-09-11 15:11:30',369,9,8,9,14),(5629,'2022-09-11 15:11:34',123,10,8,9,15),(5630,'2022-09-11 15:11:42',486,10,8,9,15),(5631,'2022-09-11 15:12:45',676,9,8,9,14),(5632,'2022-09-11 15:12:52',668,9,8,9,14),(5633,'2022-09-11 15:12:53',668,9,8,9,14),(5634,'2022-09-11 15:13:00',667,9,8,9,14),(5635,'2022-09-11 15:13:00',667,9,8,9,14),(5636,'2022-09-11 15:13:07',1121,9,8,9,14),(5637,'2022-09-11 15:13:20',933,9,8,9,14),(5638,'2022-09-11 15:14:05',1039,9,8,9,14),(5639,'2022-09-11 15:14:21',677,9,8,9,14),(5640,'2022-09-11 15:15:18',154,9,9,8,14),(5641,'2022-09-11 15:17:05',380,10,8,9,15),(5642,'2022-09-11 15:18:24',434,9,8,9,14),(5643,'2022-09-11 15:18:41',726,10,9,8,15),(5644,'2022-09-11 15:19:27',168,9,8,9,14),(5645,'2022-09-11 15:19:38',945,9,8,9,14),(5646,'2022-09-11 15:19:45',941,9,8,9,14),(5647,'2022-09-11 15:19:56',955,9,8,9,14),(5648,'2022-09-11 15:20:16',154,9,8,9,14),(5649,'2022-09-11 15:20:36',632,9,8,9,14),(5650,'2022-09-11 15:20:58',546,9,9,8,14),(5651,'2022-09-11 15:20:59',546,9,9,8,14),(5652,'2022-09-11 15:21:09',550,9,9,8,14),(5653,'2022-09-11 15:21:35',405,9,8,9,14),(5654,'2022-09-11 15:22:52',76,10,8,9,15),(5655,'2022-09-11 15:23:22',389,10,8,9,15),(5656,'2022-09-11 15:23:31',726,10,8,9,15),(5657,'2022-09-11 15:23:56',117,9,9,8,14),(5658,'2022-09-11 15:26:57',1014,10,8,9,15),(5659,'2022-09-11 15:27:07',445,10,8,9,15),(5660,'2022-09-11 15:27:15',446,10,8,9,15),(5661,'2022-09-11 15:27:20',450,9,8,9,14),(5662,'2022-09-11 15:29:02',438,10,9,8,15),(5663,'2022-09-11 15:29:13',147,9,9,8,14),(5664,'2022-09-11 15:29:25',380,10,9,8,15),(5665,'2022-09-11 15:29:35',168,9,9,8,14),(5666,'2022-09-11 15:30:05',313,10,8,9,15),(5667,'2022-09-11 15:30:27',504,10,9,8,15),(5668,'2022-09-11 15:30:49',1054,10,9,8,15),(5669,'2022-09-11 15:30:58',1124,10,9,8,15),(5670,'2022-09-11 15:31:08',159,10,8,9,15),(5671,'2022-09-11 15:31:21',764,9,9,8,14),(5672,'2022-09-11 15:31:45',1055,9,9,8,14),(5673,'2022-09-11 15:32:52',1482,10,8,9,15),(5674,'2022-09-11 15:33:41',1119,9,9,8,14),(5675,'2022-09-11 15:33:59',591,9,8,9,14),(5676,'2022-09-11 15:34:19',577,9,8,9,14),(5677,'2022-09-11 15:35:35',144,9,9,8,14),(5678,'2022-09-11 15:36:04',764,9,8,9,14),(5679,'2022-09-11 15:37:25',968,9,9,8,14),(5680,'2022-09-11 15:37:47',998,9,8,9,14),(5681,'2022-09-11 15:38:08',998,9,9,8,14),(5682,'2022-09-11 15:38:43',1482,10,9,8,15),(5683,'2022-09-11 15:38:51',542,10,8,9,15),(5684,'2022-09-11 15:39:21',474,10,8,9,15),(5685,'2022-09-11 15:39:26',81,9,8,9,14),(5686,'2022-09-11 15:39:33',475,10,8,9,15),(5687,'2022-09-11 15:39:48',1097,10,9,8,15),(5688,'2022-09-11 15:39:56',1097,10,8,9,15),(5689,'2022-09-11 15:42:34',102,10,8,9,15),(5690,'2022-09-11 15:42:44',461,10,8,9,15),(5691,'2022-09-11 15:44:25',550,9,8,9,14),(5692,'2022-09-11 15:44:34',546,9,8,9,14),(5693,'2022-09-11 15:45:42',328,9,9,8,14),(5694,'2022-09-11 15:46:21',1480,9,8,9,14),(5695,'2022-09-11 15:46:40',529,9,8,9,14),(5696,'2022-09-11 15:46:41',529,9,8,9,14),(5697,'2022-09-11 15:46:42',714,10,8,9,15),(5698,'2022-09-11 15:46:52',528,9,8,9,14),(5699,'2022-09-11 15:47:27',371,9,8,9,14),(5700,'2022-09-11 15:49:24',334,10,9,8,15),(5701,'2022-09-11 15:49:43',965,9,8,9,14),(5702,'2022-09-11 15:49:49',366,10,8,9,15),(5703,'2022-09-11 15:49:58',995,9,9,8,14),(5704,'2022-09-11 15:51:05',977,9,9,8,14),(5705,'2022-09-11 15:52:12',329,10,8,9,15),(5706,'2022-09-11 15:52:25',613,9,9,8,14),(5707,'2022-09-11 15:52:36',733,9,9,8,14),(5708,'2022-09-11 15:54:54',313,10,9,8,15),(5709,'2022-09-11 15:55:08',623,10,8,9,15),(5710,'2022-09-11 15:55:42',1067,9,8,9,14),(5711,'2022-09-11 15:56:44',675,9,9,8,14),(5712,'2022-09-11 15:56:44',675,9,9,8,14),(5713,'2022-09-11 15:57:23',126,9,9,8,14),(5714,'2022-09-11 15:57:30',126,9,8,9,14),(5715,'2022-09-11 15:57:43',394,9,8,9,14),(5716,'2022-09-11 15:57:44',136,10,8,9,15),(5717,'2022-09-11 15:57:54',74,10,9,8,15),(5718,'2022-09-11 15:58:04',392,9,8,9,14),(5719,'2022-09-11 15:58:47',393,9,8,9,14),(5720,'2022-09-11 15:59:03',1292,9,9,8,14),(5721,'2022-09-11 15:59:04',1292,9,9,8,14),(5722,'2022-09-11 15:59:07',438,10,8,9,15),(5723,'2022-09-11 15:59:38',735,9,9,8,14),(5724,'2022-09-11 15:59:54',739,9,9,8,14),(5725,'2022-09-11 16:00:11',689,9,8,9,14),(5726,'2022-09-11 16:00:24',664,9,8,9,14),(5727,'2022-09-11 16:00:46',1020,9,9,8,14),(5728,'2022-09-11 16:00:54',1014,9,9,8,14),(5729,'2022-09-11 16:01:02',1006,9,9,8,14),(5730,'2022-09-11 16:01:13',270,9,8,9,14),(5731,'2022-09-11 16:01:22',270,9,9,8,14),(5732,'2022-09-11 16:01:23',270,9,9,8,14),(5733,'2022-09-11 16:01:31',101,9,8,9,14),(5734,'2022-09-11 16:02:02',1015,9,9,8,14),(5735,'2022-09-11 16:02:14',973,9,9,8,14),(5736,'2022-09-11 16:02:47',75,9,9,8,14),(5737,'2022-09-11 16:03:07',1086,9,9,8,14),(5738,'2022-09-11 16:03:11',334,10,8,9,15),(5739,'2022-09-11 16:03:19',694,10,8,9,15),(5740,'2022-09-11 16:04:19',986,9,9,8,14),(5741,'2022-09-11 16:04:27',962,9,9,8,14),(5742,'2022-09-11 16:04:28',962,9,9,8,14),(5743,'2022-09-11 16:04:36',993,9,9,8,14),(5744,'2022-09-11 16:05:26',761,9,9,8,14),(5745,'2022-09-11 16:06:16',1320,9,9,8,14),(5746,'2022-09-11 16:06:27',380,10,8,9,15),(5747,'2022-09-11 16:06:44',1016,9,9,8,14),(5748,'2022-09-11 16:06:58',707,10,8,9,15),(5749,'2022-09-11 16:07:08',1013,9,9,8,14),(5750,'2022-09-11 16:07:09',1013,9,9,8,14),(5751,'2022-09-11 16:07:19',1010,9,9,8,14),(5752,'2022-09-11 16:09:06',270,9,8,9,14),(5753,'2022-09-11 16:09:15',761,9,8,9,14),(5754,'2022-09-11 16:10:02',1025,9,9,8,14),(5755,'2022-09-11 16:10:35',154,9,9,8,14),(5756,'2022-09-11 16:10:35',154,9,9,8,14),(5757,'2022-09-11 16:11:04',969,9,8,9,14),(5758,'2022-09-11 16:11:14',969,9,9,8,14),(5759,'2022-09-11 16:11:36',974,9,8,9,14),(5760,'2022-09-11 16:11:36',974,9,8,9,14),(5761,'2022-09-11 16:11:54',1298,10,9,8,15),(5762,'2022-09-11 16:11:56',974,9,9,8,14),(5763,'2022-09-11 16:12:06',934,9,9,8,14),(5764,'2022-09-11 16:12:27',952,9,9,8,14),(5765,'2022-09-11 16:12:35',994,9,9,8,14),(5766,'2022-09-11 16:12:45',1110,10,8,9,15),(5767,'2022-09-11 16:12:48',960,9,8,9,14),(5768,'2022-09-11 16:13:01',960,9,9,8,14),(5769,'2022-09-11 16:13:01',960,9,9,8,14),(5770,'2022-09-11 16:13:09',1085,9,8,9,14),(5771,'2022-09-11 16:13:09',983,9,9,8,14),(5772,'2022-09-11 16:13:10',983,9,9,8,14),(5773,'2022-09-11 16:13:13',532,10,8,9,15),(5774,'2022-09-11 16:13:18',971,9,9,8,14),(5775,'2022-09-11 16:13:19',971,9,9,8,14),(5776,'2022-09-11 16:13:36',987,9,9,8,14),(5777,'2022-09-11 16:13:38',1298,10,8,9,15),(5778,'2022-09-11 16:13:48',991,9,9,8,14),(5779,'2022-09-11 16:14:05',984,9,9,8,14),(5780,'2022-09-11 16:14:28',1115,9,9,8,14),(5781,'2022-09-11 16:14:38',566,10,8,9,15),(5782,'2022-09-11 16:14:41',1115,9,8,9,14),(5783,'2022-09-11 16:15:02',746,10,9,8,15),(5784,'2022-09-11 16:16:25',1062,9,9,8,14),(5785,'2022-09-11 16:16:53',710,10,8,9,15),(5786,'2022-09-11 16:16:57',1119,9,8,9,14),(5787,'2022-09-11 16:17:22',728,10,9,8,15),(5788,'2022-09-11 16:17:31',424,10,9,8,15),(5789,'2022-09-11 16:17:36',736,10,9,8,15),(5790,'2022-09-11 16:17:49',243,9,9,8,14),(5791,'2022-09-11 16:18:34',246,9,9,8,14),(5792,'2022-09-11 16:18:44',970,9,9,8,14),(5793,'2022-09-11 16:19:03',966,9,9,8,14),(5794,'2022-09-11 16:19:23',601,9,9,8,14),(5795,'2022-09-11 16:19:23',601,9,9,8,14),(5796,'2022-09-11 16:19:33',599,9,8,9,14),(5797,'2022-09-11 16:19:34',599,9,8,9,14),(5798,'2022-09-11 16:19:46',424,10,8,9,15),(5799,'2022-09-11 16:19:59',681,9,8,9,14),(5800,'2022-09-11 16:20:00',681,9,8,9,14),(5801,'2022-09-11 16:20:13',937,9,9,8,14),(5802,'2022-09-11 16:20:34',926,9,9,8,14),(5803,'2022-09-11 16:20:35',926,9,9,8,14),(5804,'2022-09-11 16:20:46',744,10,9,8,15),(5805,'2022-09-11 16:20:55',737,10,8,9,15),(5806,'2022-09-11 16:20:59',936,9,9,8,14),(5807,'2022-09-11 16:21:06',366,10,9,8,15),(5808,'2022-09-11 16:21:10',1321,9,9,8,14),(5809,'2022-09-11 16:21:21',1021,9,8,9,14),(5810,'2022-09-11 16:21:35',619,9,8,9,14),(5811,'2022-09-11 16:21:55',1079,9,9,8,14),(5812,'2022-09-11 16:22:04',1075,9,9,8,14),(5813,'2022-09-11 16:25:57',742,10,9,8,15),(5814,'2022-09-11 16:26:30',996,9,8,9,14),(5815,'2022-09-11 16:26:32',996,9,8,9,14),(5816,'2022-09-11 16:26:34',996,9,8,9,14),(5817,'2022-09-11 16:26:50',982,9,8,9,14),(5818,'2022-09-11 16:27:06',981,9,8,9,14),(5819,'2022-09-11 16:27:38',672,9,8,9,14),(5820,'2022-09-11 16:27:51',683,9,8,9,14),(5821,'2022-09-11 16:28:14',975,9,9,8,14),(5822,'2022-09-11 16:28:18',954,10,8,9,15),(5823,'2022-09-11 16:28:22',988,10,9,8,6),(5824,'2022-09-11 16:28:27',328,10,8,9,15),(5825,'2022-09-11 16:28:27',979,10,9,8,6),(5826,'2022-09-11 16:28:57',924,10,8,9,15),(5827,'2022-09-11 16:29:34',698,10,9,8,15),(5828,'2022-09-11 16:30:34',138,10,8,9,15),(5829,'2022-09-11 16:30:43',138,10,9,8,15),(5830,'2022-09-11 16:31:09',628,9,9,8,14),(5831,'2022-09-11 16:31:09',138,10,8,9,15),(5832,'2022-09-11 16:31:15',138,10,9,8,15),(5833,'2022-09-11 16:31:20',1058,10,9,8,15),(5834,'2022-09-11 16:31:55',976,9,9,8,14),(5835,'2022-09-11 16:32:28',90,9,9,8,14),(5836,'2022-09-11 16:32:39',1074,9,9,8,14),(5837,'2022-09-11 16:33:13',1076,9,9,8,14),(5838,'2022-09-11 16:33:22',1049,9,9,8,14),(5839,'2022-09-11 16:33:31',931,9,9,8,14),(5840,'2022-09-11 16:33:33',931,9,9,8,14),(5841,'2022-09-11 16:33:37',466,10,9,8,15),(5842,'2022-09-11 16:33:39',1317,9,8,9,14),(5843,'2022-09-11 16:33:46',944,9,9,8,14),(5844,'2022-09-11 16:34:04',927,9,8,9,14),(5845,'2022-09-11 16:34:15',950,9,9,8,14),(5846,'2022-09-11 16:34:31',958,9,9,8,14),(5847,'2022-09-11 16:34:41',949,9,9,8,14),(5848,'2022-09-11 16:34:51',959,9,9,8,14),(5849,'2022-09-11 16:34:52',959,9,9,8,14),(5850,'2022-09-11 16:35:06',951,9,9,8,14),(5851,'2022-09-11 16:35:14',925,9,9,8,14),(5852,'2022-09-11 16:35:15',925,9,9,8,14),(5853,'2022-09-11 16:35:34',392,9,9,8,14),(5854,'2022-09-11 16:35:41',394,9,9,8,14),(5855,'2022-09-11 16:35:51',393,9,9,8,14),(5856,'2022-09-11 16:35:52',393,9,9,8,14),(5857,'2022-09-11 16:35:58',638,9,9,8,14),(5858,'2022-09-11 16:36:10',652,9,9,8,14),(5859,'2022-09-11 16:36:41',132,9,8,9,14),(5860,'2022-09-11 16:37:06',740,10,8,9,15),(5861,'2022-09-11 16:37:11',740,10,9,8,15),(5862,'2022-09-11 16:37:27',481,10,9,8,15),(5863,'2022-09-11 16:37:34',335,10,9,8,15),(5864,'2022-09-11 16:37:41',488,10,8,9,15),(5865,'2022-09-11 16:37:46',481,10,8,9,15),(5866,'2022-09-11 16:37:52',1221,10,8,9,15),(5867,'2022-09-11 16:37:54',942,9,8,9,14),(5868,'2022-09-11 16:37:58',1223,10,8,9,15),(5869,'2022-09-11 16:38:01',948,9,9,8,14),(5870,'2022-09-11 16:38:03',679,10,8,9,15),(5871,'2022-09-11 16:38:08',943,9,9,8,14),(5872,'2022-09-11 16:38:27',702,10,9,8,15),(5873,'2022-09-11 16:39:12',116,9,9,8,14),(5874,'2022-09-11 16:39:33',181,9,9,8,14),(5875,'2022-09-11 16:41:43',341,10,8,9,15),(5876,'2022-09-11 16:41:47',1326,9,9,8,14),(5877,'2022-09-11 16:42:27',828,10,8,9,15),(5878,'2022-09-11 16:43:58',1022,10,9,8,15),(5879,'2022-09-11 16:44:05',1007,10,9,8,15),(5880,'2022-09-11 16:44:23',487,10,8,9,15),(5881,'2022-09-11 16:44:28',1468,9,8,9,14),(5882,'2022-09-11 16:44:37',604,9,8,9,14),(5883,'2022-09-11 16:44:53',413,10,8,9,15),(5884,'2022-09-11 16:45:17',761,9,9,8,14),(5885,'2022-09-11 16:45:45',250,10,9,8,15),(5886,'2022-09-11 16:46:40',229,10,9,8,15),(5887,'2022-09-11 16:46:47',1316,10,9,8,15),(5888,'2022-09-11 16:47:25',1003,10,8,9,15),(5889,'2022-09-11 16:47:45',1085,9,9,8,14),(5890,'2022-09-11 16:48:20',1002,9,8,9,14),(5891,'2022-09-11 16:48:20',690,10,8,9,15),(5892,'2022-09-11 16:48:25',1000,9,8,9,14),(5893,'2022-09-11 16:49:05',1102,9,9,8,14),(5894,'2022-09-11 16:49:23',650,9,8,9,14),(5895,'2022-09-11 16:49:46',184,9,9,8,14),(5896,'2022-09-11 16:49:58',474,10,9,8,15),(5897,'2022-09-11 16:50:05',475,10,9,8,15),(5898,'2022-09-11 16:50:35',679,10,9,8,15),(5899,'2022-09-11 16:51:22',443,10,9,8,15),(5900,'2022-09-11 16:51:25',999,9,9,8,14),(5901,'2022-09-11 16:51:47',225,9,9,8,14),(5902,'2022-09-11 16:51:55',225,9,8,9,14),(5903,'2022-09-11 16:51:59',487,10,9,8,15),(5904,'2022-09-11 16:52:25',688,9,8,9,14),(5905,'2022-09-11 16:53:28',338,9,9,8,14),(5906,'2022-09-11 16:53:42',338,9,8,9,14),(5907,'2022-09-11 16:53:50',337,9,8,9,14),(5908,'2022-09-11 16:55:33',487,10,8,9,15),(5909,'2022-09-11 16:58:37',702,10,8,9,15),(5910,'2022-09-11 16:58:42',695,10,8,9,15),(5911,'2022-09-11 16:58:46',311,10,9,8,15),(5912,'2022-09-11 16:59:03',726,10,9,8,15),(5913,'2022-09-11 16:59:11',734,10,9,8,15),(5914,'2022-09-11 16:59:46',466,10,8,9,15),(5915,'2022-09-11 16:59:52',947,9,9,8,14),(5916,'2022-09-11 16:59:56',945,9,9,8,14),(5917,'2022-09-11 17:00:12',77,10,8,9,15),(5918,'2022-09-11 17:00:16',91,10,8,9,15),(5919,'2022-09-11 17:00:18',176,9,9,8,14),(5920,'2022-09-11 17:00:35',176,9,8,9,14),(5921,'2022-09-11 17:01:25',1218,9,9,8,14),(5922,'2022-09-11 17:01:32',1218,9,8,9,14),(5923,'2022-09-11 17:01:39',1216,9,8,9,14),(5924,'2022-09-11 17:01:49',1217,9,8,9,14),(5925,'2022-09-11 17:01:50',734,10,8,9,15),(5926,'2022-09-11 17:03:01',680,9,8,9,14),(5927,'2022-09-11 17:03:12',1031,9,9,8,14),(5928,'2022-09-11 17:03:15',1031,9,8,9,14),(5929,'2022-09-11 17:03:22',684,9,8,9,14),(5930,'2022-09-11 17:03:34',128,9,8,9,14),(5931,'2022-09-11 17:03:42',311,10,8,9,15),(5932,'2022-09-11 17:03:51',1068,9,9,8,14),(5933,'2022-09-11 17:03:55',1068,9,8,9,14),(5934,'2022-09-11 17:05:28',1220,9,8,9,14),(5935,'2022-09-11 17:06:09',671,10,8,9,15),(5936,'2022-09-11 17:06:16',724,9,8,9,14),(5937,'2022-09-11 17:06:35',184,9,8,9,14),(5938,'2022-09-11 17:09:20',554,10,9,8,15),(5939,'2022-09-11 17:09:29',250,10,8,9,15),(5940,'2022-09-11 17:10:32',99,9,9,8,14),(5941,'2022-09-11 17:10:36',1056,9,9,8,14),(5942,'2022-09-11 17:11:04',545,10,8,9,15),(5943,'2022-09-11 17:11:07',543,10,8,9,15),(5944,'2022-09-11 17:11:12',544,10,8,9,15),(5945,'2022-09-11 17:11:25',769,9,8,9,14),(5946,'2022-09-11 17:11:38',760,9,8,9,14),(5947,'2022-09-11 17:11:48',1081,9,8,9,14),(5948,'2022-09-11 17:11:56',87,9,8,9,14),(5949,'2022-09-11 17:12:02',151,9,8,9,14),(5950,'2022-09-11 17:12:42',783,9,8,9,14),(5951,'2022-09-11 17:14:02',164,9,9,8,14),(5952,'2022-09-11 17:15:36',1221,10,9,8,15),(5953,'2022-09-11 17:17:40',941,9,9,8,14),(5954,'2022-09-11 17:17:56',1221,10,8,9,15),(5955,'2022-09-11 17:18:05',1325,10,8,9,15),(5956,'2022-09-11 17:18:19',335,10,8,9,15),(5957,'2022-09-11 17:18:22',420,9,8,9,14),(5958,'2022-09-11 17:18:34',414,9,8,9,14),(5959,'2022-09-11 17:18:50',1104,9,8,9,14),(5960,'2022-09-11 17:18:52',624,10,8,9,15),(5961,'2022-09-11 17:18:57',622,10,8,9,15),(5962,'2022-09-11 17:19:03',615,10,8,9,15),(5963,'2022-09-11 17:20:09',439,10,8,9,15),(5964,'2022-09-11 17:20:09',71,9,9,8,14),(5965,'2022-09-11 17:21:46',332,10,8,9,15),(5966,'2022-09-11 17:24:15',1119,9,9,8,14),(5967,'2022-09-11 17:24:22',453,10,9,8,15),(5968,'2022-09-11 17:24:27',716,10,9,8,15),(5969,'2022-09-11 17:24:50',640,10,8,9,15),(5970,'2022-09-11 17:25:33',457,9,8,9,14),(5971,'2022-09-11 17:25:39',467,9,8,9,14),(5972,'2022-09-11 17:25:50',468,10,9,8,15),(5973,'2022-09-11 17:26:14',716,10,8,9,15),(5974,'2022-09-11 17:26:41',302,9,8,9,14),(5975,'2022-09-11 17:27:31',517,10,8,9,15),(5976,'2022-09-11 17:28:06',448,10,8,9,15),(5977,'2022-09-11 17:28:13',452,10,8,9,15),(5978,'2022-09-11 17:29:53',565,10,8,9,15),(5979,'2022-09-11 17:30:01',564,9,8,9,14),(5980,'2022-09-11 17:30:03',74,10,8,9,15),(5981,'2022-09-11 17:30:13',635,9,8,9,14),(5982,'2022-09-11 17:30:19',507,9,8,9,14),(5983,'2022-09-11 17:30:23',715,9,8,9,14),(5984,'2022-09-11 17:30:33',415,9,8,9,14),(5985,'2022-09-11 17:31:03',962,9,8,9,14),(5986,'2022-09-11 17:31:48',710,10,9,8,15),(5987,'2022-09-11 17:33:24',1329,9,8,9,14),(5988,'2022-09-11 17:34:42',640,10,9,8,15),(5989,'2022-09-11 17:35:19',470,10,8,9,15),(5990,'2022-09-11 17:35:41',453,9,8,9,14),(5991,'2022-09-11 17:36:48',340,10,9,8,15),(5992,'2022-09-11 17:36:54',342,10,9,8,15),(5993,'2022-09-11 17:37:26',441,10,9,8,15),(5994,'2022-09-11 17:37:45',468,10,8,9,15),(5995,'2022-09-11 17:39:12',225,9,9,8,14),(5996,'2022-09-11 17:40:19',930,9,9,8,14),(5997,'2022-09-11 17:40:23',940,9,9,8,14),(5998,'2022-09-11 17:40:45',447,10,8,9,15),(5999,'2022-09-11 17:41:27',326,10,9,8,15),(6000,'2022-09-11 17:41:27',1045,9,8,9,14),(6001,'2022-09-11 17:41:59',1045,9,9,8,14),(6002,'2022-09-11 17:42:05',527,10,9,8,15),(6003,'2022-09-11 17:42:06',75,9,8,9,14),(6004,'2022-09-11 17:42:39',1086,9,8,9,14),(6005,'2022-09-11 17:43:48',1292,9,8,9,14),(6006,'2022-09-11 17:44:34',422,10,9,8,15),(6007,'2022-09-11 17:46:30',1035,9,8,9,14),(6008,'2022-09-11 17:46:59',604,9,9,8,14),(6009,'2022-09-11 17:47:05',441,10,8,9,15),(6010,'2022-09-11 17:48:55',1221,10,9,8,15),(6011,'2022-09-11 17:49:01',1223,10,9,8,15),(6012,'2022-09-11 17:49:28',527,10,8,9,15),(6013,'2022-09-11 17:49:59',1073,9,9,8,14),(6014,'2022-09-11 17:51:45',677,9,9,8,14),(6015,'2022-09-11 17:51:45',707,10,9,8,15),(6016,'2022-09-11 17:51:59',1069,9,8,9,14),(6017,'2022-09-11 17:52:26',71,9,8,9,14),(6018,'2022-09-11 17:52:31',766,9,8,9,14),(6019,'2022-09-11 17:52:35',86,10,8,9,15),(6020,'2022-09-11 17:52:39',771,9,8,9,14),(6021,'2022-09-11 17:52:43',317,10,8,9,15),(6022,'2022-09-11 17:52:55',565,10,9,8,15),(6023,'2022-09-11 17:53:03',735,9,8,9,14),(6024,'2022-09-11 17:54:38',718,9,8,9,14),(6025,'2022-09-11 17:56:40',677,9,8,9,14),(6026,'2022-09-11 17:57:02',145,9,8,9,14),(6027,'2022-09-11 17:57:09',1109,9,8,9,14),(6028,'2022-09-11 17:57:12',953,9,9,8,14),(6029,'2022-09-11 17:57:45',296,10,8,9,15),(6030,'2022-09-11 17:57:57',299,10,8,9,15),(6031,'2022-09-11 17:59:35',364,10,8,9,15),(6032,'2022-09-11 17:59:39',608,9,8,9,14),(6033,'2022-09-11 17:59:59',604,9,8,9,14),(6034,'2022-09-11 18:00:19',617,9,9,8,14),(6035,'2022-09-11 18:00:35',461,10,9,8,15),(6036,'2022-09-11 18:00:43',617,9,8,9,14),(6037,'2022-09-11 18:00:53',955,9,9,8,14),(6038,'2022-09-11 18:01:26',323,10,8,9,15),(6039,'2022-09-11 18:01:31',320,10,8,9,15),(6040,'2022-09-11 18:02:53',104,9,9,8,14),(6041,'2022-09-11 18:02:59',104,9,8,9,14),(6042,'2022-09-11 18:03:49',162,9,8,9,14),(6043,'2022-09-11 18:04:25',384,10,8,9,15),(6044,'2022-09-11 18:04:32',386,10,8,9,15),(6045,'2022-09-11 18:04:56',1028,10,8,9,15),(6046,'2022-09-11 18:05:02',1100,10,8,9,15),(6047,'2022-09-11 18:05:52',1220,9,9,8,14),(6048,'2022-09-11 18:06:06',438,10,9,8,15),(6049,'2022-09-11 18:06:12',1463,9,8,9,14),(6050,'2022-09-11 18:06:40',640,10,8,9,15),(6051,'2022-09-11 18:06:54',658,10,9,8,15),(6052,'2022-09-11 18:07:07',1220,9,8,9,14),(6053,'2022-09-11 18:07:14',1220,9,9,8,14),(6054,'2022-09-11 18:07:21',1057,9,8,9,14),(6055,'2022-09-11 18:09:14',99,9,8,9,14),(6056,'2022-09-11 18:09:24',1056,9,8,9,14),(6057,'2022-09-11 18:09:39',315,10,8,9,15),(6058,'2022-09-11 18:09:48',540,10,8,9,15),(6059,'2022-09-11 18:10:24',554,10,8,9,15),(6060,'2022-09-11 18:10:49',168,9,8,9,14),(6061,'2022-09-11 18:10:55',111,9,9,8,14),(6062,'2022-09-11 18:11:11',111,9,8,9,14),(6063,'2022-09-11 18:11:13',1060,10,9,8,15),(6064,'2022-09-11 18:11:18',1042,10,9,8,15),(6065,'2022-09-11 18:11:21',623,10,9,8,15),(6066,'2022-09-11 18:11:29',622,10,9,8,15),(6067,'2022-09-11 18:11:31',1106,9,8,9,14),(6068,'2022-09-11 18:11:33',615,10,9,8,15),(6069,'2022-09-11 18:11:35',624,10,9,8,15),(6070,'2022-09-11 18:11:49',831,9,8,9,14),(6071,'2022-09-11 18:11:56',1078,9,9,8,14),(6072,'2022-09-11 18:12:09',179,9,8,9,14),(6073,'2022-09-11 18:12:32',1036,9,8,9,10),(6074,'2022-09-11 18:12:37',1116,9,8,9,14),(6075,'2022-09-11 18:12:42',1469,9,8,9,14),(6076,'2022-09-11 18:13:19',654,10,8,9,15),(6077,'2022-09-11 18:14:06',688,9,9,8,14),(6078,'2022-09-11 18:14:36',745,10,8,9,15),(6079,'2022-09-11 18:14:57',619,9,9,8,14),(6080,'2022-09-11 18:15:06',616,9,9,8,14),(6081,'2022-09-11 18:15:13',102,10,9,8,15),(6082,'2022-09-11 18:16:17',734,9,9,8,14),(6083,'2022-09-11 18:16:41',929,9,9,8,14),(6084,'2022-09-11 18:17:19',540,9,9,8,14),(6085,'2022-09-11 18:17:24',540,9,8,9,14),(6086,'2022-09-11 18:17:30',541,9,9,8,14),(6087,'2022-09-11 18:17:34',541,9,8,9,14),(6088,'2022-09-11 18:18:53',1120,9,9,8,14),(6089,'2022-09-11 18:18:57',1045,9,8,9,14),(6090,'2022-09-11 18:19:10',941,9,8,9,14),(6091,'2022-09-11 18:19:32',319,9,8,9,14),(6092,'2022-09-11 18:20:01',444,10,8,9,15),(6093,'2022-09-11 18:20:09',73,10,8,9,15),(6094,'2022-09-11 18:20:20',385,10,9,8,15),(6095,'2022-09-11 18:20:28',387,10,9,8,15),(6096,'2022-09-11 18:21:24',447,10,9,8,15),(6097,'2022-09-11 18:21:28',444,10,9,8,15),(6098,'2022-09-11 18:21:37',109,10,8,9,15),(6099,'2022-09-11 18:22:28',1047,9,9,8,14),(6100,'2022-09-11 18:22:38',1047,9,8,9,14),(6101,'2022-09-11 18:22:44',1292,9,9,8,14),(6102,'2022-09-11 18:22:49',1292,9,8,9,14),(6103,'2022-09-11 18:23:59',707,10,8,9,15),(6104,'2022-09-11 18:24:09',360,10,8,9,15),(6105,'2022-09-11 18:24:36',78,9,9,8,14),(6106,'2022-09-11 18:25:45',88,9,8,9,14),(6107,'2022-09-11 18:25:53',1107,9,8,9,14),(6108,'2022-09-11 18:26:45',777,10,8,9,15),(6109,'2022-09-11 18:27:14',714,10,9,8,15),(6110,'2022-09-11 18:27:31',125,9,9,8,14),(6111,'2022-09-11 18:27:39',125,9,8,9,14),(6112,'2022-09-11 18:27:48',1049,9,8,9,14),(6113,'2022-09-11 18:30:45',829,9,8,9,14),(6114,'2022-09-11 18:30:51',845,9,9,8,14),(6115,'2022-09-11 18:30:53',426,10,8,9,15),(6116,'2022-09-11 18:30:59',845,9,8,9,14),(6117,'2022-09-11 18:32:47',728,9,8,9,14),(6118,'2022-09-11 18:33:05',347,10,8,9,15),(6119,'2022-09-11 18:33:10',345,10,8,9,15),(6120,'2022-09-11 18:33:20',181,9,8,9,14),(6121,'2022-09-11 18:33:31',116,9,8,9,14),(6122,'2022-09-11 18:35:01',89,10,8,9,15),(6123,'2022-09-11 18:35:33',1482,10,8,9,15),(6124,'2022-09-11 18:37:15',543,10,9,8,15),(6125,'2022-09-11 18:37:37',1074,9,8,9,14),(6126,'2022-09-11 18:37:52',544,10,9,8,15),(6127,'2022-09-11 18:37:56',545,10,9,8,15),(6128,'2022-09-11 18:38:55',249,10,8,9,15),(6129,'2022-09-11 18:38:59',251,10,8,9,15),(6130,'2022-09-11 18:39:58',545,10,8,9,15),(6131,'2022-09-11 18:40:02',543,10,8,9,15),(6132,'2022-09-11 18:40:06',544,10,8,9,15),(6133,'2022-09-11 18:40:11',741,10,8,9,15),(6134,'2022-09-11 18:40:11',1067,9,9,8,14),(6135,'2022-09-11 18:40:15',627,10,8,9,15),(6136,'2022-09-11 18:40:21',1482,10,9,8,15),(6137,'2022-09-11 18:40:26',340,10,8,9,15),(6138,'2022-09-11 18:40:32',341,10,9,8,15),(6139,'2022-09-11 18:40:48',582,10,8,9,15),(6140,'2022-09-11 18:40:55',97,9,8,9,14),(6141,'2022-09-11 18:42:54',165,10,8,9,15),(6142,'2022-09-11 18:43:27',781,9,8,9,14),(6143,'2022-09-11 18:43:33',754,9,9,8,14),(6144,'2022-09-11 18:43:38',253,10,8,9,15),(6145,'2022-09-11 18:44:11',1111,10,9,8,15),(6146,'2022-09-11 18:44:15',1062,9,8,9,14),(6147,'2022-09-11 18:44:16',91,10,9,8,15),(6148,'2022-09-11 18:44:42',1076,9,8,9,14),(6149,'2022-09-11 18:44:48',90,9,8,9,14),(6150,'2022-09-11 18:45:01',623,10,8,9,15),(6151,'2022-09-11 18:45:05',435,9,8,9,14),(6152,'2022-09-11 18:45:10',431,9,8,9,14),(6153,'2022-09-11 18:45:15',451,9,8,9,14),(6154,'2022-09-11 18:46:23',734,9,8,9,14),(6155,'2022-09-11 18:47:03',1119,9,8,9,14),(6156,'2022-09-11 18:48:24',638,9,8,9,14),(6157,'2022-09-11 18:48:28',652,9,8,9,14),(6158,'2022-09-11 18:48:42',314,10,8,9,15),(6159,'2022-09-11 18:49:45',1110,10,9,8,15),(6160,'2022-09-11 18:52:08',366,10,8,9,15),(6161,'2022-09-11 18:53:24',727,10,8,9,15),(6162,'2022-09-11 18:53:30',723,10,8,9,15),(6163,'2022-09-11 18:54:13',725,9,9,8,14),(6164,'2022-09-11 18:54:17',415,9,9,8,14),(6165,'2022-09-11 18:54:22',414,9,9,8,14),(6166,'2022-09-11 18:55:01',414,9,8,9,14),(6167,'2022-09-11 18:55:46',438,10,8,9,15),(6168,'2022-09-11 18:57:02',929,9,8,9,14),(6169,'2022-09-11 18:57:09',711,10,8,9,15),(6170,'2022-09-11 18:57:18',705,10,8,9,15),(6171,'2022-09-11 18:57:41',751,10,9,8,15),(6172,'2022-09-11 18:58:29',751,10,8,9,15),(6173,'2022-09-11 18:58:32',774,9,8,9,14),(6174,'2022-09-11 18:58:42',447,10,8,9,15),(6175,'2022-09-11 18:58:47',444,10,8,9,15),(6176,'2022-09-11 18:59:26',341,10,8,9,15),(6177,'2022-09-11 18:59:32',138,10,8,9,15),(6178,'2022-09-11 19:00:42',1098,9,8,9,14),(6179,'2022-09-11 19:00:49',1095,9,8,9,14),(6180,'2022-09-11 19:02:56',739,9,8,9,14),(6181,'2022-09-11 19:04:03',733,9,8,9,14),(6182,'2022-09-11 19:04:06',613,9,8,9,14),(6183,'2022-09-11 19:04:11',611,9,8,9,14),(6184,'2022-09-11 19:04:20',156,9,9,8,14),(6185,'2022-09-11 19:04:25',1063,9,8,9,14),(6186,'2022-09-11 19:04:31',602,9,8,9,14),(6187,'2022-09-11 19:04:45',620,9,9,8,14),(6188,'2022-09-11 19:08:19',133,9,8,9,14),(6189,'2022-09-11 19:09:40',602,9,9,8,14),(6190,'2022-09-11 19:10:05',118,9,8,9,14),(6191,'2022-09-11 19:11:04',310,10,9,8,15),(6192,'2022-09-11 19:11:07',314,10,9,8,15),(6193,'2022-09-11 19:11:12',252,10,9,8,15),(6194,'2022-09-11 19:11:18',424,10,9,8,15),(6195,'2022-09-11 19:11:19',79,9,8,9,14),(6196,'2022-09-11 19:11:26',1124,10,8,9,15),(6197,'2022-09-11 19:11:41',504,10,8,9,15),(6198,'2022-09-11 19:11:46',506,10,8,9,15),(6199,'2022-09-11 19:12:47',1120,9,8,9,14),(6200,'2022-09-11 19:13:35',653,9,8,9,14),(6201,'2022-09-11 19:13:51',602,9,8,9,14),(6202,'2022-09-11 19:13:56',310,10,8,9,15),(6203,'2022-09-11 19:14:06',1292,9,9,8,14),(6204,'2022-09-11 19:14:34',424,10,8,9,15),(6205,'2022-09-11 19:14:39',422,10,8,9,15),(6206,'2022-09-11 19:15:19',533,10,8,9,15),(6207,'2022-09-11 19:15:44',423,10,9,8,15),(6208,'2022-09-11 19:16:14',654,10,9,8,15),(6209,'2022-09-11 19:16:31',1292,9,8,9,14),(6210,'2022-09-11 19:16:41',313,10,8,9,15),(6211,'2022-09-11 19:17:24',713,10,9,8,15),(6212,'2022-09-11 19:18:22',466,10,9,8,15),(6213,'2022-09-11 19:20:17',1111,10,8,9,15),(6214,'2022-09-11 19:20:39',553,9,8,9,14),(6215,'2022-09-11 19:21:18',383,10,8,9,15),(6216,'2022-09-11 19:21:57',941,9,9,8,14),(6217,'2022-09-11 19:22:09',320,10,9,8,6),(6218,'2022-09-11 19:22:14',323,10,9,8,6),(6219,'2022-09-11 19:26:10',225,9,8,9,14),(6220,'2022-09-11 19:26:16',76,9,9,8,14),(6221,'2022-09-11 19:26:18',643,9,8,9,14),(6222,'2022-09-11 19:26:26',637,9,9,8,14),(6223,'2022-09-11 19:26:29',637,9,8,9,14),(6224,'2022-09-11 19:27:05',108,9,8,9,14),(6225,'2022-09-11 19:27:12',150,9,8,9,14),(6226,'2022-09-11 19:27:21',488,9,9,8,14),(6227,'2022-09-11 19:27:39',1034,9,8,9,14),(6228,'2022-09-11 19:27:49',77,9,9,8,14),(6229,'2022-09-11 19:28:09',625,9,9,8,14),(6230,'2022-09-11 19:28:18',625,9,8,9,14),(6231,'2022-09-11 19:28:37',76,9,8,9,14),(6232,'2022-09-11 19:28:45',121,9,8,9,14),(6233,'2022-09-11 19:28:49',1064,9,8,9,14),(6234,'2022-09-11 19:29:16',752,9,9,8,14),(6235,'2022-09-11 19:29:57',471,9,9,8,14),(6236,'2022-09-11 19:30:07',471,9,8,9,14),(6237,'2022-09-11 19:31:06',420,9,9,8,14),(6238,'2022-09-11 19:31:38',754,9,8,9,14),(6239,'2022-09-11 19:31:47',781,9,9,8,14),(6240,'2022-09-11 19:32:20',102,9,8,9,14),(6241,'2022-09-11 19:32:21',102,9,8,9,14),(6242,'2022-09-11 19:32:30',120,9,8,9,14),(6243,'2022-09-11 19:32:51',509,9,8,9,14),(6244,'2022-09-11 19:33:03',719,9,8,9,14),(6245,'2022-09-11 19:33:04',780,9,8,9,14),(6246,'2022-09-11 19:33:12',776,9,8,9,14),(6247,'2022-09-11 19:33:38',722,9,9,8,14),(6248,'2022-09-11 19:33:46',745,9,9,8,14),(6249,'2022-09-11 19:34:19',535,9,9,8,14),(6250,'2022-09-11 19:34:38',1218,9,9,8,14),(6251,'2022-09-11 19:34:47',1216,9,9,8,14),(6252,'2022-09-11 19:35:16',1217,9,9,8,14),(6253,'2022-09-11 19:36:12',719,9,9,8,14),(6254,'2022-09-11 19:36:40',646,9,8,9,14),(6255,'2022-09-11 19:39:11',1309,9,8,9,14),(6256,'2022-09-11 19:39:26',761,9,8,9,14),(6257,'2022-09-11 19:39:29',621,9,8,9,14),(6258,'2022-09-11 19:41:11',770,9,8,9,14),(6259,'2022-09-11 19:41:26',635,9,9,8,14),(6260,'2022-09-11 19:41:59',1003,9,9,8,14),(6261,'2022-09-11 19:42:44',564,9,9,8,14),(6262,'2022-09-11 19:43:19',1464,9,8,9,14),(6263,'2022-09-11 19:43:35',926,9,8,9,14),(6264,'2022-09-11 19:43:40',936,9,8,9,14),(6265,'2022-09-11 19:43:45',937,9,8,9,14),(6266,'2022-09-11 19:44:08',480,9,8,9,14),(6267,'2022-09-11 19:45:08',1329,9,9,8,14),(6268,'2022-09-11 19:47:48',432,9,8,9,14),(6269,'2022-09-11 19:48:44',558,9,8,9,14),(6270,'2022-09-11 19:50:28',607,9,9,8,14),(6271,'2022-09-11 19:50:31',585,9,9,8,14),(6272,'2022-09-11 19:50:49',607,9,8,9,14),(6273,'2022-09-11 19:51:58',562,9,8,9,14),(6274,'2022-09-11 19:52:26',1067,9,8,9,14),(6275,'2022-09-11 19:52:46',460,9,8,9,14),(6276,'2022-09-11 19:52:59',309,9,8,9,14),(6277,'2022-09-11 19:53:05',308,9,8,9,14),(6278,'2022-09-11 19:55:45',730,9,8,9,14),(6279,'2022-09-11 19:56:07',736,9,8,9,14),(6280,'2022-09-11 19:56:34',466,9,8,9,14),(6281,'2022-09-11 19:56:49',465,9,8,9,14),(6282,'2022-09-11 19:59:17',246,9,8,9,14),(6283,'2022-09-11 19:59:28',1097,9,9,8,14),(6284,'2022-09-11 20:00:59',169,9,8,9,14),(6285,'2022-09-11 20:03:26',740,9,8,9,14),(6286,'2022-09-11 20:03:44',1028,9,9,8,14),(6287,'2022-09-11 20:03:57',1086,9,9,8,14),(6288,'2022-09-11 20:04:58',697,9,8,9,14),(6289,'2022-09-11 20:06:05',1028,9,8,9,14),(6290,'2022-09-11 20:06:45',554,9,9,8,14),(6291,'2022-09-11 20:08:36',698,9,8,9,14),(6292,'2022-09-11 20:08:50',924,9,9,8,14),(6293,'2022-09-11 20:08:56',429,9,9,8,14),(6294,'2022-09-11 20:09:45',1033,9,8,9,14),(6295,'2022-09-11 20:09:50',772,9,8,9,14),(6296,'2022-09-11 20:12:08',330,9,8,9,14),(6297,'2022-09-11 20:12:23',413,9,9,8,14),(6298,'2022-09-11 20:12:36',664,9,9,8,14),(6299,'2022-09-11 20:12:47',467,9,9,8,14),(6300,'2022-09-11 20:13:01',470,9,9,8,14),(6301,'2022-09-11 20:13:46',1467,9,9,8,14),(6302,'2022-09-11 20:13:49',923,9,9,8,14),(6303,'2022-09-11 20:13:51',1466,9,9,8,14),(6304,'2022-09-11 20:13:56',1466,9,8,9,14),(6305,'2022-09-11 20:14:28',367,9,9,8,14),(6306,'2022-09-11 20:15:52',964,9,9,8,14),(6307,'2022-09-11 20:16:46',486,9,9,8,14),(6308,'2022-09-11 20:16:49',1225,9,8,9,14),(6309,'2022-09-11 20:16:56',1233,9,8,9,14),(6310,'2022-09-11 20:16:57',481,9,9,8,14),(6311,'2022-09-11 20:17:05',1226,9,8,9,14),(6312,'2022-09-11 20:17:30',1232,9,8,9,14),(6313,'2022-09-11 20:17:49',1229,9,8,9,14),(6314,'2022-09-11 20:17:58',1236,9,8,9,14),(6315,'2022-09-11 20:18:10',1227,9,8,9,14),(6316,'2022-09-11 20:19:27',1230,9,8,9,14),(6317,'2022-09-11 20:19:53',1304,9,9,8,14),(6318,'2022-09-11 20:20:15',1231,9,8,9,14),(6319,'2022-09-11 20:20:26',470,9,8,9,14),(6320,'2022-09-11 20:20:36',467,9,8,9,14),(6321,'2022-09-11 20:20:36',467,9,8,9,14),(6322,'2022-09-11 20:21:19',497,9,8,9,14),(6323,'2022-09-11 20:21:29',420,9,8,9,14),(6324,'2022-09-11 20:21:38',1039,9,9,8,14),(6325,'2022-09-11 20:21:46',1039,9,8,9,14),(6326,'2022-09-11 20:22:00',115,9,8,9,14),(6327,'2022-09-11 20:22:05',327,9,9,8,14),(6328,'2022-09-11 20:22:05',327,9,9,8,14),(6329,'2022-09-11 20:22:29',541,9,9,8,14),(6330,'2022-09-11 20:22:45',540,9,9,8,14),(6331,'2022-09-11 20:22:47',1304,9,8,9,14),(6332,'2022-09-11 20:22:54',1333,9,8,9,14),(6333,'2022-09-11 20:23:00',1235,9,8,9,14),(6334,'2022-09-11 20:23:25',417,9,8,9,14),(6335,'2022-09-11 20:23:28',310,9,9,8,14),(6336,'2022-09-11 20:23:38',308,9,9,8,14),(6337,'2022-09-11 20:23:45',309,9,9,8,14),(6338,'2022-09-11 20:23:51',374,9,9,8,14),(6339,'2022-09-11 20:24:57',771,9,9,8,14),(6340,'2022-09-11 20:25:05',766,9,9,8,14),(6341,'2022-09-11 20:25:29',554,9,8,9,14),(6342,'2022-09-11 20:26:48',535,9,8,9,14),(6343,'2022-09-11 20:27:02',481,9,8,9,14),(6344,'2022-09-11 20:27:13',486,9,8,9,14),(6345,'2022-09-11 20:27:13',1082,9,9,8,14),(6346,'2022-09-11 20:27:22',184,9,9,8,14),(6347,'2022-09-11 20:28:21',929,9,9,8,14),(6348,'2022-09-11 20:29:13',854,9,8,9,14),(6349,'2022-09-11 20:29:25',763,9,8,9,14),(6350,'2022-09-11 20:29:35',1047,9,9,8,14),(6351,'2022-09-11 20:30:08',1235,9,9,8,14),(6352,'2022-09-11 20:30:27',1228,9,8,9,14),(6353,'2022-09-11 20:30:36',308,9,8,9,14),(6354,'2022-09-11 20:31:35',646,9,9,8,14),(6355,'2022-09-11 20:31:43',665,9,8,9,14),(6356,'2022-09-11 20:32:06',415,9,8,9,14),(6357,'2022-09-11 20:32:30',254,9,9,8,14),(6358,'2022-09-11 20:32:57',251,9,9,8,14),(6359,'2022-09-11 20:33:37',249,9,9,8,14),(6360,'2022-09-11 20:34:49',1115,9,9,8,14),(6361,'2022-09-11 20:35:40',601,9,8,9,14),(6362,'2022-09-11 20:36:37',133,9,9,8,14),(6363,'2022-09-11 20:37:00',411,9,8,9,14),(6364,'2022-09-11 20:38:31',254,9,8,9,14),(6365,'2022-09-11 20:39:53',962,9,9,8,14),(6366,'2022-09-11 20:40:41',300,9,8,9,14),(6367,'2022-09-11 20:41:44',550,9,9,8,14),(6368,'2022-09-11 20:42:03',546,9,9,8,14),(6369,'2022-09-11 20:42:07',429,9,8,9,14),(6370,'2022-09-11 20:42:15',429,9,9,8,14),(6371,'2022-09-11 20:42:36',924,9,8,9,14),(6372,'2022-09-11 20:44:36',303,9,8,9,14),(6373,'2022-09-11 20:45:30',664,9,8,9,14),(6374,'2022-09-11 20:46:03',374,9,8,9,14),(6375,'2022-09-11 20:46:33',445,9,9,8,14),(6376,'2022-09-11 20:46:49',446,9,9,8,14),(6377,'2022-09-11 20:47:12',687,9,8,9,14),(6378,'2022-09-11 20:48:04',679,9,8,9,14),(6379,'2022-09-11 20:48:15',439,9,9,8,14),(6380,'2022-09-11 20:50:19',1465,9,8,9,14),(6381,'2022-09-11 20:51:40',77,9,8,9,14),(6382,'2022-09-11 20:52:21',91,9,8,9,14),(6383,'2022-09-11 20:52:37',638,9,9,8,14),(6384,'2022-09-11 20:52:42',996,9,9,8,14),(6385,'2022-09-11 20:52:47',142,9,8,9,14),(6386,'2022-09-11 20:52:49',982,9,9,8,14),(6387,'2022-09-11 20:53:02',982,9,8,9,14),(6388,'2022-09-11 20:53:25',769,9,9,8,14),(6389,'2022-09-11 20:53:28',760,9,9,8,14),(6390,'2022-09-11 20:58:40',439,9,8,9,14),(6391,'2022-09-11 20:59:48',677,9,9,8,14),(6392,'2022-09-11 21:00:43',1336,9,8,9,14),(6393,'2022-09-11 21:00:52',1302,9,8,9,14),(6394,'2022-09-11 21:00:58',710,9,8,9,14),(6395,'2022-09-11 21:06:57',459,9,8,9,14),(6396,'2022-09-11 21:09:49',1063,9,9,8,14),(6397,'2022-09-11 21:09:58',1105,10,8,9,6),(6398,'2022-09-11 21:09:59',638,9,8,9,14),(6399,'2022-09-11 21:15:08',133,9,8,9,14),(6400,'2022-09-11 21:17:31',470,9,9,8,14),(6401,'2022-09-11 21:17:31',470,9,9,8,14),(6402,'2022-09-11 21:18:26',1222,9,8,9,14),(6403,'2022-09-11 21:22:28',470,9,8,9,14),(6404,'2022-09-11 21:22:59',399,9,9,8,14),(6405,'2022-09-11 21:23:09',398,9,9,8,14),(6406,'2022-09-11 21:23:14',139,9,8,9,14),(6407,'2022-09-11 21:23:33',155,9,8,9,14),(6408,'2022-09-11 21:24:00',313,9,9,8,14),(6409,'2022-09-11 21:24:53',76,9,9,8,14),(6410,'2022-09-11 21:25:15',472,9,8,9,14),(6411,'2022-09-11 21:25:31',1225,9,9,8,14),(6412,'2022-09-11 21:26:37',77,9,9,8,14),(6413,'2022-09-11 21:29:14',1309,9,9,8,14),(6414,'2022-09-11 21:30:02',77,9,8,9,14),(6415,'2022-09-11 21:32:02',512,9,8,9,14),(6416,'2022-09-11 21:32:08',1104,9,9,8,14),(6417,'2022-09-11 21:32:12',1025,9,8,9,14),(6418,'2022-09-11 21:32:18',154,9,8,9,14),(6419,'2022-09-11 21:32:33',1225,9,8,9,14),(6420,'2022-09-11 21:32:53',1110,9,8,9,14),(6421,'2022-09-11 21:32:56',1110,9,8,9,14),(6422,'2022-09-11 21:33:04',1104,9,8,9,14),(6423,'2022-09-11 21:33:45',725,9,8,9,14),(6424,'2022-09-11 21:34:02',399,9,8,9,14),(6425,'2022-09-11 21:34:07',1231,9,9,8,14),(6426,'2022-09-11 21:34:09',398,9,8,9,14),(6427,'2022-09-11 21:34:22',1229,9,9,8,14),(6428,'2022-09-11 21:35:53',1481,9,9,8,14),(6429,'2022-09-11 21:38:37',239,9,8,9,14),(6430,'2022-09-11 21:38:49',231,9,8,9,14),(6431,'2022-09-11 21:38:58',569,9,8,9,14),(6432,'2022-09-11 21:39:14',1220,9,8,9,14),(6433,'2022-09-11 21:40:43',341,9,9,8,14),(6434,'2022-09-11 21:40:59',531,9,8,9,14),(6435,'2022-09-11 21:43:36',1226,9,9,8,14),(6436,'2022-09-11 21:43:40',1236,9,9,8,14),(6437,'2022-09-11 21:43:57',740,9,9,8,14),(6438,'2022-09-11 21:44:17',1233,9,9,8,14),(6439,'2022-09-11 21:44:28',1028,9,9,8,14),(6440,'2022-09-11 21:45:27',677,9,8,9,14),(6441,'2022-09-11 21:45:34',666,9,8,9,14),(6442,'2022-09-11 21:46:12',461,9,8,9,14),(6443,'2022-09-11 21:47:41',1028,9,8,9,14),(6444,'2022-09-11 21:48:41',76,9,8,9,14),(6445,'2022-09-11 21:49:10',481,9,9,8,14),(6446,'2022-09-11 21:49:20',535,9,9,8,14),(6447,'2022-09-11 21:50:33',1228,9,9,8,14),(6448,'2022-09-11 21:50:44',741,9,9,8,14),(6449,'2022-09-11 21:51:21',481,9,8,9,14),(6450,'2022-09-11 21:52:32',507,9,9,8,14),(6451,'2022-09-11 21:52:36',715,9,9,8,14),(6452,'2022-09-11 21:53:27',526,9,9,8,14),(6453,'2022-09-11 21:53:47',1031,9,9,8,14),(6454,'2022-09-11 21:53:55',1104,9,9,8,14),(6455,'2022-09-11 21:57:51',558,9,9,8,14),(6456,'2022-09-11 22:00:46',526,9,8,9,14),(6457,'2022-09-11 22:01:06',1226,9,8,9,14),(6458,'2022-09-11 22:01:11',1236,9,8,9,14),(6459,'2022-09-11 22:01:37',688,9,8,9,14),(6460,'2022-09-11 22:02:55',1227,9,9,8,14),(6461,'2022-09-11 22:03:01',468,9,9,8,14),(6462,'2022-09-11 22:03:31',1121,9,9,8,14),(6463,'2022-09-11 22:04:34',1230,9,9,8,14),(6464,'2022-09-11 22:06:15',167,9,8,9,14),(6465,'2022-09-11 22:06:30',468,9,8,9,14),(6466,'2022-09-11 22:06:33',75,9,9,8,14),(6467,'2022-09-11 22:07:49',1035,9,9,8,14),(6468,'2022-09-11 22:08:00',1464,9,9,8,14),(6469,'2022-09-11 22:08:11',517,9,9,8,14),(6470,'2022-09-11 22:08:36',1292,9,9,8,14),(6471,'2022-09-11 22:09:22',75,9,8,9,14),(6472,'2022-09-11 22:09:46',1043,9,8,9,14),(6473,'2022-09-11 22:10:25',84,9,8,9,14),(6474,'2022-09-11 22:10:51',696,9,8,9,14),(6475,'2022-09-11 22:12:11',77,9,9,8,14),(6476,'2022-09-11 22:13:20',1073,9,8,9,14),(6477,'2022-09-11 22:13:28',77,9,8,9,14),(6478,'2022-09-11 22:13:29',1328,9,8,9,14),(6479,'2022-09-11 22:16:31',161,9,8,9,14),(6480,'2022-09-11 22:16:41',1112,9,9,8,14),(6481,'2022-09-11 22:17:14',297,9,8,9,14),(6482,'2022-09-11 22:17:20',298,9,8,9,14),(6483,'2022-09-11 22:17:21',112,9,8,9,14),(6484,'2022-09-11 22:17:50',346,9,9,8,14),(6485,'2022-09-11 22:17:58',346,9,8,9,14),(6486,'2022-09-11 22:18:09',329,9,9,8,14),(6487,'2022-09-11 22:18:19',1230,9,8,9,14),(6488,'2022-09-11 22:18:22',1317,9,9,8,14),(6489,'2022-09-11 22:19:36',1083,9,9,8,14),(6490,'2022-09-11 22:20:12',771,9,8,9,14),(6491,'2022-09-11 22:20:19',766,9,8,9,14),(6492,'2022-09-11 22:20:31',1112,9,8,9,14),(6493,'2022-09-11 22:20:36',182,9,9,8,14),(6494,'2022-09-11 22:21:15',1104,9,8,9,14),(6495,'2022-09-11 22:21:21',1031,9,8,9,14),(6496,'2022-09-11 22:23:15',120,9,9,8,14),(6497,'2022-09-11 22:23:31',102,9,9,8,14),(6498,'2022-09-11 22:23:43',1321,9,8,9,14),(6499,'2022-09-11 22:26:18',182,9,8,9,14),(6500,'2022-09-11 22:27:40',1060,9,8,9,14),(6501,'2022-09-11 22:28:09',1333,9,9,8,14),(6502,'2022-09-11 22:28:54',764,9,9,8,14),(6503,'2022-09-11 22:29:48',153,9,9,8,14),(6504,'2022-09-11 22:30:52',1220,9,9,8,14),(6505,'2022-09-11 22:31:30',229,9,8,9,14),(6506,'2022-09-11 22:31:56',1316,9,8,9,14),(6507,'2022-09-11 22:32:04',543,9,9,8,14),(6508,'2022-09-11 22:32:12',545,9,9,8,14),(6509,'2022-09-11 22:32:21',544,9,9,8,14),(6510,'2022-09-11 22:32:41',1230,9,9,8,14),(6511,'2022-09-11 22:32:52',545,9,8,9,14),(6512,'2022-09-11 22:33:31',354,9,9,8,14),(6513,'2022-09-11 22:33:32',1035,9,8,9,14),(6514,'2022-09-11 22:33:40',353,9,9,8,14),(6515,'2022-09-11 22:34:45',460,9,9,8,14),(6516,'2022-09-11 22:34:51',353,9,8,9,14),(6517,'2022-09-11 22:34:58',1300,9,8,9,14),(6518,'2022-09-11 22:35:13',593,9,8,9,14),(6519,'2022-09-11 22:35:20',587,9,8,9,14),(6520,'2022-09-11 22:37:28',958,9,8,9,14),(6521,'2022-09-11 22:37:31',467,9,9,8,14),(6522,'2022-09-11 22:37:31',946,9,9,8,14),(6523,'2022-09-11 22:38:20',79,9,9,8,14),(6524,'2022-09-11 22:39:06',1085,9,8,9,14),(6525,'2022-09-11 22:39:23',1081,9,9,8,14),(6526,'2022-09-11 22:39:46',1122,9,8,9,14),(6527,'2022-09-11 22:39:57',780,9,9,8,14),(6528,'2022-09-11 22:40:02',776,9,9,8,14),(6529,'2022-09-11 22:43:09',959,9,8,9,14),(6530,'2022-09-11 22:43:32',692,9,9,8,14),(6531,'2022-09-11 22:43:54',334,9,9,8,14),(6532,'2022-09-11 22:44:11',450,9,9,8,14),(6533,'2022-09-11 22:44:18',736,9,9,8,14),(6534,'2022-09-11 22:44:56',780,9,8,9,14),(6535,'2022-09-11 22:45:01',776,9,8,9,14),(6536,'2022-09-11 22:45:08',317,9,9,8,14),(6537,'2022-09-11 22:46:48',994,9,8,9,14),(6538,'2022-09-11 22:46:54',1038,9,8,9,14),(6539,'2022-09-11 22:47:20',472,9,9,8,14),(6540,'2022-09-11 22:47:28',317,9,8,9,14),(6541,'2022-09-11 22:47:43',1038,9,9,8,14),(6542,'2022-09-11 22:47:58',334,9,8,9,14),(6543,'2022-09-11 22:48:06',333,9,8,9,14),(6544,'2022-09-11 22:48:16',120,9,8,9,14),(6545,'2022-09-11 22:48:22',102,9,8,9,14),(6546,'2022-09-11 22:49:36',450,9,8,9,14),(6547,'2022-09-11 22:49:39',74,9,9,8,14),(6548,'2022-09-11 22:49:44',955,9,8,9,14),(6549,'2022-09-11 22:50:18',441,9,9,8,14),(6550,'2022-09-11 22:51:07',1102,9,8,9,14),(6551,'2022-09-11 22:52:08',585,9,8,9,14),(6552,'2022-09-11 22:52:14',1035,9,9,8,14),(6553,'2022-09-11 22:55:53',601,9,9,8,14),(6554,'2022-09-11 22:57:04',463,9,8,9,14),(6555,'2022-09-11 22:58:00',455,9,8,9,14),(6556,'2022-09-11 22:58:04',764,9,8,9,14),(6557,'2022-09-11 22:59:39',79,9,8,9,14),(6558,'2022-09-11 23:01:29',1222,9,9,8,14),(6559,'2022-09-11 23:01:46',311,9,9,8,14),(6560,'2022-09-11 23:02:39',731,9,8,9,14),(6561,'2022-09-11 23:02:43',717,9,8,9,14),(6562,'2022-09-11 23:02:45',86,9,9,8,14),(6563,'2022-09-11 23:04:09',450,9,9,8,14),(6564,'2022-09-11 23:04:14',229,9,9,8,14),(6565,'2022-09-11 23:04:31',369,9,9,8,14),(6566,'2022-09-11 23:04:33',467,9,8,9,14),(6567,'2022-09-11 23:04:40',1322,9,9,8,14),(6568,'2022-09-11 23:04:46',1316,9,9,8,14),(6569,'2022-09-11 23:05:01',441,9,8,9,14),(6570,'2022-09-11 23:06:10',472,9,8,9,14),(6571,'2022-09-11 23:06:15',1068,9,9,8,14),(6572,'2022-09-11 23:06:16',454,9,8,9,14),(6573,'2022-09-11 23:06:21',1106,9,9,8,14),(6574,'2022-09-11 23:06:29',1035,9,8,9,14),(6575,'2022-09-11 23:06:38',374,9,9,8,14),(6576,'2022-09-11 23:07:30',354,9,8,9,14),(6577,'2022-09-11 23:07:47',382,9,8,9,14),(6578,'2022-09-11 23:08:57',643,9,9,8,14),(6579,'2022-09-11 23:10:19',721,9,9,8,14),(6580,'2022-09-11 23:11:04',579,9,8,9,14),(6581,'2022-09-11 23:12:02',361,9,9,8,14),(6582,'2022-09-11 23:12:39',228,9,8,9,14),(6583,'2022-09-11 23:12:46',909,9,8,9,14),(6584,'2022-09-11 23:15:06',73,9,9,8,14),(6585,'2022-09-11 23:16:09',104,9,9,8,14),(6586,'2022-09-11 23:17:00',78,9,8,9,14),(6587,'2022-09-11 23:17:00',132,9,9,8,14),(6588,'2022-09-11 23:18:23',627,9,9,8,14),(6589,'2022-09-11 23:19:24',649,9,8,9,14),(6590,'2022-09-11 23:20:11',467,9,9,8,14),(6591,'2022-09-11 23:20:16',470,9,9,8,14),(6592,'2022-09-11 23:21:53',132,9,8,9,14),(6593,'2022-09-11 23:23:10',579,9,9,8,14),(6594,'2022-09-11 23:23:16',407,9,9,8,14),(6595,'2022-09-11 23:23:23',405,9,9,8,14),(6596,'2022-09-11 23:23:31',682,9,9,8,14),(6597,'2022-09-11 23:24:57',650,9,9,8,14),(6598,'2022-09-11 23:25:03',653,9,9,8,14),(6599,'2022-09-11 23:25:09',579,9,8,9,14),(6600,'2022-09-11 23:25:36',696,9,9,8,14),(6601,'2022-09-11 23:26:09',1085,9,9,8,14),(6602,'2022-09-11 23:26:19',694,9,9,8,14),(6603,'2022-09-11 23:27:43',550,9,8,9,14),(6604,'2022-09-11 23:32:34',1220,9,8,9,14),(6605,'2022-09-11 23:34:34',633,9,9,8,14),(6606,'2022-09-11 23:34:50',545,9,9,8,14),(6607,'2022-09-11 23:35:03',542,9,9,8,14),(6608,'2022-09-11 23:35:13',330,9,9,8,14),(6609,'2022-09-11 23:35:43',332,9,9,8,14),(6610,'2022-09-11 23:36:11',140,9,8,9,14),(6611,'2022-09-11 23:36:18',88,9,9,8,14),(6612,'2022-09-11 23:36:23',145,9,9,8,14),(6613,'2022-09-11 23:36:29',1109,9,9,8,14),(6614,'2022-09-11 23:38:17',1069,9,9,8,14),(6615,'2022-09-11 23:38:18',627,9,8,9,14),(6616,'2022-09-11 23:38:22',1036,9,9,8,14),(6617,'2022-09-11 23:38:26',694,9,8,9,14),(6618,'2022-09-11 23:38:57',604,9,9,8,14),(6619,'2022-09-11 23:39:04',608,9,9,8,14),(6620,'2022-09-11 23:41:37',1057,9,9,8,14),(6621,'2022-09-11 23:42:30',546,9,8,9,14),(6622,'2022-09-11 23:45:57',1058,9,8,9,14),(6623,'2022-09-11 23:46:06',1042,9,8,9,14),(6624,'2022-09-11 23:49:30',151,9,9,8,14),(6625,'2022-09-11 23:49:31',308,9,9,8,14),(6626,'2022-09-11 23:49:37',87,9,9,8,14),(6627,'2022-09-11 23:49:55',1111,9,9,8,14),(6628,'2022-09-11 23:51:13',401,9,9,8,14),(6629,'2022-09-11 23:51:24',400,9,9,8,14),(6630,'2022-09-11 23:51:35',402,9,9,8,14),(6631,'2022-09-11 23:51:36',402,9,9,8,14),(6632,'2022-09-11 23:51:43',90,9,9,8,14),(6633,'2022-09-11 23:52:38',739,9,9,8,14),(6634,'2022-09-11 23:53:20',297,9,9,8,14),(6635,'2022-09-11 23:53:28',298,9,9,8,14),(6636,'2022-09-11 23:55:08',455,9,9,8,14),(6637,'2022-09-11 23:58:05',1059,9,9,8,14),(6638,'2022-09-11 23:58:27',386,9,9,8,14),(6639,'2022-09-11 23:59:28',345,9,9,8,14),(6640,'2022-09-11 23:59:40',347,9,9,8,14),(6641,'2022-09-11 23:59:51',142,9,9,8,14),(6642,'2022-09-12 00:00:12',671,9,9,8,14),(6643,'2022-09-12 00:00:28',459,9,9,8,14),(6644,'2022-09-12 00:01:53',71,9,9,8,14),(6645,'2022-09-12 00:02:47',623,9,9,8,14),(6646,'2022-09-12 00:04:15',165,9,9,8,14),(6647,'2022-09-12 00:04:38',629,9,9,8,14),(6648,'2022-09-12 00:04:47',77,9,9,8,14),(6649,'2022-09-12 00:05:22',671,9,8,9,14),(6650,'2022-09-12 00:05:35',459,9,8,9,14),(6651,'2022-09-12 00:05:43',317,9,9,8,14),(6652,'2022-09-12 00:05:53',319,9,9,8,14),(6653,'2022-09-12 00:06:02',730,9,9,8,14),(6654,'2022-09-12 00:06:12',1232,9,9,8,14),(6655,'2022-09-12 00:06:42',1486,9,8,9,14),(6656,'2022-09-12 00:07:06',77,9,8,9,14),(6657,'2022-09-12 00:07:38',1496,9,8,9,14),(6658,'2022-09-12 00:07:46',1035,9,9,8,14),(6659,'2022-09-12 00:08:45',90,9,8,9,14),(6660,'2022-09-12 00:10:46',1110,9,9,8,14),(6661,'2022-09-12 00:11:42',1317,9,8,9,14),(6662,'2022-09-12 00:11:46',1317,9,9,8,14),(6663,'2022-09-12 00:14:52',935,9,9,8,14),(6664,'2022-09-12 00:15:56',717,9,9,8,14),(6665,'2022-09-12 00:18:17',116,9,9,8,14),(6666,'2022-09-12 00:18:26',121,9,9,8,14),(6667,'2022-09-12 00:18:51',444,9,9,8,14),(6668,'2022-09-12 00:19:01',447,9,9,8,14),(6669,'2022-09-12 00:19:18',854,9,9,8,14),(6670,'2022-09-12 00:19:26',424,9,9,8,14),(6671,'2022-09-12 00:19:35',425,9,9,8,14),(6672,'2022-09-12 00:19:43',426,9,9,8,14),(6673,'2022-09-12 00:19:49',151,9,8,9,14),(6674,'2022-09-12 00:19:56',428,9,9,8,14),(6675,'2022-09-12 00:20:28',105,9,9,8,14),(6676,'2022-09-12 00:21:06',139,9,9,8,14),(6677,'2022-09-12 00:21:17',155,9,9,8,14),(6678,'2022-09-12 00:21:24',72,9,9,8,14),(6679,'2022-09-12 00:21:31',106,9,8,9,14),(6680,'2022-09-12 00:21:39',363,9,9,8,14),(6681,'2022-09-12 00:21:59',697,9,9,8,14),(6682,'2022-09-12 00:22:22',125,9,9,8,14),(6683,'2022-09-12 00:22:51',109,9,9,8,14),(6684,'2022-09-12 00:22:57',135,9,9,8,14),(6685,'2022-09-12 00:24:36',727,9,9,8,14),(6686,'2022-09-12 00:24:43',723,9,9,8,14),(6687,'2022-09-12 00:24:49',1039,9,9,8,14),(6688,'2022-09-12 00:24:55',924,9,9,8,14),(6689,'2022-09-12 00:25:34',246,9,9,8,14),(6690,'2022-09-12 00:25:43',360,9,9,8,14),(6691,'2022-09-12 00:26:50',638,9,9,8,14),(6692,'2022-09-12 00:26:56',637,9,9,8,14),(6693,'2022-09-12 00:27:01',652,9,9,8,14),(6694,'2022-09-12 00:27:07',694,9,9,8,14),(6695,'2022-09-12 00:27:14',717,9,8,9,14),(6696,'2022-09-12 00:28:16',77,9,9,8,14),(6697,'2022-09-12 00:28:23',91,9,9,8,14),(6698,'2022-09-12 00:28:29',362,9,9,8,14),(6699,'2022-09-12 00:28:51',470,9,8,9,14),(6700,'2022-09-12 00:28:58',467,9,8,9,14),(6701,'2022-09-12 00:29:28',694,9,8,9,14),(6702,'2022-09-12 00:29:39',116,9,8,9,14),(6703,'2022-09-12 00:29:46',110,9,9,8,14),(6704,'2022-09-12 00:29:50',110,9,8,9,14),(6705,'2022-09-12 00:29:51',1294,9,9,8,14),(6706,'2022-09-12 00:30:01',1295,9,9,8,14),(6707,'2022-09-12 00:30:19',1301,9,9,8,14),(6708,'2022-09-12 00:30:21',774,9,9,8,14),(6709,'2022-09-12 00:30:28',1298,9,9,8,14),(6710,'2022-09-12 00:30:47',524,9,9,8,14),(6711,'2022-09-12 00:31:00',346,9,9,8,14),(6712,'2022-09-12 00:31:02',346,9,9,8,14),(6713,'2022-09-12 00:31:04',568,9,9,8,14),(6714,'2022-09-12 00:31:16',352,9,9,8,14),(6715,'2022-09-12 00:31:17',1453,9,9,8,14),(6716,'2022-09-12 00:31:23',555,9,9,8,14),(6717,'2022-09-12 00:31:28',70,9,8,9,14),(6718,'2022-09-12 00:31:29',1034,9,9,8,14),(6719,'2022-09-12 00:31:34',1065,9,8,9,14),(6720,'2022-09-12 00:31:47',366,9,9,8,14),(6721,'2022-09-12 00:31:48',395,9,9,8,14),(6722,'2022-09-12 00:31:53',364,9,9,8,14),(6723,'2022-09-12 00:32:03',340,9,9,8,14),(6724,'2022-09-12 00:32:22',79,9,9,8,14),(6725,'2022-09-12 00:32:30',628,9,8,9,14),(6726,'2022-09-12 00:32:40',728,9,9,8,14),(6727,'2022-09-12 00:32:57',663,9,8,9,14),(6728,'2022-09-12 00:33:02',660,9,9,8,14),(6729,'2022-09-12 00:33:07',672,9,9,8,14),(6730,'2022-09-12 00:33:09',296,9,9,8,14),(6731,'2022-09-12 00:33:20',299,9,9,8,14),(6732,'2022-09-12 00:34:18',75,9,9,8,14),(6733,'2022-09-12 00:36:49',1124,9,9,8,14),(6734,'2022-09-12 00:36:57',159,9,9,8,14),(6735,'2022-09-12 00:37:54',652,9,8,9,14),(6736,'2022-09-12 00:38:01',638,9,8,9,14),(6737,'2022-09-12 00:38:27',638,9,9,8,14),(6738,'2022-09-12 00:38:52',729,9,9,8,14),(6739,'2022-09-12 00:38:57',526,9,9,8,14),(6740,'2022-09-12 00:38:58',108,9,9,8,14),(6741,'2022-09-12 00:39:08',527,9,9,8,14),(6742,'2022-09-12 00:39:10',150,9,9,8,14),(6743,'2022-09-12 00:39:52',1220,9,9,8,14),(6744,'2022-09-12 00:40:37',112,9,9,8,14),(6745,'2022-09-12 00:40:46',1083,9,8,9,14),(6746,'2022-09-12 00:41:10',623,9,8,9,14),(6747,'2022-09-12 00:41:22',710,9,9,8,14),(6748,'2022-09-12 00:41:30',99,9,9,8,14),(6749,'2022-09-12 00:41:35',531,9,9,8,14),(6750,'2022-09-12 00:41:36',1056,9,9,8,14),(6751,'2022-09-12 00:41:50',555,9,8,9,14),(6752,'2022-09-12 00:42:01',1453,9,8,9,14),(6753,'2022-09-12 00:42:19',660,9,8,9,14),(6754,'2022-09-12 00:42:19',640,9,9,8,14),(6755,'2022-09-12 00:42:24',663,9,9,8,14),(6756,'2022-09-12 00:42:34',663,9,8,9,14),(6757,'2022-09-12 00:43:03',337,9,9,8,14),(6758,'2022-09-12 00:43:10',111,9,9,8,14),(6759,'2022-09-12 00:43:16',338,9,9,8,14),(6760,'2022-09-12 00:43:22',168,9,9,8,14),(6761,'2022-09-12 00:43:33',302,9,9,8,14),(6762,'2022-09-12 00:43:40',514,9,9,8,14),(6763,'2022-09-12 00:43:42',1463,9,9,8,14),(6764,'2022-09-12 00:43:48',515,9,9,8,14),(6765,'2022-09-12 00:43:56',707,9,9,8,14),(6766,'2022-09-12 00:44:25',481,9,9,8,14),(6767,'2022-09-12 00:45:08',996,9,8,9,14),(6768,'2022-09-12 00:45:13',996,9,9,8,14),(6769,'2022-09-12 00:45:40',1122,9,9,8,14),(6770,'2022-09-12 00:45:44',532,9,9,8,14),(6771,'2022-09-12 00:46:00',533,9,9,8,14),(6772,'2022-09-12 00:46:05',1329,9,8,9,14),(6773,'2022-09-12 00:46:15',132,9,9,8,14),(6774,'2022-09-12 00:47:05',76,9,9,8,14),(6775,'2022-09-12 00:47:12',138,9,9,8,14),(6776,'2022-09-12 00:47:17',303,9,9,8,14),(6777,'2022-09-12 00:47:25',389,9,9,8,14),(6778,'2022-09-12 00:47:26',1062,9,9,8,14),(6779,'2022-09-12 00:47:53',529,9,9,8,14),(6780,'2022-09-12 00:48:01',1480,9,9,8,14),(6781,'2022-09-12 00:48:07',528,9,9,8,14),(6782,'2022-09-12 00:48:54',1079,9,8,9,14),(6783,'2022-09-12 00:49:00',335,9,9,8,14),(6784,'2022-09-12 00:49:08',1064,9,9,8,14),(6785,'2022-09-12 00:49:22',334,9,9,8,14),(6786,'2022-09-12 00:51:08',1102,9,9,8,14),(6787,'2022-09-12 00:52:17',75,9,8,9,14),(6788,'2022-09-12 00:53:04',937,9,9,8,14),(6789,'2022-09-12 00:53:11',936,9,9,8,14),(6790,'2022-09-12 00:53:26',300,9,9,8,14),(6791,'2022-09-12 00:55:10',1041,9,9,8,14),(6792,'2022-09-12 00:55:43',603,9,9,8,14),(6793,'2022-09-12 00:55:58',606,9,9,8,14),(6794,'2022-09-12 00:56:07',680,9,9,8,14),(6795,'2022-09-12 00:56:15',427,9,9,8,14),(6796,'2022-09-12 01:02:20',414,9,9,8,14),(6797,'2022-09-12 01:02:26',417,9,9,8,14),(6798,'2022-09-12 01:03:23',480,9,9,8,14),(6799,'2022-09-12 01:03:48',546,9,9,8,14),(6800,'2022-09-12 01:03:54',550,9,9,8,14),(6801,'2022-09-12 01:04:10',1465,9,9,8,14),(6802,'2022-09-12 01:04:19',516,9,9,8,14),(6803,'2022-09-12 01:04:40',383,9,9,8,14),(6804,'2022-09-12 01:04:42',738,9,8,9,14),(6805,'2022-09-12 01:04:49',468,9,9,8,14),(6806,'2022-09-12 01:05:08',473,9,9,8,14),(6807,'2022-09-12 01:05:21',627,9,9,8,14),(6808,'2022-09-12 01:06:34',432,9,9,8,14),(6809,'2022-09-12 01:07:23',322,9,9,8,14),(6810,'2022-09-12 01:09:42',415,9,9,8,14),(6811,'2022-09-12 01:10:11',759,9,9,8,14),(6812,'2022-09-12 01:10:34',755,9,9,8,14),(6813,'2022-09-12 01:10:42',336,9,9,8,14),(6814,'2022-09-12 01:10:55',663,9,9,8,14),(6815,'2022-09-12 01:10:58',479,9,9,8,14),(6816,'2022-09-12 01:11:01',660,9,9,8,14),(6817,'2022-09-12 01:11:06',477,9,9,8,14),(6818,'2022-09-12 01:11:51',662,9,8,9,14),(6819,'2022-09-12 01:12:02',140,9,9,8,14),(6820,'2022-09-12 01:12:24',1104,9,9,8,14),(6821,'2022-09-12 01:12:34',1031,9,9,8,14),(6822,'2022-09-12 01:12:55',751,9,9,8,14),(6823,'2022-09-12 01:12:59',751,9,9,8,14),(6824,'2022-09-12 01:13:07',725,9,9,8,14),(6825,'2022-09-12 01:17:08',594,9,9,8,14),(6826,'2022-09-12 01:17:31',611,9,9,8,14),(6827,'2022-09-12 01:17:36',602,9,9,8,14),(6828,'2022-09-12 01:17:45',754,9,9,8,14),(6829,'2022-09-12 01:17:50',781,9,8,9,14),(6830,'2022-09-12 01:17:56',929,9,8,9,14),(6831,'2022-09-12 01:17:58',467,9,9,8,14),(6832,'2022-09-12 01:18:20',470,9,9,8,14),(6833,'2022-09-12 01:19:23',701,9,9,8,14),(6834,'2022-09-12 01:19:28',693,9,9,8,14),(6835,'2022-09-12 01:19:37',691,9,9,8,14),(6836,'2022-09-12 01:19:47',1321,9,9,8,14),(6837,'2022-09-12 01:22:11',708,9,8,9,14),(6838,'2022-09-12 01:22:33',660,9,8,9,14),(6839,'2022-09-12 01:22:40',663,9,8,9,14),(6840,'2022-09-12 01:23:06',439,9,9,8,14),(6841,'2022-09-12 01:23:12',441,9,9,8,14),(6842,'2022-09-12 01:23:13',441,9,9,8,14),(6843,'2022-09-12 01:23:32',569,9,9,8,14),(6844,'2022-09-12 01:24:17',89,9,9,8,14),(6845,'2022-09-12 01:24:23',1095,9,9,8,14),(6846,'2022-09-12 01:24:35',1098,9,9,8,14),(6847,'2022-09-12 01:24:36',398,9,9,8,14),(6848,'2022-09-12 01:24:44',399,9,9,8,14),(6849,'2022-09-12 01:27:14',497,9,9,8,14),(6850,'2022-09-12 01:27:42',457,9,9,8,14),(6851,'2022-09-12 01:27:49',78,9,9,8,14),(6852,'2022-09-12 01:27:57',1328,9,9,8,14),(6853,'2022-09-12 01:28:04',396,9,9,8,14),(6854,'2022-09-12 01:28:32',504,9,9,8,14),(6855,'2022-09-12 01:28:41',503,9,9,8,14),(6856,'2022-09-12 01:28:53',225,9,9,8,14),(6857,'2022-09-12 01:29:07',167,9,9,8,14),(6858,'2022-09-12 01:29:13',994,9,9,8,14),(6859,'2022-09-12 01:29:18',1038,9,8,9,14),(6860,'2022-09-12 01:29:39',766,9,9,8,14),(6861,'2022-09-12 01:29:49',239,9,9,8,14),(6862,'2022-09-12 01:30:10',231,9,9,8,14),(6863,'2022-09-12 01:30:18',959,9,9,8,14),(6864,'2022-09-12 01:30:29',959,9,8,9,14),(6865,'2022-09-12 01:30:33',471,9,9,8,14),(6866,'2022-09-12 01:30:41',684,9,9,8,14),(6867,'2022-09-12 01:30:42',684,9,9,8,14),(6868,'2022-09-12 01:30:48',137,9,9,8,14),(6869,'2022-09-12 01:30:50',333,9,9,8,14),(6870,'2022-09-12 01:30:50',333,9,9,8,14),(6871,'2022-09-12 01:31:21',315,9,9,8,14),(6872,'2022-09-12 01:31:22',315,9,9,8,14),(6873,'2022-09-12 01:31:36',1028,9,9,8,14),(6874,'2022-09-12 01:31:49',1100,9,9,8,14),(6875,'2022-09-12 01:31:50',1100,9,9,8,14),(6876,'2022-09-12 01:32:14',1226,9,9,8,14),(6877,'2022-09-12 01:32:36',687,9,9,8,14),(6878,'2022-09-12 01:32:37',687,9,9,8,14),(6879,'2022-09-12 01:32:44',679,9,9,8,14),(6880,'2022-09-12 01:32:49',646,9,8,9,14),(6881,'2022-09-12 01:32:55',641,9,8,9,14),(6882,'2022-09-12 01:32:56',1105,9,9,8,14),(6883,'2022-09-12 01:33:51',1225,9,9,8,14),(6884,'2022-09-12 01:33:51',1225,9,9,8,14),(6885,'2022-09-12 01:34:01',470,9,8,9,14),(6886,'2022-09-12 01:34:23',1117,9,9,8,14),(6887,'2022-09-12 01:34:25',1117,9,9,8,14),(6888,'2022-09-12 01:34:28',1117,9,9,8,14),(6889,'2022-09-12 01:34:32',1117,9,9,8,14),(6890,'2022-09-12 01:34:32',1117,9,9,8,14),(6891,'2022-09-12 01:34:35',1117,9,9,8,14),(6892,'2022-09-12 01:34:35',1117,9,9,8,14),(6893,'2022-09-12 01:34:40',1117,9,9,8,14),(6894,'2022-09-12 01:34:51',92,9,9,8,14),(6895,'2022-09-12 01:34:57',671,9,9,8,14),(6896,'2022-09-12 01:35:18',107,9,9,8,14),(6897,'2022-09-12 01:35:20',522,10,9,8,6),(6898,'2022-09-12 01:35:26',690,9,9,8,14),(6899,'2022-09-12 01:35:32',500,10,9,8,6),(6900,'2022-09-12 01:35:38',702,10,9,8,6),(6901,'2022-09-12 01:35:39',461,9,9,8,14),(6902,'2022-09-12 01:35:51',384,10,9,8,6),(6903,'2022-09-12 01:36:35',1112,9,9,8,14),(6904,'2022-09-12 01:37:49',1119,9,9,8,14),(6905,'2022-09-12 01:38:06',354,9,9,8,14),(6906,'2022-09-12 01:38:08',354,9,9,8,14),(6907,'2022-09-12 01:38:15',353,9,9,8,14),(6908,'2022-09-12 01:38:29',454,10,9,8,6),(6909,'2022-09-12 01:38:30',354,9,8,9,14),(6910,'2022-09-12 01:38:39',353,9,8,9,14),(6911,'2022-09-12 01:38:43',487,10,9,8,6),(6912,'2022-09-12 01:38:53',486,10,9,8,6),(6913,'2022-09-12 01:39:05',694,9,9,8,14),(6914,'2022-09-12 01:40:54',1468,9,9,8,14),(6915,'2022-09-12 01:41:03',331,9,9,8,14),(6916,'2022-09-12 01:41:09',328,9,9,8,14),(6917,'2022-09-12 01:41:13',380,9,9,8,14),(6918,'2022-09-12 01:41:26',382,9,9,8,14),(6919,'2022-09-12 01:41:38',733,9,9,8,14),(6920,'2022-09-12 01:41:44',731,9,9,8,14),(6921,'2022-09-12 01:41:51',613,9,9,8,14),(6922,'2022-09-12 01:41:58',472,9,9,8,14),(6923,'2022-09-12 01:42:02',179,9,9,8,14),(6924,'2022-09-12 01:42:13',102,9,9,8,14),(6925,'2022-09-12 01:42:21',647,9,8,9,14),(6926,'2022-09-12 01:42:38',120,9,9,8,14),(6927,'2022-09-12 01:42:46',591,9,9,8,14),(6928,'2022-09-12 01:42:51',591,9,9,8,14),(6929,'2022-09-12 01:42:55',459,10,9,8,6),(6930,'2022-09-12 01:43:07',1104,9,8,9,14),(6931,'2022-09-12 01:43:11',464,9,9,8,14),(6932,'2022-09-12 01:43:13',464,9,9,8,14),(6933,'2022-09-12 01:43:13',464,9,9,8,14),(6934,'2022-09-12 01:43:21',81,9,9,8,14),(6935,'2022-09-12 01:43:37',465,10,9,8,6),(6936,'2022-09-12 01:43:41',466,9,9,8,14),(6937,'2022-09-12 01:43:48',470,9,9,8,14),(6938,'2022-09-12 01:43:59',353,10,9,8,6),(6939,'2022-09-12 01:44:01',354,9,9,8,14),(6940,'2022-09-12 01:44:05',716,10,9,8,6),(6941,'2022-09-12 01:45:15',735,9,9,8,14),(6942,'2022-09-12 01:45:24',750,9,8,9,14),(6943,'2022-09-12 01:45:44',512,9,9,8,14),(6944,'2022-09-12 01:46:27',438,9,9,8,14),(6945,'2022-09-12 01:46:59',642,9,9,8,14),(6946,'2022-09-12 01:47:05',491,10,9,8,6),(6947,'2022-09-12 01:47:13',618,9,9,8,14),(6948,'2022-09-12 01:47:24',490,10,9,8,6),(6949,'2022-09-12 01:47:38',625,9,9,8,14),(6950,'2022-09-12 01:49:19',1494,9,8,9,14),(6951,'2022-09-12 01:52:17',1336,9,9,8,14),(6952,'2022-09-12 01:52:23',1302,9,9,8,14),(6953,'2022-09-12 01:52:44',674,9,9,8,14),(6954,'2022-09-12 01:53:15',670,9,8,9,14),(6955,'2022-09-12 01:57:53',75,9,9,8,14),(6956,'2022-09-12 01:58:01',1362,9,8,9,14),(6957,'2022-09-12 01:58:43',586,9,8,9,14),(6958,'2022-09-12 01:58:48',580,9,8,9,14),(6959,'2022-09-12 01:59:26',1300,10,9,8,6),(6960,'2022-09-12 01:59:36',420,10,9,8,6),(6961,'2022-09-12 01:59:55',126,9,9,8,14),(6962,'2022-09-12 02:03:09',273,9,9,8,14),(6963,'2022-09-12 02:03:18',271,9,9,8,14),(6964,'2022-09-12 02:03:24',275,9,9,8,14),(6965,'2022-09-12 02:03:33',274,9,8,9,14),(6966,'2022-09-12 02:05:13',448,10,9,8,15),(6967,'2022-09-12 02:05:24',452,10,9,8,15),(6968,'2022-09-12 02:05:58',589,10,9,8,15),(6969,'2022-09-12 02:06:28',248,10,9,8,15),(6970,'2022-09-12 02:06:40',1058,9,9,8,14),(6971,'2022-09-12 02:06:45',247,10,9,8,15),(6972,'2022-09-12 02:06:48',118,9,9,8,14),(6973,'2022-09-12 02:07:17',453,9,9,8,14),(6974,'2022-09-12 02:07:18',256,10,9,8,15),(6975,'2022-09-12 02:07:32',250,10,9,8,15),(6976,'2022-09-12 02:08:19',1304,9,9,8,14),(6977,'2022-09-12 02:08:28',648,9,9,8,14),(6978,'2022-09-12 02:08:34',655,9,8,9,14),(6979,'2022-09-12 02:08:46',656,9,9,8,14),(6980,'2022-09-12 02:08:57',577,9,9,8,14),(6981,'2022-09-12 02:11:18',1042,10,9,8,6),(6982,'2022-09-12 02:11:30',127,10,9,8,6),(6983,'2022-09-12 02:12:02',1450,9,8,9,14),(6984,'2022-09-12 02:12:13',253,9,9,8,14),(6985,'2022-09-12 02:12:18',324,10,9,8,15),(6986,'2022-09-12 02:14:11',664,9,9,8,14),(6987,'2022-09-12 02:14:17',831,9,9,8,14),(6988,'2022-09-12 02:14:48',434,9,9,8,14),(6989,'2022-09-12 02:14:53',435,9,9,8,14),(6990,'2022-09-12 02:15:38',431,9,9,8,14),(6991,'2022-09-12 02:15:44',689,9,9,8,14),(6992,'2022-09-12 02:16:09',421,9,9,8,14),(6993,'2022-09-12 02:16:22',1079,9,9,8,14),(6994,'2022-09-12 02:19:09',1078,9,8,9,14),(6995,'2022-09-12 02:20:02',695,9,9,8,14),(6996,'2022-09-12 02:21:12',1489,10,8,9,15),(6997,'2022-09-12 02:21:53',281,10,9,8,15),(6998,'2022-09-12 02:23:43',626,9,9,8,14),(6999,'2022-09-12 02:23:51',644,9,9,8,14),(7000,'2022-09-12 02:27:35',114,9,9,8,14),(7001,'2022-09-12 02:28:19',682,9,8,9,14),(7002,'2022-09-12 02:28:27',726,10,8,9,15),(7003,'2022-09-12 02:31:23',718,9,9,8,14),(7004,'2022-09-12 02:31:32',705,9,9,8,14),(7005,'2022-09-12 02:34:49',151,10,9,8,15),(7006,'2022-09-12 02:37:09',777,10,9,8,15),(7007,'2022-09-12 02:37:10',777,10,9,8,15),(7008,'2022-09-12 02:38:00',651,9,9,8,14),(7009,'2022-09-12 02:45:40',411,10,9,8,15),(7010,'2022-09-12 02:48:56',1489,10,9,8,6),(7011,'2022-09-12 02:56:40',761,9,9,8,14),(7012,'2022-09-12 02:59:23',554,10,9,8,15),(7013,'2022-09-12 02:59:32',1025,9,9,8,14),(7014,'2022-09-12 02:59:37',154,9,9,8,14),(7015,'2022-09-12 03:00:21',1326,9,8,9,14),(7016,'2022-09-12 03:01:55',163,10,9,8,15),(7017,'2022-09-12 03:02:25',1073,9,9,8,14),(7018,'2022-09-12 03:03:11',652,9,9,8,14),(7019,'2022-09-12 03:03:23',136,10,9,8,15),(7020,'2022-09-12 03:03:23',136,10,9,8,15),(7021,'2022-09-12 03:03:40',638,9,8,9,14),(7022,'2022-09-12 03:03:51',676,9,9,8,14),(7023,'2022-09-12 03:03:56',667,9,9,8,14),(7024,'2022-09-12 03:04:17',665,9,9,8,14),(7025,'2022-09-12 03:04:56',677,9,9,8,14),(7026,'2022-09-12 03:05:02',666,9,9,8,14),(7027,'2022-09-12 03:05:11',681,9,9,8,14),(7028,'2022-09-12 03:05:18',688,9,9,8,14),(7029,'2022-09-12 03:05:29',580,9,9,8,14),(7030,'2022-09-12 03:06:30',724,9,9,8,14),(7031,'2022-09-12 03:06:36',744,9,8,9,14),(7032,'2022-09-12 03:11:14',764,9,9,8,14),(7033,'2022-09-12 03:11:52',704,9,9,8,14),(7034,'2022-09-12 03:12:03',698,9,9,8,14),(7035,'2022-09-12 03:12:23',582,9,9,8,14),(7036,'2022-09-12 03:12:29',595,9,9,8,14),(7037,'2022-09-12 03:12:40',571,9,9,8,14),(7038,'2022-09-12 03:14:33',753,9,9,8,14),(7039,'2022-09-12 03:14:39',783,9,9,8,14),(7040,'2022-09-12 03:15:24',711,10,9,8,15),(7041,'2022-09-12 03:15:36',566,10,9,8,15),(7042,'2022-09-12 03:16:26',1045,9,9,8,14),(7043,'2022-09-12 03:16:34',669,9,9,8,14),(7044,'2022-09-12 03:17:03',663,9,9,8,14),(7045,'2022-09-12 03:17:27',660,9,9,8,14),(7046,'2022-09-12 03:17:58',1027,10,9,8,15),(7047,'2022-09-12 03:19:11',623,10,9,8,15),(7048,'2022-09-12 03:19:41',655,9,9,8,14),(7049,'2022-09-12 03:19:42',655,9,9,8,14),(7050,'2022-09-12 03:21:40',1075,9,8,9,14),(7051,'2022-09-12 03:21:49',722,9,8,9,14),(7052,'2022-09-12 03:21:56',749,9,9,8,14),(7053,'2022-09-12 03:23:31',834,9,8,9,14),(7054,'2022-09-12 03:23:36',837,9,9,8,14),(7055,'2022-09-12 03:44:57',128,9,9,8,14),(7056,'2022-09-12 03:45:49',282,10,9,8,15),(7057,'2022-09-12 03:59:23',1104,9,9,8,14),(7058,'2022-09-12 04:02:44',562,9,9,8,14),(7059,'2022-09-12 04:06:26',770,10,9,8,15),(7060,'2022-09-12 04:06:55',776,9,9,8,14),(7061,'2022-09-12 04:07:12',763,9,9,8,14),(7062,'2022-09-12 04:11:16',632,9,9,8,14),(7063,'2022-09-12 04:27:22',717,10,9,8,15),(7064,'2022-09-12 04:38:19',1340,9,9,8,14),(7065,'2022-09-12 04:39:45',593,10,9,8,15),(7066,'2022-09-12 04:40:13',587,10,9,8,15),(7067,'2022-09-12 04:40:48',621,10,9,8,15),(7068,'2022-09-12 04:47:19',617,9,9,8,14),(7069,'2022-09-12 04:47:54',596,9,9,8,14),(7070,'2022-09-12 04:48:02',614,9,9,8,14),(7071,'2022-09-12 04:59:51',172,9,9,8,14),(7072,'2022-09-12 04:59:59',130,9,9,8,14),(7073,'2022-09-12 05:00:08',1484,9,9,8,14),(7074,'2022-09-12 05:00:23',1029,9,9,8,14),(7075,'2022-09-12 05:12:33',579,10,9,8,15),(7076,'2022-09-12 05:14:36',176,9,9,8,14),(7077,'2022-09-12 05:21:17',96,10,9,8,15),(7078,'2022-09-12 05:21:34',482,10,9,8,15),(7079,'2022-09-12 05:22:49',133,10,9,8,15),(7080,'2022-09-12 05:39:14',1067,10,9,8,15),(7081,'2022-09-12 05:46:22',70,9,9,8,14),(7082,'2022-09-12 05:46:29',1065,9,9,8,14),(7083,'2022-09-12 12:04:02',1041,9,8,9,14),(7084,'2022-09-12 12:04:08',1041,9,9,8,14),(7085,'2022-09-12 12:04:36',94,9,9,8,14),(7086,'2022-09-12 12:45:21',546,9,8,9,14),(7087,'2022-09-12 12:45:49',550,9,8,9,14),(7088,'2022-09-12 12:48:56',546,9,9,8,14),(7089,'2022-09-12 12:49:02',550,9,9,8,14),(7090,'2022-09-12 12:54:49',180,9,9,8,14),(7091,'2022-09-12 12:54:54',180,9,8,9,14),(7092,'2022-09-12 13:11:53',845,9,9,8,14),(7093,'2022-09-12 13:11:59',839,9,9,8,14),(7094,'2022-09-12 13:13:00',602,9,8,9,14),(7095,'2022-09-12 13:15:07',602,9,9,8,14),(7096,'2022-09-12 13:38:12',233,9,8,9,14),(7097,'2022-09-12 13:38:25',222,9,8,9,14),(7098,'2022-09-12 13:52:49',277,9,9,8,14),(7099,'2022-09-12 13:52:56',277,9,8,9,14),(7100,'2022-09-12 13:53:01',276,9,9,8,14),(7101,'2022-09-12 13:53:09',276,9,8,9,14),(7102,'2022-09-12 13:53:14',283,9,9,8,14),(7103,'2022-09-12 13:53:18',283,9,8,9,14),(7104,'2022-09-12 13:53:27',279,9,9,8,14),(7105,'2022-09-12 13:53:35',279,9,8,9,14),(7106,'2022-09-12 13:55:59',222,9,9,8,14),(7107,'2022-09-12 13:56:11',233,9,9,8,14),(7108,'2022-09-12 14:16:38',130,9,8,9,14),(7109,'2022-09-12 14:16:50',130,9,9,8,14),(7110,'2022-09-12 14:28:28',768,9,8,9,14),(7111,'2022-09-12 14:28:35',753,9,8,9,14),(7112,'2022-09-12 14:38:54',768,9,9,8,14),(7113,'2022-09-12 14:39:17',753,9,9,8,14),(7114,'2022-09-12 14:47:27',738,9,9,8,14),(7115,'2022-09-12 14:47:41',738,9,8,9,14),(7116,'2022-09-12 15:01:54',328,10,8,9,15),(7117,'2022-09-12 15:01:58',744,9,9,8,14),(7118,'2022-09-12 15:02:14',744,9,8,9,14),(7119,'2022-09-12 15:04:27',172,9,8,9,14),(7120,'2022-09-12 15:11:06',181,9,9,8,14),(7121,'2022-09-12 15:11:11',170,9,9,8,14),(7122,'2022-09-12 15:11:12',170,9,9,8,14),(7123,'2022-09-12 15:11:16',170,9,8,9,14),(7124,'2022-09-12 15:11:21',181,9,8,9,14),(7125,'2022-09-12 15:24:52',574,10,8,9,15),(7126,'2022-09-12 15:55:34',526,10,8,9,15),(7127,'2022-09-12 15:57:48',299,10,8,9,15),(7128,'2022-09-12 15:57:52',296,10,8,9,15),(7129,'2022-09-12 16:08:45',284,10,8,9,15),(7130,'2022-09-12 16:10:15',278,10,9,8,15),(7131,'2022-09-12 16:10:26',278,10,8,9,15),(7132,'2022-09-12 16:17:09',299,10,9,8,15),(7133,'2022-09-12 16:17:13',296,10,9,8,15),(7134,'2022-09-12 16:17:25',642,10,8,9,15),(7135,'2022-09-12 16:20:48',670,9,9,8,14),(7136,'2022-09-12 16:20:54',670,9,8,9,14),(7137,'2022-09-12 16:21:00',674,9,8,9,14),(7138,'2022-09-12 16:21:29',1216,9,8,9,14),(7139,'2022-09-12 16:21:38',1218,9,8,9,14),(7140,'2022-09-12 16:23:24',748,9,8,9,14),(7141,'2022-09-12 16:23:31',748,9,9,8,14),(7142,'2022-09-12 16:26:58',127,9,8,9,14),(7143,'2022-09-12 16:27:03',127,9,9,8,14),(7144,'2022-09-12 16:27:08',733,9,8,9,14),(7145,'2022-09-12 16:31:48',656,9,8,9,14),(7146,'2022-09-12 16:32:50',550,9,8,9,14),(7147,'2022-09-12 16:32:55',546,9,8,9,14),(7148,'2022-09-12 16:34:35',678,9,9,8,14),(7149,'2022-09-12 16:34:39',678,9,8,9,14),(7150,'2022-09-12 16:34:46',675,9,8,9,14),(7151,'2022-09-12 16:38:00',669,9,8,9,14),(7152,'2022-09-12 16:38:08',663,9,8,9,14),(7153,'2022-09-12 16:38:14',660,9,8,9,14),(7154,'2022-09-12 16:43:53',79,9,8,9,14),(7155,'2022-09-12 16:46:40',79,9,9,8,14),(7156,'2022-09-12 16:48:55',555,9,9,8,14),(7157,'2022-09-12 16:49:01',555,9,8,9,14),(7158,'2022-09-12 16:49:09',1453,9,9,8,14),(7159,'2022-09-12 16:49:15',1453,9,8,9,14),(7160,'2022-09-12 16:49:20',559,9,9,8,14),(7161,'2022-09-12 16:49:24',559,9,8,9,14),(7162,'2022-09-12 16:50:03',735,9,8,9,14),(7163,'2022-09-12 16:57:40',574,10,9,8,15),(7164,'2022-09-12 16:57:50',149,9,9,8,14),(7165,'2022-09-12 16:57:54',149,9,8,9,14),(7166,'2022-09-12 16:59:54',656,9,9,8,14),(7167,'2022-09-12 17:00:08',676,9,8,9,14),(7168,'2022-09-12 17:00:14',665,9,8,9,14),(7169,'2022-09-12 17:00:34',677,9,8,9,14),(7170,'2022-09-12 17:02:31',1119,9,8,9,14),(7171,'2022-09-12 17:04:45',97,9,9,8,14),(7172,'2022-09-12 17:04:50',97,9,8,9,14),(7173,'2022-09-12 17:06:11',1119,9,9,8,14),(7174,'2022-09-12 17:08:15',184,9,8,9,14),(7175,'2022-09-12 17:08:22',175,9,9,8,14),(7176,'2022-09-12 17:08:28',175,9,8,9,14),(7177,'2022-09-12 17:08:32',178,9,9,8,14),(7178,'2022-09-12 17:08:40',178,9,8,9,14),(7179,'2022-09-12 17:09:32',566,9,8,9,14),(7180,'2022-09-12 17:11:30',165,10,8,9,15),(7181,'2022-09-12 17:13:02',632,9,8,9,14),(7182,'2022-09-12 17:17:26',617,9,8,9,14),(7183,'2022-09-12 17:25:42',146,9,8,9,14),(7184,'2022-09-12 17:27:01',270,10,9,8,15),(7185,'2022-09-12 17:27:08',270,10,8,9,15),(7186,'2022-09-12 17:27:16',269,10,8,9,15),(7187,'2022-09-12 17:28:37',353,10,8,9,15),(7188,'2022-09-12 17:28:43',354,10,8,9,15),(7189,'2022-09-12 17:30:51',621,10,8,9,15),(7190,'2022-09-12 17:31:01',117,9,8,9,14),(7191,'2022-09-12 17:31:11',750,9,9,8,14),(7192,'2022-09-12 17:31:16',548,9,8,9,14),(7193,'2022-09-12 17:31:35',750,9,8,9,14),(7194,'2022-09-12 17:32:15',780,9,9,8,14),(7195,'2022-09-12 17:32:19',780,9,8,9,14),(7196,'2022-09-12 17:32:24',776,9,8,9,14),(7197,'2022-09-12 17:33:40',637,9,8,9,14),(7198,'2022-09-12 17:35:48',548,9,9,8,14),(7199,'2022-09-12 17:37:46',561,9,9,8,14),(7200,'2022-09-12 17:37:52',561,9,8,9,14),(7201,'2022-09-12 17:37:57',1057,9,8,9,14),(7202,'2022-09-12 17:39:36',629,9,8,9,14),(7203,'2022-09-12 17:39:46',739,9,8,9,14),(7204,'2022-09-12 17:39:55',515,10,8,9,15),(7205,'2022-09-12 17:40:08',514,10,8,9,15),(7206,'2022-09-12 17:40:29',1336,9,8,9,14),(7207,'2022-09-12 17:40:33',1302,9,8,9,14),(7208,'2022-09-12 17:45:13',101,9,9,8,14),(7209,'2022-09-12 17:45:17',101,9,8,9,14),(7210,'2022-09-12 17:45:57',75,9,8,9,14),(7211,'2022-09-12 17:46:00',91,9,8,9,14),(7212,'2022-09-12 17:46:06',72,9,8,9,14),(7213,'2022-09-12 17:46:55',395,9,8,9,14),(7214,'2022-09-12 17:47:11',177,9,8,9,14),(7215,'2022-09-12 17:47:16',180,9,9,8,14),(7216,'2022-09-12 17:47:23',180,9,8,9,14),(7217,'2022-09-12 17:47:53',482,10,8,9,15),(7218,'2022-09-12 17:48:01',770,9,8,9,14),(7219,'2022-09-12 17:48:05',768,9,8,9,14),(7220,'2022-09-12 17:48:08',753,9,8,9,14),(7221,'2022-09-12 17:48:14',727,9,8,9,14),(7222,'2022-09-12 17:49:15',363,9,8,9,14),(7223,'2022-09-12 17:49:21',361,9,8,9,14),(7224,'2022-09-12 17:49:35',167,9,8,9,14),(7225,'2022-09-12 17:50:50',681,9,8,9,14),(7226,'2022-09-12 17:52:05',411,10,8,9,15),(7227,'2022-09-12 17:52:38',603,9,8,9,14),(7228,'2022-09-12 17:52:43',553,9,9,8,14),(7229,'2022-09-12 17:52:48',553,9,8,9,14),(7230,'2022-09-12 17:53:59',663,9,9,8,14),(7231,'2022-09-12 17:54:06',660,9,9,8,14),(7232,'2022-09-12 17:54:10',669,9,9,8,14),(7233,'2022-09-12 17:54:43',116,9,9,8,14),(7234,'2022-09-12 17:54:48',116,9,8,9,14),(7235,'2022-09-12 17:54:53',137,9,8,9,14),(7236,'2022-09-12 17:55:01',110,9,9,8,14),(7237,'2022-09-12 17:55:06',110,9,8,9,14),(7238,'2022-09-12 17:55:31',1471,9,9,8,14),(7239,'2022-09-12 17:55:36',1471,9,8,9,14),(7240,'2022-09-12 17:55:46',171,9,9,8,14),(7241,'2022-09-12 17:56:14',1067,9,8,9,14),(7242,'2022-09-12 17:56:21',171,9,8,9,14),(7243,'2022-09-12 17:56:35',1056,9,8,9,14),(7244,'2022-09-12 17:56:39',1045,9,8,9,14),(7245,'2022-09-12 17:57:55',446,10,8,9,15),(7246,'2022-09-12 18:00:23',641,9,9,8,14),(7247,'2022-09-12 18:00:27',641,9,8,9,14),(7248,'2022-09-12 18:00:35',646,9,9,8,14),(7249,'2022-09-12 18:00:42',646,9,8,9,14),(7250,'2022-09-12 18:00:48',385,10,8,9,15),(7251,'2022-09-12 18:01:41',780,9,9,8,14),(7252,'2022-09-12 18:01:50',776,9,9,8,14),(7253,'2022-09-12 18:02:26',374,10,8,9,15),(7254,'2022-09-12 18:02:31',833,9,8,9,14),(7255,'2022-09-12 18:02:38',1448,9,8,9,14),(7256,'2022-09-12 18:02:41',748,9,8,9,14),(7257,'2022-09-12 18:02:45',445,10,8,9,15),(7258,'2022-09-12 18:02:49',92,9,8,9,14),(7259,'2022-09-12 18:03:28',128,9,8,9,14),(7260,'2022-09-12 18:04:50',1093,9,8,9,14),(7261,'2022-09-12 18:05:22',1218,9,9,8,14),(7262,'2022-09-12 18:05:28',1216,9,9,8,14),(7263,'2022-09-12 18:05:56',127,10,8,9,15),(7264,'2022-09-12 18:06:06',96,10,8,9,15),(7265,'2022-09-12 18:07:08',324,10,8,9,15),(7266,'2022-09-12 18:07:53',404,10,8,9,15),(7267,'2022-09-12 18:07:58',406,10,8,9,15),(7268,'2022-09-12 18:09:22',399,10,8,9,15),(7269,'2022-09-12 18:09:26',398,10,8,9,15),(7270,'2022-09-12 18:09:31',426,10,8,9,15),(7271,'2022-09-12 18:09:34',396,9,8,9,14),(7272,'2022-09-12 18:10:02',1326,9,9,8,14),(7273,'2022-09-12 18:10:32',548,9,8,9,14),(7274,'2022-09-12 18:10:53',402,10,8,9,15),(7275,'2022-09-12 18:10:58',400,10,8,9,15),(7276,'2022-09-12 18:11:05',340,10,8,9,15),(7277,'2022-09-12 18:11:15',341,10,8,9,15),(7278,'2022-09-12 18:11:19',342,10,8,9,15),(7279,'2022-09-12 18:11:23',343,10,8,9,15),(7280,'2022-09-12 18:11:59',504,9,8,9,14),(7281,'2022-09-12 18:12:08',506,9,9,8,14),(7282,'2022-09-12 18:12:14',88,9,8,9,14),(7283,'2022-09-12 18:12:15',311,10,8,9,15),(7284,'2022-09-12 18:12:20',308,10,8,9,15),(7285,'2022-09-12 18:12:35',527,10,8,9,15),(7286,'2022-09-12 18:12:45',1033,9,9,8,14),(7287,'2022-09-12 18:12:50',1033,9,8,9,14),(7288,'2022-09-12 18:12:54',772,9,9,8,14),(7289,'2022-09-12 18:12:58',640,10,8,9,15),(7290,'2022-09-12 18:13:09',772,9,8,9,14),(7291,'2022-09-12 18:13:30',1097,10,8,9,15),(7292,'2022-09-12 18:13:49',923,10,8,9,15),(7293,'2022-09-12 18:14:07',626,9,8,9,14),(7294,'2022-09-12 18:14:13',644,9,8,9,14),(7295,'2022-09-12 18:14:19',1293,9,8,9,14),(7296,'2022-09-12 18:14:26',704,9,8,9,14),(7297,'2022-09-12 18:14:33',731,9,8,9,14),(7298,'2022-09-12 18:15:06',716,9,8,9,14),(7299,'2022-09-12 18:15:24',1107,9,9,8,14),(7300,'2022-09-12 18:16:06',179,9,8,9,14),(7301,'2022-09-12 18:17:03',352,10,8,9,15),(7302,'2022-09-12 18:17:33',549,9,8,9,14),(7303,'2022-09-12 18:17:36',568,9,8,9,14),(7304,'2022-09-12 18:17:41',562,9,8,9,14),(7305,'2022-09-12 18:17:42',76,10,8,9,15),(7306,'2022-09-12 18:17:52',389,10,8,9,15),(7307,'2022-09-12 18:18:00',388,10,8,9,15),(7308,'2022-09-12 18:18:04',391,10,8,9,15),(7309,'2022-09-12 18:18:14',749,9,8,9,14),(7310,'2022-09-12 18:18:18',749,9,9,8,14),(7311,'2022-09-12 18:18:23',722,9,9,8,14),(7312,'2022-09-12 18:20:23',357,10,8,9,15),(7313,'2022-09-12 18:20:28',358,10,8,9,15),(7314,'2022-09-12 18:20:35',356,10,8,9,15),(7315,'2022-09-12 18:20:50',1079,9,8,9,14),(7316,'2022-09-12 18:21:12',1468,9,8,9,14),(7317,'2022-09-12 18:21:26',506,9,8,9,14),(7318,'2022-09-12 18:21:52',518,9,9,8,14),(7319,'2022-09-12 18:21:57',518,9,8,9,14),(7320,'2022-09-12 18:22:49',142,9,8,9,14),(7321,'2022-09-12 18:23:13',660,9,8,9,14),(7322,'2022-09-12 18:23:23',663,9,8,9,14),(7323,'2022-09-12 18:23:28',669,9,8,9,14),(7324,'2022-09-12 18:23:44',693,9,8,9,14),(7325,'2022-09-12 18:23:51',691,9,8,9,14),(7326,'2022-09-12 18:27:25',451,9,9,8,14),(7327,'2022-09-12 18:27:33',451,9,8,9,14),(7328,'2022-09-12 18:27:41',529,9,8,9,14),(7329,'2022-09-12 18:27:46',528,9,8,9,14),(7330,'2022-09-12 18:27:48',358,10,9,8,15),(7331,'2022-09-12 18:27:51',1480,9,8,9,14),(7332,'2022-09-12 18:27:54',356,10,9,8,15),(7333,'2022-09-12 18:28:01',357,10,9,8,15),(7334,'2022-09-12 18:29:14',541,10,8,9,15),(7335,'2022-09-12 18:30:04',524,10,8,9,15),(7336,'2022-09-12 18:30:32',177,9,9,8,14),(7337,'2022-09-12 18:30:38',180,9,9,8,14),(7338,'2022-09-12 18:30:55',438,10,8,9,15),(7339,'2022-09-12 18:31:05',441,10,8,9,15),(7340,'2022-09-12 18:31:19',634,9,8,9,14),(7341,'2022-09-12 18:34:33',496,10,8,9,15),(7342,'2022-09-12 18:35:18',486,10,8,9,15),(7343,'2022-09-12 18:35:55',1069,9,8,9,14),(7344,'2022-09-12 18:36:15',596,9,8,9,14),(7345,'2022-09-12 18:36:19',614,9,8,9,14),(7346,'2022-09-12 18:36:35',159,10,8,9,15),(7347,'2022-09-12 18:37:03',1062,9,8,9,14),(7348,'2022-09-12 18:37:13',643,9,8,9,14),(7349,'2022-09-12 18:40:15',764,9,8,9,14),(7350,'2022-09-12 18:40:50',90,9,9,8,14),(7351,'2022-09-12 18:40:54',90,9,8,9,14),(7352,'2022-09-12 18:40:58',1076,9,9,8,14),(7353,'2022-09-12 18:41:05',1076,9,8,9,14),(7354,'2022-09-12 18:41:09',1074,9,9,8,14),(7355,'2022-09-12 18:41:16',1074,9,8,9,14),(7356,'2022-09-12 18:41:27',780,9,8,9,14),(7357,'2022-09-12 18:41:41',776,9,8,9,14),(7358,'2022-09-12 18:42:20',694,10,8,9,15),(7359,'2022-09-12 18:43:46',680,10,8,9,15),(7360,'2022-09-12 18:44:53',559,9,9,8,14),(7361,'2022-09-12 18:44:58',555,9,9,8,14),(7362,'2022-09-12 18:45:03',1453,9,9,8,14),(7363,'2022-09-12 18:45:10',127,9,9,8,14),(7364,'2022-09-12 18:46:21',441,10,9,8,15),(7365,'2022-09-12 18:46:26',438,10,9,8,15),(7366,'2022-09-12 18:46:53',162,9,9,8,14),(7367,'2022-09-12 18:46:57',162,9,8,9,14),(7368,'2022-09-12 18:47:03',147,9,8,9,14),(7369,'2022-09-12 18:47:08',749,9,8,9,14),(7370,'2022-09-12 18:47:14',722,9,8,9,14),(7371,'2022-09-12 18:47:19',127,9,8,9,14),(7372,'2022-09-12 18:47:53',1041,9,8,9,14),(7373,'2022-09-12 18:47:56',1027,10,8,9,15),(7374,'2022-09-12 18:48:22',94,9,8,9,14),(7375,'2022-09-12 18:48:29',664,9,8,9,14),(7376,'2022-09-12 18:48:35',689,9,8,9,14),(7377,'2022-09-12 18:48:44',1054,10,8,9,15),(7378,'2022-09-12 18:48:58',445,10,9,8,15),(7379,'2022-09-12 18:51:09',445,10,8,9,15),(7380,'2022-09-12 18:52:24',621,10,9,8,15),(7381,'2022-09-12 18:53:41',322,10,8,9,15),(7382,'2022-09-12 18:53:56',398,10,9,8,15),(7383,'2022-09-12 18:54:48',1294,10,8,9,15),(7384,'2022-09-12 18:54:53',1295,10,8,9,15),(7385,'2022-09-12 18:55:13',739,9,9,8,14),(7386,'2022-09-12 18:56:09',1100,10,8,9,15),(7387,'2022-09-12 18:57:07',99,9,8,9,14),(7388,'2022-09-12 18:57:11',334,10,8,9,15),(7389,'2022-09-12 18:57:30',479,10,8,9,15),(7390,'2022-09-12 18:57:38',477,10,8,9,15),(7391,'2022-09-12 18:58:14',526,10,9,8,15),(7392,'2022-09-12 18:59:10',1292,9,8,9,14),(7393,'2022-09-12 18:59:17',1297,9,8,9,14),(7394,'2022-09-12 18:59:21',1299,9,8,9,14),(7395,'2022-09-12 18:59:27',328,9,9,8,14),(7396,'2022-09-12 18:59:31',328,9,8,9,14),(7397,'2022-09-12 19:00:02',130,9,8,9,14),(7398,'2022-09-12 19:00:18',132,9,8,9,14),(7399,'2022-09-12 19:00:19',398,10,8,9,15),(7400,'2022-09-12 19:00:53',428,10,8,9,15),(7401,'2022-09-12 19:02:26',718,9,8,9,14),(7402,'2022-09-12 19:03:02',554,10,8,9,15),(7403,'2022-09-12 19:03:15',453,10,8,9,15),(7404,'2022-09-12 19:03:20',1304,10,8,9,15),(7405,'2022-09-12 19:04:51',1069,9,9,8,14),(7406,'2022-09-12 19:04:57',1453,9,8,9,14),(7407,'2022-09-12 19:05:01',559,9,8,9,14),(7408,'2022-09-12 19:05:12',555,9,8,9,14),(7409,'2022-09-12 19:05:34',613,9,8,9,14),(7410,'2022-09-12 19:05:37',439,10,8,9,15),(7411,'2022-09-12 19:06:34',550,9,9,8,14),(7412,'2022-09-12 19:06:42',546,9,9,8,14),(7413,'2022-09-12 19:07:52',522,10,8,9,15),(7414,'2022-09-12 19:08:22',623,10,8,9,15),(7415,'2022-09-12 19:09:01',656,9,8,9,14),(7416,'2022-09-12 19:09:06',648,9,8,9,14),(7417,'2022-09-12 19:09:38',369,9,8,9,14),(7418,'2022-09-12 19:09:54',80,9,8,9,14),(7419,'2022-09-12 19:10:11',464,10,8,9,15),(7420,'2022-09-12 19:10:56',753,9,9,8,14),(7421,'2022-09-12 19:11:31',516,10,8,9,15),(7422,'2022-09-12 19:11:36',1465,10,8,9,15),(7423,'2022-09-12 19:12:48',761,9,8,9,14),(7424,'2022-09-12 19:13:05',111,9,8,9,14),(7425,'2022-09-12 19:13:25',602,9,8,9,14),(7426,'2022-09-12 19:13:45',526,10,8,9,15),(7427,'2022-09-12 19:14:58',606,10,8,9,15),(7428,'2022-09-12 19:15:25',656,9,9,8,14),(7429,'2022-09-12 19:16:14',739,9,8,9,14),(7430,'2022-09-12 19:16:22',614,9,9,8,14),(7431,'2022-09-12 19:16:28',596,9,9,8,14),(7432,'2022-09-12 19:16:43',1107,9,8,9,14),(7433,'2022-09-12 19:18:14',330,10,8,9,15),(7434,'2022-09-12 19:19:14',611,9,8,9,14),(7435,'2022-09-12 19:21:23',680,10,9,8,15),(7436,'2022-09-12 19:21:33',150,9,8,9,14),(7437,'2022-09-12 19:21:38',108,9,8,9,14),(7438,'2022-09-12 19:23:04',591,9,8,9,14),(7439,'2022-09-12 19:23:20',681,9,9,8,14),(7440,'2022-09-12 19:23:46',427,9,8,9,14),(7441,'2022-09-12 19:25:05',448,10,8,9,15),(7442,'2022-09-12 19:25:09',452,10,8,9,15),(7443,'2022-09-12 19:25:17',656,9,8,9,14),(7444,'2022-09-12 19:25:26',180,9,8,9,14),(7445,'2022-09-12 19:25:31',177,9,8,9,14),(7446,'2022-09-12 19:26:12',1224,10,8,9,15),(7447,'2022-09-12 19:26:30',891,9,8,9,14),(7448,'2022-09-12 19:26:33',621,10,8,9,15),(7449,'2022-09-12 19:27:32',647,9,9,8,14),(7450,'2022-09-12 19:27:32',1464,10,8,9,15),(7451,'2022-09-12 19:29:25',542,10,8,9,15),(7452,'2022-09-12 19:29:31',545,10,8,9,15),(7453,'2022-09-12 19:29:50',672,9,8,9,14),(7454,'2022-09-12 19:30:47',711,10,8,9,15),(7455,'2022-09-12 19:31:22',331,10,8,9,15),(7456,'2022-09-12 19:32:24',677,9,9,8,14),(7457,'2022-09-12 19:32:36',550,9,8,9,14),(7458,'2022-09-12 19:32:41',546,9,8,9,14),(7459,'2022-09-12 19:33:08',677,9,8,9,14),(7460,'2022-09-12 19:33:12',1093,9,9,8,14),(7461,'2022-09-12 19:33:18',129,9,9,8,14),(7462,'2022-09-12 19:33:42',715,9,8,9,14),(7463,'2022-09-12 19:33:48',447,10,8,9,15),(7464,'2022-09-12 19:33:54',719,10,8,9,15),(7465,'2022-09-12 19:34:26',157,10,9,8,15),(7466,'2022-09-12 19:34:44',1100,10,9,8,15),(7467,'2022-09-12 19:36:36',1224,10,9,8,15),(7468,'2022-09-12 19:37:12',337,9,8,9,14),(7469,'2022-09-12 19:37:20',673,9,8,9,14),(7470,'2022-09-12 19:38:27',107,10,8,9,15),(7471,'2022-09-12 19:38:38',1117,10,8,9,15),(7472,'2022-09-12 19:39:10',365,10,8,9,15),(7473,'2022-09-12 19:39:15',366,10,8,9,15),(7474,'2022-09-12 19:39:22',364,10,8,9,15),(7475,'2022-09-12 19:39:27',367,10,8,9,15),(7476,'2022-09-12 19:39:32',593,10,8,9,15),(7477,'2022-09-12 19:39:38',587,10,8,9,15),(7478,'2022-09-12 19:40:06',503,10,8,9,15),(7479,'2022-09-12 19:41:43',1452,10,8,9,15),(7480,'2022-09-12 19:41:49',495,10,8,9,15),(7481,'2022-09-12 19:41:53',492,10,8,9,15),(7482,'2022-09-12 19:41:59',574,10,8,9,15),(7483,'2022-09-12 19:42:49',1093,9,8,9,14),(7484,'2022-09-12 19:43:37',540,10,8,9,15),(7485,'2022-09-12 19:45:07',707,10,8,9,15),(7486,'2022-09-12 19:45:11',753,9,8,9,14),(7487,'2022-09-12 19:45:27',754,9,8,9,14),(7488,'2022-09-12 19:47:16',693,9,9,8,14),(7489,'2022-09-12 19:47:35',691,9,9,8,14),(7490,'2022-09-12 19:48:40',586,9,9,8,14),(7491,'2022-09-12 19:48:45',586,9,8,9,14),(7492,'2022-09-12 19:48:49',580,9,8,9,14),(7493,'2022-09-12 19:49:48',681,9,8,9,14),(7494,'2022-09-12 19:50:20',114,10,8,9,15),(7495,'2022-09-12 19:50:20',114,10,8,9,15),(7496,'2022-09-12 19:51:31',594,9,8,9,14),(7497,'2022-09-12 19:51:37',650,9,8,9,14),(7498,'2022-09-12 19:52:19',317,10,8,9,15),(7499,'2022-09-12 19:52:23',319,10,8,9,15),(7500,'2022-09-12 19:52:40',460,9,8,9,14),(7501,'2022-09-12 19:52:45',467,9,8,9,14),(7502,'2022-09-12 19:52:50',457,9,8,9,14),(7503,'2022-09-12 19:54:18',552,9,9,8,14),(7504,'2022-09-12 19:54:26',244,9,9,8,14),(7505,'2022-09-12 19:54:33',77,10,8,9,15),(7506,'2022-09-12 19:56:10',437,10,8,9,15),(7507,'2022-09-12 19:56:17',438,10,8,9,15),(7508,'2022-09-12 19:56:25',722,9,9,8,14),(7509,'2022-09-12 19:56:29',749,9,9,8,14),(7510,'2022-09-12 19:56:32',749,9,9,8,14),(7511,'2022-09-12 19:57:53',313,10,8,9,15),(7512,'2022-09-12 19:59:03',602,9,9,8,14),(7513,'2022-09-12 19:59:35',589,9,8,9,14),(7514,'2022-09-12 19:59:40',1453,9,9,8,14),(7515,'2022-09-12 19:59:46',559,9,9,8,14),(7516,'2022-09-12 20:00:10',726,10,9,8,14),(7517,'2022-09-12 20:00:18',726,10,8,9,14),(7518,'2022-09-12 20:00:26',531,10,8,9,14),(7519,'2022-09-12 20:01:12',396,9,9,8,14),(7520,'2022-09-12 20:01:44',596,9,8,9,14),(7521,'2022-09-12 20:01:49',614,9,8,9,14),(7522,'2022-09-12 20:01:55',602,9,8,9,14),(7523,'2022-09-12 20:02:02',139,9,8,9,14),(7524,'2022-09-12 20:02:08',155,9,8,9,14),(7525,'2022-09-12 20:02:48',722,9,8,9,14),(7526,'2022-09-12 20:02:54',749,9,8,9,14),(7527,'2022-09-12 20:03:15',763,9,8,9,14),(7528,'2022-09-12 20:03:17',444,10,8,9,14),(7529,'2022-09-12 20:04:16',831,9,8,9,14),(7530,'2022-09-12 20:04:35',684,9,8,9,14),(7531,'2022-09-12 20:04:40',102,10,8,9,14),(7532,'2022-09-12 20:04:48',120,10,8,9,14),(7533,'2022-09-12 20:05:32',693,9,8,9,14),(7534,'2022-09-12 20:05:37',691,9,8,9,14),(7535,'2022-09-12 20:06:29',527,10,9,8,14),(7536,'2022-09-12 20:07:00',777,9,8,9,14),(7537,'2022-09-12 20:07:05',755,9,8,9,14),(7538,'2022-09-12 20:07:13',630,10,8,9,14),(7539,'2022-09-12 20:07:21',1100,9,8,9,14),(7540,'2022-09-12 20:07:39',296,10,8,9,14),(7541,'2022-09-12 20:07:44',298,10,8,9,14),(7542,'2022-09-12 20:07:48',299,10,8,9,14),(7543,'2022-09-12 20:08:03',442,10,8,9,14),(7544,'2022-09-12 20:08:57',327,10,8,9,14),(7545,'2022-09-12 20:09:43',92,9,9,8,14),(7546,'2022-09-12 20:10:29',589,9,9,8,14),(7547,'2022-09-12 20:10:36',559,9,8,9,14),(7548,'2022-09-12 20:10:43',322,10,9,8,14),(7549,'2022-09-12 20:10:43',1453,9,8,9,14),(7550,'2022-09-12 20:10:51',589,9,8,9,14),(7551,'2022-09-12 20:11:00',86,10,8,9,14),(7552,'2022-09-12 20:11:48',1112,10,8,9,14),(7553,'2022-09-12 20:12:21',322,10,8,9,14),(7554,'2022-09-12 20:12:29',332,10,8,9,14),(7555,'2022-09-12 20:12:54',527,10,8,9,14),(7556,'2022-09-12 20:14:16',764,9,9,8,14),(7557,'2022-09-12 20:14:23',335,10,8,9,14),(7558,'2022-09-12 20:14:27',777,9,9,8,14),(7559,'2022-09-12 20:14:41',755,9,9,8,14),(7560,'2022-09-12 20:14:50',749,9,9,8,14),(7561,'2022-09-12 20:15:49',461,10,8,9,14),(7562,'2022-09-12 20:16:11',380,10,8,9,14),(7563,'2022-09-12 20:17:10',115,10,9,8,14),(7564,'2022-09-12 20:17:19',115,10,8,9,14),(7565,'2022-09-12 20:17:28',125,9,8,9,14),(7566,'2022-09-12 20:17:35',1098,9,8,9,14),(7567,'2022-09-12 20:18:00',1095,9,8,9,14),(7568,'2022-09-12 20:18:30',329,10,8,9,14),(7569,'2022-09-12 20:19:01',729,9,8,9,14),(7570,'2022-09-12 20:20:55',593,9,9,8,14),(7571,'2022-09-12 20:21:04',587,9,9,8,14),(7572,'2022-09-12 20:21:10',439,10,9,8,14),(7573,'2022-09-12 20:22:06',465,10,8,9,14),(7574,'2022-09-12 20:22:11',470,10,8,9,14),(7575,'2022-09-12 20:22:13',652,9,8,9,14),(7576,'2022-09-12 20:23:56',136,10,8,9,14),(7577,'2022-09-12 20:24:09',424,10,8,9,14),(7578,'2022-09-12 20:24:32',135,10,8,9,14),(7579,'2022-09-12 20:24:46',343,10,9,8,14),(7580,'2022-09-12 20:24:54',435,9,8,9,14),(7581,'2022-09-12 20:24:58',430,9,8,9,14),(7582,'2022-09-12 20:25:12',434,9,8,9,14),(7583,'2022-09-12 20:25:29',445,10,9,8,14),(7584,'2022-09-12 20:25:42',442,10,9,8,14),(7585,'2022-09-12 20:26:35',439,10,8,9,14),(7586,'2022-09-12 20:26:38',439,10,8,9,14),(7587,'2022-09-12 20:26:40',439,10,8,9,14),(7588,'2022-09-12 20:26:40',439,10,8,9,14),(7589,'2022-09-12 20:26:41',439,10,8,9,14),(7590,'2022-09-12 20:26:41',439,10,8,9,14),(7591,'2022-09-12 20:26:44',439,10,8,9,14),(7592,'2022-09-12 20:26:45',439,10,8,9,14),(7593,'2022-09-12 20:26:45',439,10,8,9,14),(7594,'2022-09-12 20:26:45',439,10,8,9,14),(7595,'2022-09-12 20:26:45',439,10,8,9,14),(7596,'2022-09-12 20:26:45',439,10,8,9,14),(7597,'2022-09-12 20:26:55',487,10,8,9,14),(7598,'2022-09-12 20:27:06',445,10,8,9,14),(7599,'2022-09-12 20:27:19',442,10,8,9,14),(7600,'2022-09-12 20:27:22',442,10,8,9,14),(7601,'2022-09-12 20:27:33',91,10,9,8,14),(7602,'2022-09-12 20:27:42',589,9,9,8,14),(7603,'2022-09-12 20:27:44',165,10,9,8,14),(7604,'2022-09-12 20:27:51',1453,9,9,8,14),(7605,'2022-09-12 20:27:58',559,9,9,8,14),(7606,'2022-09-12 20:28:23',121,9,8,9,14),(7607,'2022-09-12 20:30:05',443,10,8,9,14),(7608,'2022-09-12 20:31:04',706,10,8,9,14),(7609,'2022-09-12 20:31:06',336,9,8,9,14),(7610,'2022-09-12 20:31:19',368,9,8,9,14),(7611,'2022-09-12 20:31:42',1068,9,8,9,14),(7612,'2022-09-12 20:31:50',1106,9,8,9,14),(7613,'2022-09-12 20:32:01',749,9,8,9,14),(7614,'2022-09-12 20:33:34',396,9,8,9,14),(7615,'2022-09-12 20:38:02',343,10,8,9,14),(7616,'2022-09-12 20:39:17',424,10,9,8,14),(7617,'2022-09-12 20:39:35',589,9,8,9,14),(7618,'2022-09-12 20:39:41',1453,9,8,9,14),(7619,'2022-09-12 20:39:49',559,9,8,9,14),(7620,'2022-09-12 20:39:56',424,10,8,9,14),(7621,'2022-09-12 20:40:39',754,9,9,8,14),(7622,'2022-09-12 20:42:09',710,10,8,9,14),(7623,'2022-09-12 20:42:20',636,9,8,9,14),(7624,'2022-09-12 20:42:41',136,10,9,8,14),(7625,'2022-09-12 20:44:32',92,9,8,9,14),(7626,'2022-09-12 20:44:39',613,9,9,8,14),(7627,'2022-09-12 20:44:51',723,10,8,9,14),(7628,'2022-09-12 20:46:55',546,9,9,8,14),(7629,'2022-09-12 20:47:01',550,9,9,8,14),(7630,'2022-09-12 20:47:37',326,10,8,9,14),(7631,'2022-09-12 20:48:16',320,10,8,9,14),(7632,'2022-09-12 20:48:46',136,10,8,9,14),(7633,'2022-09-12 20:50:03',752,10,8,9,14),(7634,'2022-09-12 20:51:08',532,10,8,9,14),(7635,'2022-09-12 20:52:40',399,10,9,8,14),(7636,'2022-09-12 20:52:46',398,10,9,8,14),(7637,'2022-09-12 20:54:47',552,9,8,9,14),(7638,'2022-09-12 20:55:08',126,9,8,9,14),(7639,'2022-09-12 20:55:35',512,9,8,9,14),(7640,'2022-09-12 20:55:48',636,9,9,8,14),(7641,'2022-09-12 20:56:00',384,10,8,9,14),(7642,'2022-09-12 20:56:32',752,10,9,8,14),(7643,'2022-09-12 20:57:21',695,10,8,9,14),(7644,'2022-09-12 20:57:30',1124,9,8,9,14),(7645,'2022-09-12 20:57:36',702,10,8,9,14),(7646,'2022-09-12 20:59:06',733,9,9,8,14),(7647,'2022-09-12 21:00:30',516,10,9,8,14),(7648,'2022-09-12 21:00:35',1465,10,9,8,14),(7649,'2022-09-12 21:01:25',321,10,8,9,14),(7650,'2022-09-12 21:04:50',613,9,8,9,14),(7651,'2022-09-12 21:04:52',469,10,9,8,14),(7652,'2022-09-12 21:04:59',459,10,8,9,14),(7653,'2022-09-12 21:05:04',469,10,8,9,14),(7654,'2022-09-12 21:05:13',516,10,8,9,14),(7655,'2022-09-12 21:05:37',591,9,9,8,14),(7656,'2022-09-12 21:06:29',591,9,8,9,14),(7657,'2022-09-12 21:08:20',569,10,8,9,14),(7658,'2022-09-12 21:09:44',1119,9,8,9,14),(7659,'2022-09-12 21:11:06',1097,10,9,8,14),(7660,'2022-09-12 21:12:04',593,10,8,9,14),(7661,'2022-09-12 21:12:18',752,10,8,9,14),(7662,'2022-09-12 21:14:07',334,10,9,8,14),(7663,'2022-09-12 21:14:14',335,10,9,8,14),(7664,'2022-09-12 21:14:19',332,10,9,8,14),(7665,'2022-09-12 21:14:47',636,9,8,9,14),(7666,'2022-09-12 21:15:08',1094,10,8,9,14),(7667,'2022-09-12 21:17:11',399,10,8,9,14),(7668,'2022-09-12 21:17:16',398,10,8,9,14),(7669,'2022-09-12 21:18:11',275,9,8,9,14),(7670,'2022-09-12 21:18:16',273,9,8,9,14),(7671,'2022-09-12 21:18:30',271,9,8,9,14),(7672,'2022-09-12 21:19:38',548,9,9,8,14),(7673,'2022-09-12 21:20:07',618,10,8,9,14),(7674,'2022-09-12 21:21:22',546,10,8,9,14),(7675,'2022-09-12 21:21:23',367,10,9,8,14),(7676,'2022-09-12 21:21:29',365,10,9,8,14),(7677,'2022-09-12 21:21:32',550,10,8,9,14),(7678,'2022-09-12 21:21:35',364,10,9,8,14),(7679,'2022-09-12 21:21:42',366,10,9,8,14),(7680,'2022-09-12 21:22:10',1102,10,8,9,14),(7681,'2022-09-12 21:22:36',664,10,9,8,14),(7682,'2022-09-12 21:23:37',472,10,8,9,14),(7683,'2022-09-12 21:23:41',466,10,8,9,14),(7684,'2022-09-12 21:25:34',442,10,9,8,14),(7685,'2022-09-12 21:26:23',781,10,9,8,14),(7686,'2022-09-12 21:26:28',781,10,9,8,14),(7687,'2022-09-12 21:26:39',781,10,8,9,14),(7688,'2022-09-12 21:26:46',754,10,8,9,14),(7689,'2022-09-12 21:28:19',442,10,8,9,14),(7690,'2022-09-12 21:29:11',653,10,8,9,14),(7691,'2022-09-12 21:29:21',1300,10,8,9,14),(7692,'2022-09-12 21:30:38',446,10,9,8,14),(7693,'2022-09-12 21:31:11',91,10,8,9,14),(7694,'2022-09-12 21:31:28',1111,10,8,9,14),(7695,'2022-09-12 21:31:56',1028,10,8,9,14),(7696,'2022-09-12 21:33:00',833,10,9,8,14),(7697,'2022-09-12 21:35:02',356,10,8,9,14),(7698,'2022-09-12 21:35:07',358,10,8,9,14),(7699,'2022-09-12 21:35:11',359,10,8,9,14),(7700,'2022-09-12 21:35:17',833,10,8,9,14),(7701,'2022-09-12 21:38:30',717,10,8,9,14),(7702,'2022-09-12 21:38:47',710,10,9,8,14),(7703,'2022-09-12 21:39:00',1106,10,9,8,14),(7704,'2022-09-12 21:39:08',1068,10,9,8,14),(7705,'2022-09-12 21:40:40',1464,10,9,8,14),(7706,'2022-09-12 21:44:26',445,10,9,8,14),(7707,'2022-09-12 21:46:06',526,10,9,8,14),(7708,'2022-09-12 21:46:20',1081,10,8,9,14),(7709,'2022-09-12 21:46:31',1081,10,9,8,14),(7710,'2022-09-12 21:46:43',86,10,9,8,14),(7711,'2022-09-12 21:46:55',234,10,8,9,14),(7712,'2022-09-12 21:47:03',354,10,9,8,14),(7713,'2022-09-12 21:47:12',652,10,9,8,14),(7714,'2022-09-12 21:47:29',354,10,8,9,14),(7715,'2022-09-12 21:48:08',710,10,8,9,14),(7716,'2022-09-12 21:48:14',1094,10,9,8,14),(7717,'2022-09-12 21:48:24',627,10,8,9,14),(7718,'2022-09-12 21:49:25',625,10,8,9,14),(7719,'2022-09-12 21:51:02',317,10,9,8,14),(7720,'2022-09-12 21:51:11',319,10,9,8,14),(7721,'2022-09-12 21:52:03',1467,10,8,9,14),(7722,'2022-09-12 21:52:35',664,10,8,9,14),(7723,'2022-09-12 21:54:29',652,10,8,9,14),(7724,'2022-09-12 21:55:32',244,10,8,9,14),(7725,'2022-09-12 21:59:05',414,10,8,9,14),(7726,'2022-09-12 21:59:10',417,10,8,9,14),(7727,'2022-09-12 21:59:14',418,10,8,9,14),(7728,'2022-09-12 21:59:15',415,10,8,9,6),(7729,'2022-09-12 21:59:23',421,10,8,9,6),(7730,'2022-09-12 21:59:28',780,10,9,8,14),(7731,'2022-09-12 21:59:38',776,10,9,8,14),(7732,'2022-09-12 22:01:53',734,10,9,8,14),(7733,'2022-09-12 22:02:07',459,10,9,8,14),(7734,'2022-09-12 22:06:20',780,10,8,9,14),(7735,'2022-09-12 22:06:38',467,10,9,8,14),(7736,'2022-09-12 22:06:47',470,10,9,8,14),(7737,'2022-09-12 22:07:58',71,10,8,9,14),(7738,'2022-09-12 22:07:58',102,10,9,8,14),(7739,'2022-09-12 22:08:02',120,10,9,8,14),(7740,'2022-09-12 22:08:11',439,10,9,8,14),(7741,'2022-09-12 22:09:45',1028,10,9,8,14),(7742,'2022-09-12 22:11:18',679,10,8,9,14),(7743,'2022-09-12 22:11:27',687,10,8,9,14),(7744,'2022-09-12 22:11:46',740,10,8,9,14),(7745,'2022-09-12 22:13:22',439,10,8,9,14),(7746,'2022-09-12 22:13:35',766,10,8,9,14),(7747,'2022-09-12 22:14:41',698,10,8,9,14),(7748,'2022-09-12 22:16:01',1031,10,8,9,14),(7749,'2022-09-12 22:16:01',1031,10,8,9,14),(7750,'2022-09-12 22:17:23',79,10,8,9,14),(7751,'2022-09-12 22:18:59',70,10,8,9,14),(7752,'2022-09-12 22:19:00',70,10,8,9,14),(7753,'2022-09-12 22:19:08',777,10,8,9,14),(7754,'2022-09-12 22:19:41',611,10,9,8,14),(7755,'2022-09-12 22:20:55',416,10,8,9,14),(7756,'2022-09-12 22:21:05',81,10,8,9,14),(7757,'2022-09-12 22:22:28',713,10,8,9,14),(7758,'2022-09-12 22:22:43',533,10,8,9,14),(7759,'2022-09-12 22:23:46',330,10,9,8,14),(7760,'2022-09-12 22:26:19',1059,10,8,9,14),(7761,'2022-09-12 22:28:08',235,10,8,9,14),(7762,'2022-09-12 22:29:40',298,10,9,8,14),(7763,'2022-09-12 22:31:01',741,10,8,9,14),(7764,'2022-09-12 22:31:50',459,10,8,9,14),(7765,'2022-09-12 22:31:50',459,10,8,9,14),(7766,'2022-09-12 22:34:48',102,10,8,9,14),(7767,'2022-09-12 22:34:55',120,10,8,9,14),(7768,'2022-09-12 22:37:34',115,10,9,8,14),(7769,'2022-09-12 22:43:43',526,10,8,9,14),(7770,'2022-09-12 22:44:02',438,10,9,8,14),(7771,'2022-09-12 22:45:36',747,10,8,9,14),(7772,'2022-09-12 22:49:43',1062,10,9,8,14),(7773,'2022-09-12 22:50:08',142,10,9,8,14),(7774,'2022-09-12 22:51:02',338,10,8,9,14),(7775,'2022-09-12 22:51:14',438,10,8,9,14),(7776,'2022-09-12 22:56:08',90,10,9,8,14),(7777,'2022-09-12 22:56:09',90,10,9,8,14),(7778,'2022-09-12 22:57:53',395,10,9,8,14),(7779,'2022-09-12 23:00:58',90,10,8,9,14),(7780,'2022-09-12 23:04:05',154,10,8,9,14),(7781,'2022-09-12 23:05:42',1025,10,8,9,14),(7782,'2022-09-12 23:06:05',133,10,8,9,14),(7783,'2022-09-12 23:07:05',590,10,8,9,14),(7784,'2022-09-12 23:11:40',117,10,9,8,14),(7785,'2022-09-12 23:11:41',340,10,9,8,14),(7786,'2022-09-12 23:12:42',579,10,8,9,14),(7787,'2022-09-12 23:12:54',79,10,9,8,14),(7788,'2022-09-12 23:13:22',363,10,9,8,14),(7789,'2022-09-12 23:13:41',361,10,9,8,14),(7790,'2022-09-12 23:13:50',361,10,9,8,14),(7791,'2022-09-12 23:13:58',340,10,8,9,14),(7792,'2022-09-12 23:14:41',601,10,8,9,14),(7793,'2022-09-12 23:15:06',745,10,8,9,14),(7794,'2022-09-12 23:15:33',112,10,8,9,14),(7795,'2022-09-12 23:17:08',123,10,9,8,14),(7796,'2022-09-12 23:17:13',123,10,8,9,14),(7797,'2022-09-12 23:19:11',87,10,8,9,14),(7798,'2022-09-12 23:19:20',151,10,8,9,14),(7799,'2022-09-12 23:20:33',159,10,9,8,14),(7800,'2022-09-12 23:21:34',79,10,8,9,14),(7801,'2022-09-12 23:22:12',71,10,9,8,14),(7802,'2022-09-12 23:22:48',728,10,8,9,14),(7803,'2022-09-12 23:23:00',771,10,9,8,14),(7804,'2022-09-12 23:26:23',159,10,8,9,14),(7805,'2022-09-12 23:29:50',738,10,9,8,14),(7806,'2022-09-12 23:31:12',593,10,9,8,15),(7807,'2022-09-12 23:31:42',325,10,8,9,15),(7808,'2022-09-12 23:35:00',444,10,9,8,15),(7809,'2022-09-12 23:35:05',447,10,9,8,15),(7810,'2022-09-12 23:41:11',1058,10,8,9,15),(7811,'2022-09-12 23:41:54',516,10,9,8,15),(7812,'2022-09-12 23:55:46',516,10,8,9,15),(7813,'2022-09-12 23:55:55',1465,10,8,9,15),(7814,'2022-09-12 23:58:20',118,10,8,9,15),(7815,'2022-09-13 00:22:33',694,10,9,8,6);
/*!40000 ALTER TABLE `movements` ENABLE KEYS */;
UNLOCK TABLES;

--
-- Table structure for table `user`
--

DROP TABLE IF EXISTS `user`;
/*!40101 SET @saved_cs_client     = @@character_set_client */;
/*!50503 SET character_set_client = utf8mb4 */;
CREATE TABLE `user` (
  `id` int NOT NULL AUTO_INCREMENT,
  `username` varchar(255) CHARACTER SET utf8mb3 COLLATE utf8mb3_unicode_ci NOT NULL,
  `auth_key` varchar(32) CHARACTER SET utf8mb3 COLLATE utf8mb3_unicode_ci NOT NULL,
  `password_hash` varchar(255) CHARACTER SET utf8mb3 COLLATE utf8mb3_unicode_ci NOT NULL,
  `password_reset_token` varchar(255) CHARACTER SET utf8mb3 COLLATE utf8mb3_unicode_ci DEFAULT NULL,
  `displayName` varchar(255) DEFAULT NULL,
  `contact` int DEFAULT NULL,
  `email` varchar(255) CHARACTER SET utf8mb3 COLLATE utf8mb3_unicode_ci NOT NULL,
  `status` smallint NOT NULL DEFAULT '10',
  `created_at` int NOT NULL,
  `updated_at` int NOT NULL,
  `verification_token` varchar(255) CHARACTER SET utf8mb3 COLLATE utf8mb3_unicode_ci DEFAULT NULL,
  `idAccessPoint` int DEFAULT NULL,
  `currentEvent` int DEFAULT NULL,
  PRIMARY KEY (`id`),
  UNIQUE KEY `username` (`username`),
  UNIQUE KEY `email` (`email`),
  UNIQUE KEY `password_reset_token` (`password_reset_token`),
  KEY `fkIdx_110` (`idAccessPoint`),
  KEY `fkIdx_123` (`currentEvent`),
  CONSTRAINT `FK_110` FOREIGN KEY (`idAccessPoint`) REFERENCES `accesspoints` (`id`),
  CONSTRAINT `FK_123` FOREIGN KEY (`currentEvent`) REFERENCES `events` (`id`)
) ENGINE=InnoDB AUTO_INCREMENT=16 DEFAULT CHARSET=latin1;
/*!40101 SET character_set_client = @saved_cs_client */;

--
-- Dumping data for table `user`
--

LOCK TABLES `user` WRITE;
/*!40000 ALTER TABLE `user` DISABLE KEYS */;
INSERT INTO `user` VALUES (1,'admin','zUEZ7wXr4WPuSe707hhCKZo2z-Etl5av','$2y$13$GU3M0fRAY0SoNhWXp9kok.JSgD8EiwARoy.s.YHsABzcgjsRsllsW',NULL,'Administrador',NULL,'admin@admin.com',10,1606230744,1662397741,'nOZ6B9wHjX78tqOAPYW14msLVxLOgcDp_1606230744',9,4),(2,'gocas','LjFtD7jWguD8uhB_GFeEJjmS7HroS7qe','$2y$13$zZAhSuTHxFiaAtMreVuOuO3Z8ycuFK8exGLy/rwOGo5IJcMbPGXh.',NULL,'gocas',NULL,'gocas@gocas.gocas',10,1646778532,1660268620,'0f61wuhtJ7AmIttsv-H-50hzdvY80NhA_1646778532',NULL,NULL),(3,'burro','lbHO12mjP5ZQSRiVESqNG8TjsmVXDZhE','$2y$13$FELDZ9/MPsmA5uHNtLF50.8lcRrIiFq0P6v37rMRSPB8fLOSurKG.',NULL,'Burro',NULL,'burro@burro.pt',0,1659124153,1660268518,'QzCxSyFJfUMbeNJlpPz3o6RSXzpYLngd_1659124153',5,3),(4,'paulo','SdbFzrreUwULNPWO7P2TnX45gQQOev1M','$2y$13$EIupUsquaJwcRSxnFEuPjec6hYL42jqRz5oew3IoIPt1bxLa0g.dG',NULL,'Paulo Maçãs',NULL,'andretax4@gmail.com',10,1660264955,1660269966,'lUzgN8lGw1-MgsrQaiWxKv_Ae_E68-zq_1660264955',9,4),(6,'gocaspro13','nShLt3ajyziqC_rsrZK44JEpkYxbGr6r','$2y$13$ytqo7J8O7urYCARsVyq56uind8QcEPRfc5PCRKcIQyjJOdBVdekLG',NULL,'Gonçalo Gaspar',927070254,'goncalorg@outlook.pt',10,1660265527,1662845608,'_qrsHlV2tatAEsPZPV0YDzNJ7I_TPNak_1660265527',10,4),(9,'fesmonte','-KWWAOwkAugdPlqgCJZgkEidSbb99U-o','$2y$13$WNJiVQ8.8Q21w4VVa/s7le1rOc038HG4cnmkUmKK71kmiz8x9ToL.',NULL,'Fesmonte',NULL,'fesmonte@gmail.com',10,1660270928,1660907424,'GdwpZtDHS6n_3UkPcL6T0e339GDdFYyg_1660270928',9,4),(10,'paulo.gaspar','n0U0VYgJ3AwbYPRHSidJFmQJG5MZJbNN','$2y$13$k5jRrU6CBzoc.z8ItEwBuu1mbJIWp/5pN.DNaVK2cVzySM6bM1.De',NULL,'Paulo Gaspar',NULL,'pauloapgaspar@sapo.pt',10,1660772054,1660775752,'jD7Kr4160ok9RlQGJEd9pcZuOVpMyp-h_1660772054',9,4),(11,'porteiro','tVsj9DjA752-Hnw6D6sESTlmjA54usnz','$2y$13$yecbsnjQ851ziMDvBLXxnuiI.12pcNV4JUMHjqC9JvUsM.FO2KRPi',NULL,'EventusGest',927070254,'eventusgest@gmail.com',10,1660776270,1660776482,'hX3sXErf5ABUzDcmo_xT5dEJq35yYADo_1660776270',3,3),(12,'porteiro2','hmc9SIeMBmCxDFRZxIxbHoWuWYIPVQKD','$2y$13$s8eze22wxYnD3jxnRfODFewngX.nRRrCgAMRC.G1BVSyV6L.jGfCS',NULL,'Porteiro Fesmonte 2022',NULL,'testes@sdf.pt',10,1662495041,1662651476,'mNKtGAjvggu_d3E-PVy87C2BnzPKvZxT_1662495041',9,4),(13,'seguranca2','NL7rt-eUsZZBXKfssJD58kFAgIkIklX9','$2y$13$0nTv.qq80LPht3CVMVx1vuuWeyKI/43ojfogu6NO9nZOJvL0UtYuy',NULL,NULL,NULL,'Emaildjrjjr@dhdjf.jej',0,1662639818,1662651478,'F3r3z9cU8t1ioT8MfsB2Lb8oG236ttHE_1662639818',NULL,NULL),(14,'segurancadois','AXSRcmvmIoB9cuBSyzEQg9Qy7MKnSy6x','$2y$13$u4zNiwE58NSMCGC1A8Cq1uqS.xRX58t361QC.GoqMgbNKAxN2fxsm',NULL,'Segurança Poente',NULL,'segurancadois@email.pt',10,1662651510,1663009200,'lLC4x22YtXNpkY4jQU4qL6S5PpvqRbTn_1662651510',10,4),(15,'segurancaum','zmumZ6J5peauiJ6uYKJzUlURvHSswRLU','$2y$13$dz/7CoH4jXVGwLiz1SATb.UYNJr/MSOeWm2NYBuHk3JsXFZgpy9.6',NULL,'Segurança nascente',NULL,'segurancaum@email.pt',10,1662651544,1662834424,'QeDXc-v6OpAuTtn4nbxK0MNt-1w8bMc9_1662651544',10,4);
/*!40000 ALTER TABLE `user` ENABLE KEYS */;
UNLOCK TABLES;
/*!40103 SET TIME_ZONE=@OLD_TIME_ZONE */;

/*!40101 SET SQL_MODE=@OLD_SQL_MODE */;
/*!40014 SET FOREIGN_KEY_CHECKS=@OLD_FOREIGN_KEY_CHECKS */;
/*!40014 SET UNIQUE_CHECKS=@OLD_UNIQUE_CHECKS */;
/*!40101 SET CHARACTER_SET_CLIENT=@OLD_CHARACTER_SET_CLIENT */;
/*!40101 SET CHARACTER_SET_RESULTS=@OLD_CHARACTER_SET_RESULTS */;
/*!40101 SET COLLATION_CONNECTION=@OLD_COLLATION_CONNECTION */;
/*!40111 SET SQL_NOTES=@OLD_SQL_NOTES */;

-- Dump completed on 2022-09-13 16:44:23
